{"stats":{"minecraft:used":{"minecraft:oak_fence":39,"minecraft:stone_sword":31,"minecraft:flint_and_steel":7,"minecraft:spruce_slab":7,"minecraft:oak_planks":144,"minecraft:oak_sign":25,"minecraft:spruce_planks":16,"minecraft:wooden_pickaxe":12,"minecraft:stone":8,"minecraft:black_shulker_box":2,"minecraft:redstone_block":7,"minecraft:oak_leaves":1,"minecraft:dirt":29,"minecraft:red_nether_brick_slab":7,"minecraft:mutton":4,"minecraft:oak_slab":319,"minecraft:crafting_table":7,"d_remake_mod:espada_belica":1,"minecraft:azure_bluet":1,"minecraft:creeper_spawn_egg":2,"minecraft:wooden_axe":38,"minecraft:bricks":9,"minecraft:grass_block":222,"minecraft:barrier":6,"nethertitan:pared_de_tierra_dungeon_hormigas_spawn_egg":1,"minecraft:dark_oak_slab":14,"minecraft:gravel":2,"minecraft:flowering_azalea_leaves":2,"minecraft:stone_axe":30,"minecraft:cobblestone":2,"minecraft:azalea_leaves":24,"minecraft:cooked_beef":17,"minecraft:dandelion":1},"minecraft:picked_up":{"minecraft:crafting_table":6,"d_remake_mod:fogata":2,"minecraft:azure_bluet":1,"minecraft:cooked_beef":110,"nethertitan:arambulo_pata_3":15,"minecraft:oak_log":36,"minecraft:dirt":27,"minecraft:moss_carpet":1,"minecraft:oak_sign":4,"minecraft:wheat_seeds":2,"minecraft:azalea":5,"minecraft:flowering_azalea":1,"minecraft:stick":5,"minecraft:dandelion":1,"minecraft:stone_sword":1,"minecraft:gray_wool":1,"minecraft:oak_sapling":2,"minecraft:mutton":4,"minecraft:bricks":7,"minecraft:white_wool":1,"minecraft:cobblestone":6},"minecraft:killed_by":{"nethertitan:arambulo":1,"minecraft:player":16},"minecraft:crafted":{"minecraft:oak_planks":124,"minecraft:oak_sign":21,"minecraft:crafting_table":3,"minecraft:wooden_pickaxe":2,"minecraft:stone_axe":1,"minecraft:air":0,"minecraft:stick":56,"minecraft:iron_ingot":5,"minecraft:wooden_axe":3},"minecraft:mined":{"minecraft:powder_snow":5,"minecraft:crafting_table":6,"minecraft:grass_block":10,"minecraft:tall_grass":2,"minecraft:bricks":8,"d_remake_mod:fogata":1,"minecraft:azure_bluet":1,"minecraft:grass":12,"minecraft:oak_log":36,"minecraft:flowering_azalea_leaves":4,"minecraft:oak_sign":4,"minecraft:dirt":17,"minecraft:azalea_leaves":23,"minecraft:stone":4,"minecraft:oak_leaves":2},"minecraft:custom":{"minecraft:interact_with_furnace":4,"minecraft:mob_kills":7,"minecraft:interact_with_crafting_table":8,"minecraft:open_shulker_box":18,"minecraft:leave_game":14,"minecraft:time_since_death":270,"minecraft:climb_one_cm":3990,"minecraft:time_since_rest":603,"minecraft:sprint_one_cm":613120,"minecraft:damage_taken":17937,"minecraft:walk_one_cm":569693,"minecraft:drop":11,"minecraft:damage_dealt":4746,"minecraft:damage_dealt_absorbed":41,"minecraft:swim_one_cm":4144,"minecraft:talked_to_villager":47,"minecraft:fly_one_cm":1049679,"minecraft:player_kills":11,"minecraft:open_chest":5,"minecraft:crouch_one_cm":39876,"minecraft:play_time":237853,"minecraft:deaths":40,"minecraft:sneak_time":14622,"minecraft:walk_under_water_one_cm":7875,"minecraft:jump":3073,"minecraft:walk_on_water_one_cm":9407,"minecraft:total_world_time":237853,"minecraft:fall_one_cm":223037},"minecraft:dropped":{"minecraft:iron_ingot":5,"minecraft:wheat_seeds":1,"minecraft:cooked_beef":120,"nethertitan:arambulo_pata_3":15,"d_remake_mod:fogata":1},"minecraft:killed":{"minecraft:sheep":2,"minecraft:villager":5}},"DataVersion":2975}