{"stats":{"minecraft:dropped":{"minecraft:wheat_seeds":1,"minecraft:cooked_beef":120,"d_remake_mod:fogata":1},"minecraft:mined":{"d_remake_mod:fogata":1,"minecraft:powder_snow":1,"minecraft:crafting_table":1,"minecraft:grass_block":1,"minecraft:oak_log":3,"minecraft:tall_grass":1,"minecraft:azalea_leaves":8,"minecraft:bricks":8},"minecraft:custom":{"minecraft:time_since_rest":11954,"minecraft:sprint_one_cm":78816,"minecraft:damage_taken":9545,"minecraft:walk_one_cm":74540,"minecraft:drop":8,"minecraft:swim_one_cm":1682,"minecraft:interact_with_crafting_table":2,"minecraft:fly_one_cm":392159,"minecraft:crouch_one_cm":13020,"minecraft:play_time":44327,"minecraft:deaths":12,"minecraft:sneak_time":3727,"minecraft:walk_under_water_one_cm":662,"minecraft:jump":687,"minecraft:leave_game":3,"minecraft:walk_on_water_one_cm":4099,"minecraft:time_since_death":11952,"minecraft:climb_one_cm":1178,"minecraft:total_world_time":44327,"minecraft:fall_one_cm":119390},"minecraft:crafted":{"minecraft:oak_planks":12,"minecraft:crafting_table":1,"minecraft:stick":4,"minecraft:wooden_pickaxe":1,"minecraft:wooden_axe":1},"minecraft:picked_up":{"minecraft:crafting_table":1,"d_remake_mod:fogata":2,"minecraft:cooked_beef":90,"minecraft:oak_log":3,"minecraft:dirt":1,"minecraft:wheat_seeds":1,"minecraft:bricks":7},"minecraft:used":{"minecraft:wooden_axe":1,"minecraft:bricks":3,"minecraft:wooden_pickaxe":8,"minecraft:dirt":1,"minecraft:crafting_table":1,"minecraft:cooked_beef":7},"minecraft:killed_by":{"nethertitan:arambulo":1}},"DataVersion":2975}