{"stats":{"minecraft:used":{"minecraft:oak_fence":39,"minecraft:stone_sword":31,"minecraft:flint_and_steel":7,"minecraft:spruce_slab":7,"minecraft:oak_planks":141,"minecraft:oak_sign":1,"minecraft:spruce_planks":16,"minecraft:wooden_pickaxe":12,"minecraft:black_shulker_box":2,"minecraft:stone":8,"minecraft:redstone_block":7,"minecraft:oak_leaves":1,"minecraft:dirt":25,"minecraft:red_nether_brick_slab":7,"minecraft:mutton":4,"minecraft:oak_slab":319,"minecraft:crafting_table":5,"d_remake_mod:espada_belica":1,"minecraft:creeper_spawn_egg":2,"minecraft:wooden_axe":9,"minecraft:bricks":9,"minecraft:grass_block":222,"minecraft:barrier":6,"nethertitan:pared_de_tierra_dungeon_hormigas_spawn_egg":1,"minecraft:dark_oak_slab":14,"minecraft:gravel":2,"minecraft:flowering_azalea_leaves":2,"minecraft:stone_axe":30,"minecraft:cobblestone":2,"minecraft:azalea_leaves":24,"minecraft:cooked_beef":9,"minecraft:dandelion":1},"minecraft:killed":{"minecraft:sheep":2,"minecraft:villager":4},"minecraft:crafted":{"minecraft:oak_planks":64,"minecraft:oak_sign":3,"minecraft:crafting_table":3,"minecraft:wooden_pickaxe":2,"minecraft:stone_axe":1,"minecraft:air":0,"minecraft:stick":16,"minecraft:iron_ingot":5,"minecraft:wooden_axe":3},"minecraft:custom":{"minecraft:interact_with_furnace":4,"minecraft:mob_kills":6,"minecraft:interact_with_crafting_table":7,"minecraft:open_shulker_box":3,"minecraft:leave_game":7,"minecraft:time_since_death":3905,"minecraft:climb_one_cm":2687,"minecraft:time_since_rest":3911,"minecraft:sprint_one_cm":299700,"minecraft:damage_taken":16811,"minecraft:walk_one_cm":385058,"minecraft:drop":9,"minecraft:damage_dealt":4215,"minecraft:damage_dealt_absorbed":41,"minecraft:swim_one_cm":4144,"minecraft:talked_to_villager":31,"minecraft:fly_one_cm":980132,"minecraft:player_kills":11,"minecraft:crouch_one_cm":34464,"minecraft:play_time":186618,"minecraft:deaths":37,"minecraft:sneak_time":14062,"minecraft:walk_under_water_one_cm":7875,"minecraft:jump":2742,"minecraft:walk_on_water_one_cm":6527,"minecraft:total_world_time":186618,"minecraft:fall_one_cm":204894},"minecraft:dropped":{"minecraft:iron_ingot":5,"minecraft:wheat_seeds":1,"minecraft:cooked_beef":120,"d_remake_mod:fogata":1},"minecraft:killed_by":{"nethertitan:arambulo":1,"minecraft:player":15},"minecraft:mined":{"minecraft:powder_snow":1,"minecraft:crafting_table":5,"minecraft:grass_block":9,"minecraft:tall_grass":2,"minecraft:bricks":8,"d_remake_mod:fogata":1,"minecraft:grass":10,"minecraft:oak_log":21,"minecraft:oak_sign":1,"minecraft:flowering_azalea_leaves":3,"minecraft:dirt":17,"minecraft:azalea_leaves":20,"minecraft:stone":4,"minecraft:oak_leaves":2},"minecraft:picked_up":{"minecraft:crafting_table":5,"d_remake_mod:fogata":2,"minecraft:cooked_beef":92,"minecraft:oak_log":21,"minecraft:dirt":26,"minecraft:moss_carpet":1,"minecraft:oak_sign":1,"minecraft:wheat_seeds":2,"minecraft:azalea":5,"minecraft:flowering_azalea":1,"minecraft:stick":4,"minecraft:dandelion":1,"minecraft:stone_sword":1,"minecraft:gray_wool":1,"minecraft:oak_sapling":2,"minecraft:mutton":4,"minecraft:bricks":7,"minecraft:white_wool":1,"minecraft:cobblestone":6}},"DataVersion":2975}