{"stats":{"minecraft:used":{"minecraft:oak_fence":39,"minecraft:stone_sword":31,"minecraft:flint_and_steel":7,"minecraft:spruce_slab":7,"minecraft:oak_planks":141,"minecraft:spruce_planks":16,"minecraft:wooden_pickaxe":12,"minecraft:black_shulker_box":2,"minecraft:stone":8,"minecraft:redstone_block":7,"minecraft:oak_leaves":1,"minecraft:dirt":6,"minecraft:red_nether_brick_slab":7,"minecraft:mutton":4,"minecraft:oak_slab":319,"minecraft:crafting_table":3,"d_remake_mod:espada_belica":1,"minecraft:creeper_spawn_egg":2,"minecraft:wooden_axe":8,"minecraft:bricks":9,"minecraft:grass_block":222,"minecraft:barrier":6,"nethertitan:pared_de_tierra_dungeon_hormigas_spawn_egg":1,"minecraft:dark_oak_slab":14,"minecraft:gravel":2,"minecraft:flowering_azalea_leaves":2,"minecraft:stone_axe":30,"minecraft:azalea_leaves":24,"minecraft:cooked_beef":7,"minecraft:dandelion":1},"minecraft:killed":{"minecraft:sheep":2,"minecraft:villager":4},"minecraft:crafted":{"minecraft:oak_planks":48,"minecraft:crafting_table":2,"minecraft:wooden_pickaxe":2,"minecraft:stone_axe":1,"minecraft:stick":12,"minecraft:wooden_axe":2},"minecraft:custom":{"minecraft:mob_kills":6,"minecraft:interact_with_crafting_table":6,"minecraft:open_shulker_box":3,"minecraft:leave_game":7,"minecraft:time_since_death":4239,"minecraft:climb_one_cm":1929,"minecraft:time_since_rest":4246,"minecraft:sprint_one_cm":250930,"minecraft:damage_taken":15821,"minecraft:walk_one_cm":313440,"minecraft:drop":8,"minecraft:damage_dealt":4177,"minecraft:damage_dealt_absorbed":41,"minecraft:swim_one_cm":1682,"minecraft:talked_to_villager":20,"minecraft:fly_one_cm":870673,"minecraft:player_kills":11,"minecraft:crouch_one_cm":31031,"minecraft:play_time":162618,"minecraft:deaths":35,"minecraft:sneak_time":11213,"minecraft:walk_under_water_one_cm":5563,"minecraft:jump":2279,"minecraft:walk_on_water_one_cm":4745,"minecraft:total_world_time":162618,"minecraft:fall_one_cm":189046},"minecraft:dropped":{"minecraft:wheat_seeds":1,"minecraft:cooked_beef":120,"d_remake_mod:fogata":1},"minecraft:killed_by":{"nethertitan:arambulo":1,"minecraft:player":14},"minecraft:mined":{"minecraft:powder_snow":1,"minecraft:crafting_table":3,"minecraft:grass_block":2,"minecraft:tall_grass":2,"minecraft:bricks":8,"d_remake_mod:fogata":1,"minecraft:grass":10,"minecraft:oak_log":17,"minecraft:flowering_azalea_leaves":3,"minecraft:dirt":2,"minecraft:azalea_leaves":20,"minecraft:stone":4},"minecraft:picked_up":{"minecraft:crafting_table":3,"d_remake_mod:fogata":2,"minecraft:cooked_beef":90,"minecraft:oak_log":17,"minecraft:dirt":4,"minecraft:moss_carpet":1,"minecraft:wheat_seeds":2,"minecraft:azalea":5,"minecraft:flowering_azalea":1,"minecraft:stick":4,"minecraft:dandelion":1,"minecraft:stone_sword":1,"minecraft:gray_wool":1,"minecraft:oak_sapling":2,"minecraft:mutton":4,"minecraft:bricks":7,"minecraft:white_wool":1,"minecraft:cobblestone":4}},"DataVersion":2975}