{"stats":{"minecraft:killed_by":{"minecraft:zombie":1},"minecraft:custom":{"minecraft:time_since_rest":29788,"minecraft:sprint_one_cm":22701,"minecraft:damage_taken":425,"minecraft:walk_one_cm":19533,"minecraft:mob_kills":1,"minecraft:drop":1,"minecraft:damage_dealt":100,"minecraft:interact_with_crafting_table":2,"minecraft:swim_one_cm":268,"minecraft:fly_one_cm":260369,"minecraft:crouch_one_cm":5203,"minecraft:play_time":33130,"minecraft:deaths":1,"minecraft:sneak_time":2543,"minecraft:walk_under_water_one_cm":61,"minecraft:jump":312,"minecraft:leave_game":4,"minecraft:time_since_death":25059,"minecraft:walk_on_water_one_cm":341,"minecraft:total_world_time":33130,"minecraft:fall_one_cm":5943},"minecraft:mined":{"minecraft:birch_leaves":2,"minecraft:crafting_table":1,"minecraft:grass":1,"minecraft:oak_log":6,"minecraft:grass_block":1,"minecraft:coal_ore":2,"minecraft:stone":18,"minecraft:oak_leaves":10},"minecraft:dropped":{"minecraft:oak_sapling":1},"minecraft:used":{"minecraft:wooden_pickaxe":20,"minecraft:dirt":1,"minecraft:beef":1,"minecraft:crafting_table":2},"minecraft:killed":{"minecraft:cow":1},"minecraft:picked_up":{"minecraft:crafting_table":1,"minecraft:leather":1,"minecraft:oak_log":6,"minecraft:dirt":1,"minecraft:beef":3,"minecraft:oak_sapling":1,"minecraft:coal":2,"minecraft:cobblestone":18},"minecraft:crafted":{"minecraft:oak_planks":24,"minecraft:crafting_table":1,"minecraft:stick":12,"minecraft:wooden_pickaxe":1,"minecraft:stone_pickaxe":1,"minecraft:stone_axe":1}},"DataVersion":2975}