{"stats":{"minecraft:dropped":{"minecraft:oak_sapling":1,"minecraft:wooden_pickaxe":1},"minecraft:killed":{"minecraft:zombie":5,"minecraft:cow":1},"minecraft:mined":{"minecraft:furnace":1,"minecraft:birch_leaves":2,"minecraft:crafting_table":3,"minecraft:grass":1,"minecraft:grass_block":1,"minecraft:oak_log":17,"minecraft:coal_ore":19,"minecraft:stone":27,"minecraft:oak_leaves":14},"minecraft:custom":{"minecraft:time_since_rest":47302,"minecraft:interact_with_furnace":3,"minecraft:sprint_one_cm":41988,"minecraft:damage_taken":525,"minecraft:walk_one_cm":34138,"minecraft:mob_kills":6,"minecraft:drop":2,"minecraft:damage_dealt":1190,"minecraft:swim_one_cm":268,"minecraft:interact_with_crafting_table":3,"minecraft:fly_one_cm":293222,"minecraft:crouch_one_cm":6921,"minecraft:play_time":50644,"minecraft:deaths":1,"minecraft:sneak_time":3151,"minecraft:walk_under_water_one_cm":61,"minecraft:jump":493,"minecraft:leave_game":7,"minecraft:time_since_death":42573,"minecraft:walk_on_water_one_cm":341,"minecraft:total_world_time":50644,"minecraft:fall_one_cm":11332},"minecraft:picked_up":{"minecraft:crafting_table":3,"minecraft:leather":1,"minecraft:oak_log":17,"minecraft:dirt":1,"minecraft:rotten_flesh":2,"minecraft:beef":3,"minecraft:oak_sapling":1,"minecraft:coal":20,"minecraft:cobblestone":27,"minecraft:furnace":1},"minecraft:crafted":{"minecraft:cooked_beef":2,"minecraft:oak_planks":68,"minecraft:crafting_table":1,"minecraft:stick":12,"minecraft:wooden_pickaxe":1,"minecraft:stone_pickaxe":1,"minecraft:furnace":1,"minecraft:stone_axe":1,"minecraft:air":0},"minecraft:used":{"minecraft:stone_pickaxe":27,"minecraft:wooden_pickaxe":20,"minecraft:rotten_flesh":2,"minecraft:stone_axe":28,"minecraft:dirt":1,"minecraft:beef":1,"minecraft:crafting_table":3,"minecraft:furnace":1,"minecraft:cooked_beef":2},"minecraft:killed_by":{"minecraft:zombie":1}},"DataVersion":2975}