{"stats":{"minecraft:broken":{"minecraft:iron_boots":1,"minecraft:iron_helmet":1,"minecraft:iron_chestplate":1,"minecraft:iron_leggings":1},"minecraft:killed_by":{"minecraft:creeper":26},"minecraft:used":{"minecraft:spider_spawn_egg":1,"minecraft:netherite_sword":1,"minecraft:moss_carpet":1,"minecraft:water_bucket":3,"minecraft:writable_book":10,"espada_celestial:espada_celestial":64,"minecraft:flint_and_steel":6,"minecraft:jungle_fence":7,"minecraft:ladder":1,"minecraft:mossy_stone_brick_stairs":1,"minecraft:stone":60,"minecraft:redstone_block":17,"minecraft:warped_sign":10,"minecraft:grass":2,"minecraft:mossy_stone_brick_slab":35,"minecraft:golden_apple":52,"minecraft:torch":1,"minecraft:dirt":7,"minecraft:light_blue_concrete":2,"minecraft:oak_slab":12,"nethertitan:arambulo_verde_spawn_egg":9,"nethertitan:arambulo_morado_spawn_egg":16,"minecraft:obsidian":44,"minecraft:creeper_spawn_egg":177,"minecraft:oak_log":5,"minecraft:bricks":64,"minecraft:command_block":8,"minecraft:grass_block":87,"minecraft:deepslate":3,"minecraft:totem_of_undying":50,"minecraft:flowering_azalea_leaves":2,"minecraft:tall_grass":1,"minecraft:diamond_sword":2,"minecraft:cobblestone":8,"minecraft:azalea_leaves":21,"minecraft:end_crystal":188,"minecraft:oak_sapling":1,"d_remake_mod:fogata":2,"minecraft:andesite":3,"minecraft:bucket":2,"minecraft:husk_spawn_egg":4},"minecraft:killed":{"minecraft:spider":1,"minecraft:creeper":16,"minecraft:zombie":1,"nethertitan:arambulo_morado":1},"minecraft:custom":{"minecraft:mob_kills":19,"minecraft:interact_with_crafting_table":5,"minecraft:leave_game":8,"minecraft:time_since_death":6255,"minecraft:climb_one_cm":11278,"minecraft:time_since_rest":6263,"minecraft:sprint_one_cm":273923,"minecraft:damage_taken":26974,"minecraft:walk_one_cm":230834,"minecraft:damage_absorbed":2788,"minecraft:drop":124,"minecraft:damage_dealt":5846,"minecraft:swim_one_cm":591,"minecraft:damage_dealt_absorbed":6,"minecraft:fly_one_cm":1000570,"minecraft:player_kills":1,"minecraft:open_chest":5,"minecraft:crouch_one_cm":2910,"minecraft:play_time":327678,"minecraft:deaths":41,"minecraft:sneak_time":4335,"minecraft:walk_under_water_one_cm":1453,"minecraft:jump":1828,"minecraft:walk_on_water_one_cm":5799,"minecraft:total_world_time":327678,"minecraft:fall_one_cm":79485},"minecraft:mined":{"minecraft:fire":3,"minecraft:grass":2,"minecraft:oak_leaves":2},"minecraft:picked_up":{"minecraft:netherite_boots":1,"minecraft:iron_chestplate":2,"minecraft:azure_bluet":1,"minecraft:cooked_beef":30,"minecraft:creeper_head":5,"nethertitan:arambulo_pata_3":3,"minecraft:oak_log":27,"minecraft:gunpowder":19,"minecraft:dirt":16,"minecraft:string":2,"minecraft:iron_leggings":1,"minecraft:apple":1,"minecraft:wheat_seeds":1,"minecraft:cobbled_deepslate":1,"minecraft:iron_ingot":80,"minecraft:stone_pickaxe":2,"minecraft:iron_pickaxe":2,"minecraft:azalea_leaves":2,"minecraft:iron_sword":2,"minecraft:iron_boots":2,"minecraft:furnace":3,"minecraft:raw_iron":3,"minecraft:torch":7,"minecraft:netherite_helmet":1,"minecraft:rotten_flesh":1,"minecraft:diamond":12,"minecraft:stone_axe":1,"minecraft:iron_helmet":2,"minecraft:hay_block":2,"minecraft:golden_apple":5,"minecraft:totem_of_undying":1,"minecraft:brick_stairs":1,"minecraft:oak_sapling":1,"minecraft:bricks":3,"minecraft:coal":82,"minecraft:white_wool":1,"minecraft:cobblestone":95},"minecraft:dropped":{"minecraft:iron_ingot":32,"minecraft:furnace":3,"minecraft:iron_sword":2,"minecraft:stone_axe":1,"minecraft:wheat_seeds":1,"minecraft:cooked_beef":62,"minecraft:oak_log":1,"minecraft:baked_potato":32,"minecraft:netherite_helmet":2,"minecraft:netherite_chestplate":1,"minecraft:obsidian":181,"minecraft:raw_iron":3,"minecraft:iron_helmet":2,"minecraft:cobblestone":2,"minecraft:iron_boots":2,"minecraft:totem_of_undying":10,"minecraft:coal":82,"minecraft:golden_apple":46,"minecraft:netherite_leggings":2,"minecraft:dirt":1,"minecraft:shield":2,"minecraft:gunpowder":7,"minecraft:azalea_leaves":4,"minecraft:torch":16,"minecraft:iron_chestplate":4,"minecraft:netherite_boots":2,"minecraft:iron_leggings":3,"minecraft:iron_axe":1,"minecraft:stone_pickaxe":1,"minecraft:iron_pickaxe":2,"minecraft:end_crystal":202}},"DataVersion":2975}