{"stats":{"minecraft:custom":{"minecraft:time_since_rest":59889,"minecraft:open_chest":5,"minecraft:crouch_one_cm":247,"minecraft:play_time":59889,"minecraft:sprint_one_cm":9563,"minecraft:walk_one_cm":18191,"minecraft:sneak_time":229,"minecraft:mob_kills":3,"minecraft:jump":10,"minecraft:damage_dealt":490,"minecraft:leave_game":1,"minecraft:time_since_death":59889,"minecraft:total_world_time":59889,"minecraft:climb_one_cm":804,"minecraft:fly_one_cm":37488},"minecraft:used":{"minecraft:creeper_spawn_egg":2,"minecraft:writable_book":5,"minecraft:bricks":3,"espada_celestial:espada_celestial":6,"minecraft:light_blue_concrete":2,"minecraft:tall_grass":1,"minecraft:command_block":7,"minecraft:grass_block":4,"minecraft:stone":13,"minecraft:redstone_block":8,"minecraft:grass":1,"minecraft:spider_spawn_egg":1},"minecraft:killed":{"minecraft:spider":1,"minecraft:creeper":2},"minecraft:picked_up":{"minecraft:gunpowder":4,"minecraft:string":2}},"DataVersion":2975}