{"stats":{"minecraft:broken":{"minecraft:iron_boots":1,"minecraft:iron_chestplate":1,"minecraft:iron_leggings":1,"minecraft:iron_helmet":1},"minecraft:killed_by":{"minecraft:player":13,"minecraft:creeper":27,"nethertitan:arambulo_verde":1,"minecraft:skeleton":1},"minecraft:used":{"minecraft:oak_fence":25,"minecraft:moss_block":6,"minecraft:moss_carpet":1,"minecraft:netherite_sword":165,"minecraft:writable_book":19,"minecraft:stone_sword":41,"espada_celestial:espada_celestial":67,"minecraft:flint_and_steel":6,"minecraft:ladder":11,"minecraft:oak_sign":3,"minecraft:chest":8,"minecraft:stone":398,"minecraft:zombie_spawn_egg":24,"minecraft:warped_sign":10,"minecraft:grass":2,"minecraft:mossy_stone_brick_slab":75,"minecraft:torch":19,"minecraft:dirt":16,"nethertitan:arambulo_verde_spawn_egg":26,"minecraft:obsidian":44,"minecraft:bricks":64,"minecraft:grass_block":153,"minecraft:spawner":18,"minecraft:dark_oak_slab":3,"minecraft:totem_of_undying":51,"minecraft:tall_grass":1,"minecraft:oak_sapling":1,"d_remake_mod:fogata":4,"minecraft:spider_spawn_egg":1,"minecraft:water_bucket":11,"armaduras_d:dungeon_boots":1,"minecraft:birch_planks":3,"minecraft:jungle_fence":7,"minecraft:oak_planks":66,"minecraft:wooden_pickaxe":4,"minecraft:mossy_stone_brick_stairs":36,"minecraft:redstone_block":56,"nethertitan:arambulo_spawn_egg":18,"minecraft:golden_apple":61,"minecraft:light_blue_concrete":2,"minecraft:oak_slab":53,"nethertitan:arambulo_morado_spawn_egg":27,"minecraft:campfire":10,"minecraft:creeper_spawn_egg":191,"minecraft:oak_log":14,"minecraft:light":17,"minecraft:command_block":37,"minecraft:barrier":52,"espada_celestial:espada_belica":3,"minecraft:stone_slab":7,"minecraft:deepslate":56,"minecraft:flowering_azalea_leaves":2,"minecraft:stone_axe":4,"minecraft:diamond_sword":2,"minecraft:cobblestone":8,"minecraft:azalea_leaves":92,"minecraft:end_crystal":204,"minecraft:cooked_porkchop":1,"minecraft:andesite":10,"minecraft:bucket":6,"minecraft:husk_spawn_egg":4},"minecraft:killed":{"minecraft:spider":1,"minecraft:skeleton":1,"nethertitan:arambulo":2,"minecraft:bat":1,"minecraft:creeper":26,"nethertitan:arambulo_verde":3,"minecraft:zombie":5,"minecraft:villager":19,"nethertitan:arambulo_morado":3},"minecraft:custom":{"minecraft:mob_kills":62,"minecraft:interact_with_crafting_table":5,"minecraft:leave_game":24,"minecraft:time_since_death":6468,"minecraft:climb_one_cm":18402,"minecraft:sprint_one_cm":678268,"minecraft:walk_one_cm":562234,"minecraft:drop":186,"minecraft:damage_dealt_absorbed":51,"minecraft:talked_to_villager":28,"minecraft:play_time":711981,"minecraft:deaths":65,"minecraft:sneak_time":10827,"minecraft:walk_under_water_one_cm":3742,"minecraft:jump":4145,"minecraft:walk_on_water_one_cm":8729,"minecraft:total_world_time":711981,"minecraft:interact_with_furnace":2,"minecraft:traded_with_villager":5,"minecraft:time_since_rest":6468,"minecraft:damage_taken":34318,"minecraft:damage_absorbed":2931,"minecraft:damage_dealt":21448,"minecraft:swim_one_cm":591,"minecraft:fly_one_cm":2195449,"minecraft:player_kills":23,"minecraft:open_chest":60,"minecraft:crouch_one_cm":9611,"minecraft:fall_one_cm":134122},"minecraft:crafted":{"d_remake_mod:deditas":13,"minecraft:air":0},"minecraft:mined":{"minecraft:fire":3,"minecraft:flowering_azalea_leaves":3,"minecraft:azalea_leaves":9,"minecraft:flowering_azalea":1,"minecraft:tall_grass":3,"minecraft:grass":21,"minecraft:oak_leaves":2},"minecraft:picked_up":{"minecraft:iron_chestplate":2,"minecraft:azure_bluet":2,"nethertitan:arambulo_pata_2":9,"minecraft:creeper_head":6,"nethertitan:arambulo_pata_3":7,"minecraft:string":2,"minecraft:moss_carpet":1,"minecraft:iron_leggings":1,"minecraft:cobbled_deepslate":1,"minecraft:netherite_sword":1,"minecraft:poppy":1,"minecraft:iron_pickaxe":2,"minecraft:azalea_leaves":3,"minecraft:enchanted_golden_apple":4,"minecraft:iron_boots":2,"minecraft:furnace":3,"minecraft:raw_iron":3,"minecraft:torch":9,"minecraft:end_crystal":58,"minecraft:command_block":1,"minecraft:arrow":2,"minecraft:stone_sword":1,"nethertitan:arambulo_pata":12,"minecraft:rotten_flesh":4,"minecraft:hay_block":2,"minecraft:totem_of_undying":1,"minecraft:brick_stairs":1,"minecraft:obsidian":54,"minecraft:white_wool":1,"minecraft:cobblestone":96,"minecraft:netherite_boots":1,"minecraft:cooked_beef":30,"minecraft:oak_log":27,"minecraft:gunpowder":26,"minecraft:dirt":18,"minecraft:apple":1,"minecraft:wheat_seeds":4,"minecraft:stone_pickaxe":2,"minecraft:iron_ingot":80,"minecraft:iron_sword":2,"minecraft:netherite_helmet":1,"minecraft:diamond":12,"minecraft:deepslate":1,"minecraft:stone_axe":1,"minecraft:iron_helmet":3,"minecraft:golden_apple":10,"minecraft:oak_sapling":1,"minecraft:coal":87,"minecraft:bricks":3},"minecraft:dropped":{"minecraft:iron_ingot":32,"minecraft:iron_sword":3,"minecraft:wheat_seeds":1,"minecraft:diamond_axe":1,"d_remake_mod:deditas":15,"minecraft:cooked_beef":158,"minecraft:oak_log":2,"minecraft:baked_potato":32,"minecraft:diamond":9,"minecraft:netherite_chestplate":1,"minecraft:diamond_leggings":1,"minecraft:netherite_helmet":2,"minecraft:iron_helmet":4,"minecraft:cobblestone":2,"minecraft:coal":83,"minecraft:golden_apple":55,"minecraft:dirt":3,"minecraft:torch":17,"minecraft:netherite_boots":2,"minecraft:diamond_helmet":1,"minecraft:iron_leggings":4,"minecraft:wooden_sword":1,"d_remake_mod:alma":1,"minecraft:iron_axe":1,"minecraft:iron_pickaxe":3,"minecraft:end_crystal":203,"minecraft:furnace":3,"minecraft:stone_axe":1,"minecraft:stone_sword":3,"minecraft:deepslate":1,"minecraft:netherite_sword":1,"minecraft:obsidian":187,"minecraft:raw_iron":3,"minecraft:tall_grass":1,"minecraft:rotten_flesh":2,"minecraft:iron_boots":3,"minecraft:totem_of_undying":10,"minecraft:shulker_box":5,"minecraft:netherite_leggings":2,"minecraft:diamond_sword":1,"minecraft:stone":129,"minecraft:shield":3,"minecraft:gunpowder":7,"minecraft:azalea_leaves":7,"minecraft:diamond_chestplate":1,"minecraft:iron_chestplate":6,"minecraft:diamond_pickaxe":1,"minecraft:diamond_boots":1,"minecraft:stone_pickaxe":1}},"DataVersion":2975}