{"stats":{"minecraft:used":{"minecraft:spider_spawn_egg":1,"minecraft:netherite_sword":71,"minecraft:oak_fence":25,"minecraft:moss_carpet":1,"minecraft:moss_block":6,"minecraft:water_bucket":11,"minecraft:writable_book":13,"minecraft:stone_sword":41,"espada_celestial:espada_celestial":67,"armaduras_d:dungeon_boots":1,"minecraft:flint_and_steel":6,"minecraft:birch_planks":1,"minecraft:oak_planks":66,"minecraft:jungle_fence":7,"minecraft:ladder":1,"minecraft:oak_sign":2,"minecraft:wooden_pickaxe":4,"minecraft:mossy_stone_brick_stairs":36,"minecraft:stone":81,"minecraft:redstone_block":29,"minecraft:warped_sign":10,"minecraft:grass":2,"minecraft:mossy_stone_brick_slab":75,"minecraft:golden_apple":61,"minecraft:torch":1,"minecraft:dirt":11,"minecraft:light_blue_concrete":2,"minecraft:oak_slab":46,"nethertitan:arambulo_verde_spawn_egg":9,"nethertitan:arambulo_morado_spawn_egg":17,"minecraft:campfire":10,"minecraft:obsidian":44,"minecraft:creeper_spawn_egg":177,"minecraft:oak_log":14,"minecraft:light":17,"minecraft:bricks":64,"minecraft:command_block":14,"minecraft:grass_block":125,"minecraft:barrier":52,"espada_celestial:espada_belica":3,"minecraft:stone_slab":7,"minecraft:deepslate":3,"minecraft:totem_of_undying":51,"minecraft:flowering_azalea_leaves":2,"minecraft:tall_grass":1,"minecraft:stone_axe":4,"minecraft:diamond_sword":2,"minecraft:cobblestone":8,"minecraft:azalea_leaves":26,"minecraft:end_crystal":204,"minecraft:oak_sapling":1,"minecraft:cooked_porkchop":1,"d_remake_mod:fogata":4,"minecraft:andesite":3,"minecraft:bucket":6,"minecraft:husk_spawn_egg":4},"minecraft:killed":{"minecraft:spider":1,"minecraft:creeper":16,"minecraft:skeleton":1,"minecraft:zombie":2,"minecraft:villager":13,"nethertitan:arambulo_morado":2},"minecraft:crafted":{"minecraft:air":0,"d_remake_mod:deditas":13},"minecraft:custom":{"minecraft:mob_kills":35,"minecraft:traded_with_villager":5,"minecraft:interact_with_crafting_table":5,"minecraft:leave_game":15,"minecraft:time_since_death":27049,"minecraft:climb_one_cm":11958,"minecraft:time_since_rest":27442,"minecraft:sprint_one_cm":471005,"minecraft:damage_absorbed":2931,"minecraft:damage_taken":34053,"minecraft:walk_one_cm":402255,"minecraft:drop":160,"minecraft:damage_dealt":14458,"minecraft:damage_dealt_absorbed":46,"minecraft:swim_one_cm":591,"minecraft:talked_to_villager":14,"minecraft:fly_one_cm":1333649,"minecraft:player_kills":22,"minecraft:open_chest":5,"minecraft:crouch_one_cm":5261,"minecraft:play_time":485545,"minecraft:sneak_time":6742,"minecraft:deaths":61,"minecraft:walk_under_water_one_cm":1505,"minecraft:jump":3167,"minecraft:walk_on_water_one_cm":6268,"minecraft:total_world_time":485545,"minecraft:fall_one_cm":133365,"minecraft:interact_with_furnace":2},"minecraft:dropped":{"minecraft:iron_ingot":32,"minecraft:furnace":3,"minecraft:iron_sword":3,"minecraft:stone_axe":1,"minecraft:wheat_seeds":1,"minecraft:cooked_beef":94,"minecraft:oak_log":2,"minecraft:baked_potato":32,"minecraft:stone_sword":3,"minecraft:netherite_sword":1,"minecraft:obsidian":187,"minecraft:raw_iron":3,"minecraft:netherite_helmet":2,"minecraft:netherite_chestplate":1,"minecraft:tall_grass":1,"minecraft:iron_helmet":4,"minecraft:cobblestone":2,"minecraft:iron_boots":3,"minecraft:totem_of_undying":10,"minecraft:coal":83,"minecraft:golden_apple":55,"minecraft:netherite_leggings":2,"minecraft:dirt":3,"minecraft:stone":1,"minecraft:shield":2,"minecraft:gunpowder":7,"minecraft:azalea_leaves":5,"minecraft:torch":16,"minecraft:iron_chestplate":5,"minecraft:netherite_boots":2,"minecraft:iron_leggings":4,"minecraft:wooden_sword":1,"minecraft:iron_axe":1,"minecraft:stone_pickaxe":1,"minecraft:iron_pickaxe":3,"minecraft:end_crystal":203},"minecraft:killed_by":{"minecraft:player":13,"minecraft:skeleton":1,"minecraft:creeper":27},"minecraft:broken":{"minecraft:iron_boots":1,"minecraft:iron_helmet":1,"minecraft:iron_chestplate":1,"minecraft:iron_leggings":1},"minecraft:mined":{"minecraft:flowering_azalea":1,"minecraft:tall_grass":3,"minecraft:fire":3,"minecraft:grass":21,"minecraft:flowering_azalea_leaves":3,"minecraft:azalea_leaves":9,"minecraft:oak_leaves":2},"minecraft:picked_up":{"minecraft:netherite_boots":1,"minecraft:iron_chestplate":2,"minecraft:azure_bluet":2,"minecraft:cooked_beef":30,"minecraft:creeper_head":5,"nethertitan:arambulo_pata_3":5,"minecraft:oak_log":27,"minecraft:gunpowder":19,"minecraft:dirt":18,"minecraft:string":2,"minecraft:moss_carpet":1,"minecraft:iron_leggings":1,"minecraft:apple":1,"minecraft:wheat_seeds":4,"minecraft:cobbled_deepslate":1,"minecraft:netherite_sword":1,"minecraft:iron_ingot":80,"minecraft:stone_pickaxe":2,"minecraft:poppy":1,"minecraft:iron_pickaxe":2,"minecraft:azalea_leaves":2,"minecraft:iron_sword":2,"minecraft:iron_boots":2,"minecraft:furnace":3,"minecraft:raw_iron":3,"minecraft:torch":7,"minecraft:end_crystal":58,"minecraft:stone_sword":1,"minecraft:arrow":2,"minecraft:command_block":1,"minecraft:rotten_flesh":2,"minecraft:diamond":12,"minecraft:stone_axe":1,"minecraft:netherite_helmet":1,"minecraft:hay_block":2,"minecraft:iron_helmet":3,"minecraft:golden_apple":10,"minecraft:totem_of_undying":1,"minecraft:brick_stairs":1,"minecraft:oak_sapling":1,"minecraft:obsidian":54,"minecraft:bricks":3,"minecraft:coal":87,"minecraft:white_wool":1,"minecraft:cobblestone":95}},"DataVersion":2975}