{"stats":{"minecraft:custom":{"minecraft:time_since_rest":83889,"minecraft:open_chest":5,"minecraft:crouch_one_cm":543,"minecraft:play_time":83889,"minecraft:sprint_one_cm":23062,"minecraft:damage_taken":10,"minecraft:walk_one_cm":31362,"minecraft:sneak_time":450,"minecraft:mob_kills":3,"minecraft:drop":3,"minecraft:jump":62,"minecraft:damage_dealt":490,"minecraft:leave_game":1,"minecraft:time_since_death":83889,"minecraft:total_world_time":83889,"minecraft:climb_one_cm":3947,"minecraft:fall_one_cm":335,"minecraft:fly_one_cm":65511},"minecraft:dropped":{"minecraft:torch":1,"minecraft:golden_apple":10},"minecraft:used":{"minecraft:creeper_spawn_egg":2,"minecraft:writable_book":5,"minecraft:dirt":1,"minecraft:bricks":27,"espada_celestial:espada_celestial":6,"minecraft:light_blue_concrete":2,"minecraft:tall_grass":1,"minecraft:command_block":7,"minecraft:grass_block":4,"minecraft:ladder":1,"minecraft:stone":30,"minecraft:redstone_block":10,"minecraft:grass":1,"minecraft:spider_spawn_egg":1},"minecraft:killed":{"minecraft:spider":1,"minecraft:creeper":2},"minecraft:picked_up":{"minecraft:azure_bluet":1,"minecraft:diamond":9,"minecraft:golden_apple":5,"minecraft:brick_stairs":1,"minecraft:gunpowder":4,"minecraft:bricks":1,"minecraft:white_wool":1,"minecraft:string":2}},"DataVersion":2975}