{"stats":{"minecraft:killed":{"minecraft:spider":4,"minecraft:skeleton":11,"minecraft:horse":1,"minecraft:chicken":1,"nethertitan:arambulo":46,"minecraft:pig":2,"minecraft:bat":1,"minecraft:creeper":29,"minecraft:sheep":2,"nethertitan:arambulo_verde":4,"minecraft:zombie":8,"minecraft:villager":27,"nethertitan:arambulo_morado":5,"minecraft:cow":2},"minecraft:killed_by":{"minecraft:player":14,"minecraft:creeper":30,"nethertitan:arambulo":1,"nethertitan:arambulo_verde":2,"minecraft:skeleton":1},"minecraft:crafted":{"d_remake_mod:deditas":13,"minecraft:air":0},"minecraft:picked_up":{"minecraft:iron_chestplate":2,"nethertitan:arambulo_pata_2":12,"minecraft:azure_bluet":2,"minecraft:creeper_head":8,"minecraft:ladder":4,"nethertitan:arambulo_pata_3":10,"minecraft:string":2,"minecraft:moss_carpet":1,"minecraft:iron_leggings":1,"minecraft:cobbled_deepslate":1,"d_remake_mod:cuchara":2,"minecraft:netherite_sword":1,"minecraft:beef":2,"minecraft:enchanted_golden_apple":4,"minecraft:poppy":1,"minecraft:iron_pickaxe":2,"minecraft:azalea_leaves":3,"minecraft:iron_boots":2,"minecraft:furnace":3,"minecraft:raw_iron":3,"minecraft:torch":14,"d_remake_mod:runa":1,"minecraft:porkchop":1,"minecraft:end_crystal":58,"minecraft:command_block":1,"minecraft:stone_sword":2,"nethertitan:arambulo_pata":680,"minecraft:arrow":30,"minecraft:rotten_flesh":4,"minecraft:hay_block":2,"minecraft:totem_of_undying":605,"minecraft:brick_stairs":1,"minecraft:obsidian":54,"minecraft:mutton":1,"minecraft:skeleton_skull":5,"minecraft:white_wool":1,"minecraft:cobblestone":96,"minecraft:netherite_boots":1,"minecraft:barrier":1,"minecraft:cooked_beef":76,"minecraft:leather":1,"minecraft:oak_log":27,"minecraft:gunpowder":58,"espada_celestial:espada_celestial":1,"minecraft:dirt":20,"minecraft:bone":31,"minecraft:apple":1,"minecraft:bow":6,"minecraft:wheat_seeds":5,"minecraft:iron_ingot":80,"minecraft:stone_pickaxe":3,"minecraft:iron_sword":2,"minecraft:dandelion":1,"minecraft:spider_eye":1,"minecraft:diamond":12,"minecraft:deepslate":1,"minecraft:stone_axe":1,"minecraft:netherite_helmet":1,"minecraft:iron_helmet":3,"minecraft:golden_apple":10,"minecraft:oak_sapling":1,"minecraft:bricks":3,"minecraft:coal":87},"minecraft:dropped":{"minecraft:iron_ingot":32,"minecraft:iron_sword":3,"minecraft:porkchop":1,"minecraft:wheat_seeds":1,"minecraft:diamond_axe":1,"d_remake_mod:runa":1,"d_remake_mod:deditas":15,"minecraft:cooked_beef":204,"minecraft:oak_log":2,"minecraft:baked_potato":32,"minecraft:diamond":9,"minecraft:diamond_leggings":1,"minecraft:netherite_chestplate":1,"minecraft:netherite_helmet":2,"minecraft:iron_helmet":4,"minecraft:barrier":1,"minecraft:cobblestone":2,"minecraft:leather":1,"minecraft:coal":83,"minecraft:golden_apple":55,"minecraft:dirt":3,"minecraft:torch":22,"d_remake_mod:cuchara":2,"minecraft:mutton":1,"minecraft:netherite_boots":2,"minecraft:diamond_helmet":1,"minecraft:iron_leggings":4,"d_remake_mod:alma":1,"minecraft:wooden_sword":1,"minecraft:iron_axe":1,"minecraft:iron_pickaxe":3,"espada_celestial:espada_celestial":1,"nethertitan:arambulo_pata":493,"minecraft:end_crystal":203,"minecraft:bone":20,"minecraft:furnace":3,"minecraft:stone_axe":1,"minecraft:stone_sword":5,"minecraft:deepslate":1,"minecraft:netherite_sword":1,"minecraft:obsidian":187,"minecraft:raw_iron":3,"minecraft:tall_grass":1,"minecraft:rotten_flesh":2,"minecraft:iron_boots":3,"minecraft:totem_of_undying":361,"minecraft:shulker_box":5,"minecraft:netherite_leggings":2,"minecraft:diamond_sword":1,"minecraft:stone":129,"minecraft:shield":3,"minecraft:gunpowder":19,"minecraft:azalea_leaves":7,"minecraft:diamond_chestplate":1,"minecraft:skeleton_skull":3,"minecraft:iron_chestplate":6,"minecraft:diamond_pickaxe":1,"minecraft:diamond_boots":1,"minecraft:bow":5,"minecraft:arrow":16,"minecraft:stone_pickaxe":1,"minecraft:beef":2},"minecraft:used":{"minecraft:oak_fence":25,"minecraft:moss_block":6,"minecraft:moss_carpet":1,"minecraft:netherite_sword":179,"minecraft:jungle_leaves":1,"minecraft:writable_book":29,"minecraft:stone_sword":71,"espada_celestial:espada_celestial":340,"minecraft:polished_deepslate":36,"minecraft:flint_and_steel":6,"minecraft:ladder":24,"minecraft:oak_sign":3,"minecraft:chest":9,"minecraft:shield":66,"minecraft:stone":476,"minecraft:zombie_spawn_egg":24,"minecraft:creeper_head":1,"minecraft:warped_sign":13,"canalizadorderuinas_pipipi:canalizador_de_runas":5,"minecraft:grass":2,"minecraft:mossy_stone_brick_slab":82,"minecraft:structure_block":1,"minecraft:exposed_cut_copper_stairs":6,"minecraft:torch":21,"minecraft:dirt":81,"minecraft:skeleton_spawn_egg":29,"nethertitan:arambulo_verde_spawn_egg":27,"minecraft:obsidian":44,"minecraft:honey_block":6,"minecraft:bricks":64,"minecraft:grass_block":179,"minecraft:brick_stairs":2,"minecraft:spawner":18,"minecraft:dark_oak_slab":4,"minecraft:totem_of_undying":167,"minecraft:tripwire_hook":2,"minecraft:waxed_exposed_cut_copper_slab":6,"minecraft:tall_grass":1,"minecraft:oak_sapling":1,"d_remake_mod:fogata":5,"armaduras_d:nucleo_blocke":9,"minecraft:skeleton_skull":2,"minecraft:cobbled_deepslate":2,"minecraft:enchanted_golden_apple":11,"minecraft:spider_spawn_egg":3,"minecraft:water_bucket":11,"armaduras_d:dungeon_boots":1,"minecraft:birch_planks":3,"minecraft:jungle_fence":20,"minecraft:oak_planks":79,"minecraft:wooden_pickaxe":4,"minecraft:mossy_stone_brick_stairs":36,"minecraft:redstone_block":195,"espada_celestial:espada_ancestral":8,"minecraft:golden_apple":81,"minecraft:oak_leaves":5,"nethertitan:arambulo_spawn_egg":239,"minecraft:glow_item_frame":2,"minecraft:jungle_wood":1,"minecraft:mossy_cobblestone":5,"minecraft:light_blue_concrete":2,"minecraft:oak_slab":82,"nethertitan:arambulo_morado_spawn_egg":29,"minecraft:campfire":10,"minecraft:lingering_potion":14,"minecraft:exposed_copper":220,"minecraft:creeper_spawn_egg":241,"minecraft:oak_log":54,"minecraft:light":24,"minecraft:command_block":45,"minecraft:barrier":54,"espada_celestial:espada_belica":31,"d_remake_mod:dimensional_armor_chestplate":1,"minecraft:stone_slab":16,"minecraft:deepslate":56,"minecraft:flowering_azalea_leaves":5,"minecraft:stone_axe":4,"minecraft:diamond_sword":2,"minecraft:exposed_cut_copper":1,"minecraft:cobblestone":8,"minecraft:azalea_leaves":94,"minecraft:end_crystal":204,"minecraft:cooked_porkchop":1,"minecraft:andesite":10,"minecraft:bucket":6,"minecraft:husk_spawn_egg":4,"minecraft:coarse_dirt":10},"minecraft:broken":{"armaduras_d:ajolote_helmet":1,"armaduras_d:ajolote_leggings":1,"minecraft:iron_boots":1,"minecraft:iron_chestplate":1,"minecraft:iron_leggings":1,"armaduras_d:ajolote_boots":2,"minecraft:shield":1,"minecraft:iron_helmet":1,"armaduras_d:dungeon_helmet":1},"minecraft:mined":{"minecraft:grass_block":1,"minecraft:fire":3,"minecraft:flowering_azalea_leaves":3,"minecraft:azalea_leaves":9,"minecraft:flowering_azalea":1,"minecraft:tall_grass":3,"minecraft:birch_leaves":2,"minecraft:grass":25,"minecraft:dirt":1,"minecraft:oak_leaves":2},"minecraft:custom":{"minecraft:mob_kills":147,"minecraft:interact_with_crafting_table":5,"minecraft:leave_game":35,"minecraft:time_since_death":24534,"minecraft:climb_one_cm":26268,"minecraft:damage_resisted":806,"minecraft:sprint_one_cm":1109668,"minecraft:walk_one_cm":901666,"minecraft:damage_blocked_by_shield":5610,"minecraft:drop":304,"minecraft:damage_dealt_absorbed":51,"minecraft:talked_to_villager":38,"minecraft:play_time":964375,"minecraft:deaths":75,"minecraft:sneak_time":13161,"minecraft:walk_under_water_one_cm":3975,"minecraft:jump":6662,"minecraft:walk_on_water_one_cm":9001,"minecraft:total_world_time":964375,"minecraft:interact_with_furnace":2,"minecraft:traded_with_villager":5,"minecraft:time_since_rest":24549,"minecraft:damage_taken":49820,"minecraft:damage_absorbed":13538,"minecraft:damage_dealt":56143,"minecraft:swim_one_cm":1329,"minecraft:fly_one_cm":2916301,"minecraft:player_kills":45,"minecraft:open_chest":62,"minecraft:crouch_one_cm":13162,"minecraft:fall_one_cm":181807}},"DataVersion":2975}