{"stats":{"minecraft:custom":{"minecraft:time_since_rest":71889,"minecraft:open_chest":5,"minecraft:crouch_one_cm":339,"minecraft:play_time":71889,"minecraft:sprint_one_cm":13951,"minecraft:walk_one_cm":23424,"minecraft:sneak_time":285,"minecraft:mob_kills":3,"minecraft:jump":20,"minecraft:damage_dealt":490,"minecraft:leave_game":1,"minecraft:time_since_death":71889,"minecraft:total_world_time":71889,"minecraft:climb_one_cm":2391,"minecraft:fly_one_cm":39153},"minecraft:used":{"minecraft:creeper_spawn_egg":2,"minecraft:writable_book":5,"minecraft:dirt":1,"minecraft:bricks":27,"espada_celestial:espada_celestial":6,"minecraft:light_blue_concrete":2,"minecraft:tall_grass":1,"minecraft:command_block":7,"minecraft:grass_block":4,"minecraft:ladder":1,"minecraft:stone":30,"minecraft:redstone_block":8,"minecraft:grass":1,"minecraft:spider_spawn_egg":1},"minecraft:killed":{"minecraft:spider":1,"minecraft:creeper":2},"minecraft:picked_up":{"minecraft:azure_bluet":1,"minecraft:brick_stairs":1,"minecraft:gunpowder":4,"minecraft:bricks":1,"minecraft:string":2}},"DataVersion":2975}