{"stats":{"minecraft:custom":{"minecraft:jump":10,"minecraft:open_chest":5,"minecraft:time_since_rest":47889,"minecraft:sprint_one_cm":5179,"minecraft:leave_game":1,"minecraft:play_time":47889,"minecraft:time_since_death":47889,"minecraft:walk_one_cm":8062,"minecraft:sneak_time":111,"minecraft:climb_one_cm":804,"minecraft:total_world_time":47889,"minecraft:fly_one_cm":37488},"minecraft:used":{"minecraft:stone":12,"minecraft:bricks":3,"minecraft:redstone_block":1,"minecraft:tall_grass":1,"minecraft:light_blue_concrete":2,"minecraft:command_block":2,"minecraft:grass":1,"minecraft:grass_block":4}},"DataVersion":2975}