{"stats":{"minecraft:killed":{"minecraft:sheep":1,"minecraft:chicken":1,"minecraft:salmon":1},"minecraft:mined":{"minecraft:birch_log":13,"minecraft:birch_leaves":1,"minecraft:crafting_table":2,"minecraft:grass":6,"minecraft:grass_block":6,"minecraft:oak_log":19,"minecraft:coal_ore":7,"minecraft:stone":33,"minecraft:sugar_cane":5,"minecraft:oak_leaves":7},"minecraft:custom":{"minecraft:time_since_rest":5698,"minecraft:sprint_one_cm":56807,"minecraft:damage_taken":815,"minecraft:walk_one_cm":57681,"minecraft:mob_kills":3,"minecraft:damage_dealt":173,"minecraft:swim_one_cm":29354,"minecraft:interact_with_crafting_table":4,"minecraft:fly_one_cm":94533,"minecraft:crouch_one_cm":3097,"minecraft:play_time":51927,"minecraft:deaths":3,"minecraft:sneak_time":1256,"minecraft:walk_under_water_one_cm":11881,"minecraft:boat_one_cm":123943,"minecraft:jump":644,"minecraft:leave_game":5,"minecraft:time_since_death":5684,"minecraft:walk_on_water_one_cm":7178,"minecraft:total_world_time":51927,"minecraft:fall_one_cm":14945},"minecraft:crafted":{"minecraft:stick":8,"minecraft:wooden_pickaxe":1,"minecraft:stone_pickaxe":1,"minecraft:furnace":1,"minecraft:torch":20,"minecraft:birch_planks":28,"minecraft:stone_axe":1},"minecraft:picked_up":{"minecraft:birch_log":13,"minecraft:stick":3,"minecraft:crafting_table":2,"minecraft:chicken":1,"minecraft:salmon":1,"minecraft:leather":2,"minecraft:oak_log":19,"minecraft:dirt":13,"minecraft:wheat_seeds":1,"minecraft:beef":1,"minecraft:oak_sapling":1,"minecraft:sugar_cane":11,"minecraft:birch_sapling":2,"minecraft:coal":7,"minecraft:white_wool":1,"minecraft:cobblestone":35},"minecraft:used":{"minecraft:stone_pickaxe":35,"minecraft:wooden_pickaxe":6,"minecraft:torch":5,"minecraft:salmon":1,"minecraft:stone_axe":8,"minecraft:dirt":10,"minecraft:beef":1},"minecraft:killed_by":{"nethertitan:arambulo_verde":1,"minecraft:skeleton":1,"minecraft:spider":1}},"DataVersion":2975}