{"stats":{"minecraft:custom":{"minecraft:time_since_rest":10482,"minecraft:crouch_one_cm":330,"minecraft:play_time":10482,"minecraft:sprint_one_cm":9418,"minecraft:damage_taken":10,"minecraft:walk_one_cm":9841,"minecraft:sneak_time":202,"minecraft:walk_under_water_one_cm":844,"minecraft:jump":114,"minecraft:time_since_death":10482,"minecraft:walk_on_water_one_cm":32,"minecraft:total_world_time":10482,"minecraft:swim_one_cm":2693,"minecraft:interact_with_crafting_table":3,"minecraft:fall_one_cm":1767,"minecraft:fly_one_cm":9793},"minecraft:mined":{"minecraft:grass_block":1,"minecraft:birch_log":13,"minecraft:stone":6,"minecraft:birch_leaves":1,"minecraft:crafting_table":1},"minecraft:used":{"minecraft:stone_axe":1,"minecraft:dirt":1,"minecraft:wooden_pickaxe":6},"minecraft:picked_up":{"minecraft:birch_log":13,"minecraft:crafting_table":1,"minecraft:stick":1,"minecraft:leather":2,"minecraft:wheat_seeds":1,"minecraft:beef":1,"minecraft:birch_sapling":1,"minecraft:dirt":8,"minecraft:cobblestone":8},"minecraft:crafted":{"minecraft:birch_planks":28,"minecraft:stone_axe":1,"minecraft:stick":8,"minecraft:stone_pickaxe":1,"minecraft:wooden_pickaxe":1}},"DataVersion":2975}