{"stats":{"minecraft:killed_by":{"minecraft:skeleton":1},"minecraft:custom":{"minecraft:time_since_rest":8494,"minecraft:sprint_one_cm":34685,"minecraft:damage_taken":400,"minecraft:walk_one_cm":35010,"minecraft:mob_kills":2,"minecraft:damage_dealt":93,"minecraft:interact_with_crafting_table":4,"minecraft:swim_one_cm":29354,"minecraft:fly_one_cm":57978,"minecraft:crouch_one_cm":2857,"minecraft:play_time":34482,"minecraft:deaths":1,"minecraft:sneak_time":901,"minecraft:walk_under_water_one_cm":11881,"minecraft:boat_one_cm":43701,"minecraft:jump":432,"minecraft:walk_on_water_one_cm":7178,"minecraft:time_since_death":8489,"minecraft:total_world_time":34482,"minecraft:fall_one_cm":10091},"minecraft:mined":{"minecraft:birch_log":13,"minecraft:birch_leaves":1,"minecraft:crafting_table":2,"minecraft:oak_log":5,"minecraft:grass":2,"minecraft:grass_block":3,"minecraft:coal_ore":7,"minecraft:stone":33,"minecraft:sugar_cane":5,"minecraft:oak_leaves":2},"minecraft:used":{"minecraft:stone_pickaxe":35,"minecraft:wooden_pickaxe":6,"minecraft:salmon":1,"minecraft:stone_axe":8,"minecraft:torch":5,"minecraft:dirt":10,"minecraft:beef":1},"minecraft:killed":{"minecraft:chicken":1,"minecraft:salmon":1},"minecraft:picked_up":{"minecraft:birch_log":13,"minecraft:stick":3,"minecraft:crafting_table":2,"minecraft:chicken":1,"minecraft:salmon":1,"minecraft:leather":2,"minecraft:oak_log":5,"minecraft:dirt":10,"minecraft:wheat_seeds":1,"minecraft:beef":1,"minecraft:sugar_cane":6,"minecraft:birch_sapling":2,"minecraft:coal":7,"minecraft:cobblestone":35},"minecraft:crafted":{"minecraft:stick":8,"minecraft:wooden_pickaxe":1,"minecraft:stone_pickaxe":1,"minecraft:furnace":1,"minecraft:torch":20,"minecraft:birch_planks":28,"minecraft:stone_axe":1}},"DataVersion":2975}