{"stats":{"minecraft:killed_by":{"nethertitan:arambulo_verde":1,"minecraft:skeleton":1,"minecraft:spider":1},"minecraft:custom":{"minecraft:time_since_rest":15157,"minecraft:interact_with_furnace":1,"minecraft:sprint_one_cm":72118,"minecraft:damage_taken":870,"minecraft:walk_one_cm":78636,"minecraft:mob_kills":3,"minecraft:damage_dealt":202,"minecraft:swim_one_cm":29354,"minecraft:interact_with_crafting_table":7,"minecraft:fly_one_cm":104967,"minecraft:crouch_one_cm":7552,"minecraft:play_time":61386,"minecraft:deaths":3,"minecraft:sneak_time":2539,"minecraft:walk_under_water_one_cm":11881,"minecraft:boat_one_cm":123943,"minecraft:jump":734,"minecraft:leave_game":6,"minecraft:time_since_death":15143,"minecraft:walk_on_water_one_cm":7223,"minecraft:total_world_time":61386,"minecraft:fall_one_cm":16927},"minecraft:mined":{"minecraft:dark_oak_leaves":3,"minecraft:birch_log":13,"minecraft:birch_leaves":1,"minecraft:crafting_table":2,"minecraft:grass":7,"minecraft:grass_block":6,"minecraft:oak_log":19,"minecraft:coal_ore":7,"minecraft:rose_bush":6,"minecraft:stone":33,"minecraft:sugar_cane":5,"minecraft:oak_leaves":51},"minecraft:used":{"minecraft:stone_pickaxe":35,"minecraft:oak_planks":16,"minecraft:iron_helmet":1,"minecraft:wooden_pickaxe":6,"minecraft:iron_boots":1,"minecraft:iron_chestplate":1,"minecraft:torch":5,"minecraft:salmon":1,"minecraft:stone_axe":8,"minecraft:dirt":13,"minecraft:beef":1,"minecraft:crafting_table":1,"minecraft:cooked_beef":2,"minecraft:iron_leggings":1},"minecraft:killed":{"minecraft:sheep":1,"minecraft:chicken":1,"minecraft:salmon":1},"minecraft:picked_up":{"minecraft:birch_log":13,"minecraft:raw_iron":1,"minecraft:iron_chestplate":1,"minecraft:stick":8,"minecraft:crafting_table":2,"minecraft:cooked_beef":4,"minecraft:chicken":1,"minecraft:salmon":1,"minecraft:leather":2,"nethertitan:arambulo_pata_3":6,"minecraft:oak_log":19,"minecraft:dirt":14,"minecraft:iron_leggings":1,"minecraft:wheat_seeds":1,"minecraft:iron_helmet":1,"minecraft:iron_ingot":2,"minecraft:beef":1,"minecraft:rose_bush":6,"minecraft:oak_sapling":4,"minecraft:sugar_cane":11,"minecraft:birch_sapling":2,"minecraft:coal":7,"minecraft:iron_boots":1,"minecraft:white_wool":1,"minecraft:cobblestone":38},"minecraft:crafted":{"minecraft:oak_planks":28,"minecraft:shield":1,"minecraft:crafting_table":1,"minecraft:stick":12,"minecraft:wooden_pickaxe":1,"minecraft:stone_pickaxe":1,"minecraft:furnace":1,"minecraft:torch":20,"minecraft:birch_planks":28,"minecraft:stone_axe":1}},"DataVersion":2975}