{"stats":{"minecraft:used":{"minecraft:water_bucket":4,"minecraft:stone_shovel":199,"minecraft:stone_pickaxe":142,"minecraft:oak_planks":17,"minecraft:wooden_pickaxe":6,"minecraft:shield":21,"minecraft:iron_chestplate":1,"minecraft:salmon":1,"minecraft:torch":33,"minecraft:dirt":172,"minecraft:crafting_table":1,"minecraft:shulker_box":4,"minecraft:iron_pickaxe":74,"minecraft:iron_helmet":1,"minecraft:iron_boots":1,"minecraft:stone_axe":24,"minecraft:cobblestone":29,"minecraft:beef":1,"minecraft:cooked_porkchop":7,"minecraft:bucket":4,"minecraft:cooked_beef":4,"minecraft:iron_leggings":1},"minecraft:killed_by":{"minecraft:skeleton":1,"nethertitan:arambulo_verde":2,"minecraft:spider":1},"minecraft:picked_up":{"minecraft:birch_log":13,"minecraft:iron_chestplate":1,"minecraft:crafting_table":2,"minecraft:azure_bluet":7,"minecraft:cooked_beef":4,"minecraft:chicken":1,"minecraft:clay_ball":12,"minecraft:salmon":1,"minecraft:leather":2,"minecraft:flint":1,"nethertitan:arambulo_pata_3":6,"minecraft:oak_log":29,"minecraft:dirt":175,"minecraft:iron_leggings":1,"minecraft:wheat_seeds":3,"minecraft:cobbled_deepslate":22,"minecraft:beef":1,"minecraft:iron_ingot":5,"minecraft:rose_bush":6,"minecraft:iron_pickaxe":1,"minecraft:sugar_cane":11,"minecraft:birch_sapling":2,"minecraft:oak_planks":1,"minecraft:iron_boots":1,"minecraft:furnace":1,"minecraft:stick":8,"minecraft:raw_iron":23,"minecraft:cooked_porkchop":20,"minecraft:torch":30,"minecraft:dandelion":22,"minecraft:dripstone_block":1,"minecraft:gravel":10,"minecraft:pointed_dripstone":1,"minecraft:diorite":4,"minecraft:shulker_box":4,"minecraft:diamond":10,"minecraft:iron_helmet":1,"minecraft:granite":13,"minecraft:oak_sapling":4,"minecraft:obsidian":21,"minecraft:coal":15,"minecraft:white_wool":1,"minecraft:cobblestone":180},"minecraft:crafted":{"minecraft:oak_planks":40,"minecraft:stone_shovel":6,"minecraft:crafting_table":1,"minecraft:wooden_pickaxe":1,"minecraft:furnace":1,"minecraft:birch_planks":28,"minecraft:stone_axe":1,"minecraft:air":0,"minecraft:shield":1,"minecraft:stick":24,"minecraft:iron_ingot":6,"minecraft:stone_pickaxe":1,"minecraft:torch":20},"minecraft:mined":{"minecraft:dark_oak_leaves":3,"minecraft:deepslate_diamond_ore":7,"minecraft:dandelion":4,"minecraft:powder_snow":3,"minecraft:shulker_box":3,"minecraft:clay":3,"minecraft:crafting_table":2,"minecraft:granite":11,"minecraft:grass_block":163,"minecraft:rose_bush":6,"minecraft:sugar_cane":5,"minecraft:oak_planks":1,"minecraft:diorite":4,"minecraft:wall_torch":4,"minecraft:birch_log":13,"minecraft:iron_ore":19,"minecraft:birch_leaves":1,"minecraft:azure_bluet":3,"minecraft:grass":30,"minecraft:oak_log":29,"minecraft:coal_ore":7,"minecraft:gravel":18,"minecraft:dirt":13,"minecraft:stone":149,"minecraft:oak_leaves":53,"minecraft:deepslate":8},"minecraft:dropped":{"minecraft:wheat_seeds":1,"minecraft:cooked_porkchop":8,"minecraft:oak_sapling":4},"minecraft:custom":{"minecraft:interact_with_furnace":5,"minecraft:mob_kills":3,"minecraft:interact_with_crafting_table":8,"minecraft:open_shulker_box":10,"minecraft:leave_game":9,"minecraft:time_since_death":59793,"minecraft:climb_one_cm":1084,"minecraft:time_since_rest":59802,"minecraft:sprint_one_cm":179308,"minecraft:damage_taken":1625,"minecraft:walk_one_cm":192490,"minecraft:damage_blocked_by_shield":685,"minecraft:drop":13,"minecraft:damage_dealt":330,"minecraft:swim_one_cm":31038,"minecraft:fly_one_cm":239856,"minecraft:crouch_one_cm":25875,"minecraft:play_time":127220,"minecraft:deaths":4,"minecraft:sneak_time":7115,"minecraft:walk_under_water_one_cm":17776,"minecraft:boat_one_cm":123943,"minecraft:jump":1873,"minecraft:walk_on_water_one_cm":14943,"minecraft:total_world_time":127220,"minecraft:fall_one_cm":40067},"minecraft:killed":{"minecraft:salmon":1,"minecraft:sheep":1,"minecraft:chicken":1},"minecraft:broken":{"minecraft:stone_shovel":1}},"DataVersion":2975}