{"stats":{"minecraft:custom":{"minecraft:time_since_rest":22482,"minecraft:crouch_one_cm":2574,"minecraft:play_time":22482,"minecraft:sprint_one_cm":16393,"minecraft:damage_taken":80,"minecraft:walk_one_cm":22733,"minecraft:sneak_time":665,"minecraft:walk_under_water_one_cm":844,"minecraft:mob_kills":1,"minecraft:jump":241,"minecraft:damage_dealt":40,"minecraft:time_since_death":22482,"minecraft:walk_on_water_one_cm":32,"minecraft:total_world_time":22482,"minecraft:swim_one_cm":2693,"minecraft:interact_with_crafting_table":4,"minecraft:fall_one_cm":5492,"minecraft:fly_one_cm":15409},"minecraft:mined":{"minecraft:coal_ore":7,"minecraft:grass":2,"minecraft:grass_block":2,"minecraft:birch_log":13,"minecraft:stone":33,"minecraft:birch_leaves":1,"minecraft:crafting_table":2},"minecraft:used":{"minecraft:stone_axe":6,"minecraft:dirt":1,"minecraft:stone_pickaxe":35,"minecraft:wooden_pickaxe":6},"minecraft:killed":{"minecraft:chicken":1},"minecraft:picked_up":{"minecraft:birch_log":13,"minecraft:crafting_table":2,"minecraft:stick":3,"minecraft:chicken":1,"minecraft:leather":2,"minecraft:wheat_seeds":1,"minecraft:beef":1,"minecraft:coal":7,"minecraft:birch_sapling":2,"minecraft:dirt":9,"minecraft:cobblestone":35},"minecraft:crafted":{"minecraft:furnace":1,"minecraft:birch_planks":28,"minecraft:stone_axe":1,"minecraft:stick":8,"minecraft:stone_pickaxe":1,"minecraft:wooden_pickaxe":1}},"DataVersion":2975}