{"stats":{"minecraft:used":{"minecraft:stone_axe":4,"minecraft:honey_block":1,"minecraft:oak_slab":2,"minecraft:cooked_beef":30},"minecraft:killed":{"minecraft:spider":2},"minecraft:custom":{"minecraft:time_since_rest":1424,"minecraft:crouch_one_cm":11653,"minecraft:play_time":47472,"minecraft:sprint_one_cm":116572,"minecraft:walk_one_cm":85429,"minecraft:damage_taken":6668,"minecraft:deaths":16,"minecraft:sneak_time":4330,"minecraft:mob_kills":3,"minecraft:drop":9,"minecraft:jump":1125,"minecraft:damage_dealt":2324,"minecraft:leave_game":1,"minecraft:time_since_death":1416,"minecraft:total_world_time":47472,"minecraft:climb_one_cm":1310,"minecraft:damage_dealt_absorbed":8,"minecraft:fall_one_cm":31766,"minecraft:fly_one_cm":200231,"minecraft:player_kills":2},"minecraft:dropped":{"minecraft:birch_planks":2,"minecraft:stone_pickaxe":1,"minecraft:torch":2,"minecraft:totem_of_undying":1,"nethertitan:arambulo_pata":2,"minecraft:dandelion":1},"minecraft:killed_by":{"minecraft:creeper":5,"minecraft:player":8},"minecraft:mined":{"minecraft:honey_block":2,"minecraft:oak_slab":1,"minecraft:birch_planks":1},"minecraft:picked_up":{"minecraft:oak_slab":2,"minecraft:crafting_table":1,"minecraft:torch":3,"minecraft:stone_axe":1,"minecraft:dandelion":1,"minecraft:honey_block":1,"minecraft:birch_planks":15,"minecraft:stone_pickaxe":1,"minecraft:totem_of_undying":1,"nethertitan:arambulo_pata":2}},"DataVersion":2975}