{"stats":{"minecraft:killed":{"minecraft:zombie":2,"minecraft:spider":2},"minecraft:killed_by":{"nethertitan:arambulo_verde":1,"minecraft:skeleton":1},"minecraft:crafted":{"minecraft:oak_planks":316,"minecraft:crafting_table":2,"minecraft:spruce_planks":28,"minecraft:stick":28,"minecraft:wooden_pickaxe":2,"minecraft:stone_pickaxe":2,"minecraft:stone_sword":1,"minecraft:birch_planks":28,"minecraft:torch":52,"minecraft:stone_axe":2},"minecraft:picked_up":{"minecraft:birch_log":7,"minecraft:stick":2,"minecraft:crafting_table":4,"minecraft:pumpkin":2,"minecraft:birch_planks":2,"minecraft:oak_log":79,"minecraft:spruce_sapling":1,"minecraft:spruce_log":7,"minecraft:dirt":9,"minecraft:rotten_flesh":3,"minecraft:spruce_planks":5,"minecraft:oak_sapling":4,"minecraft:oak_planks":4,"minecraft:coal":60,"minecraft:cobblestone":32},"minecraft:dropped":{"minecraft:oak_sapling":3,"minecraft:oak_planks":5,"minecraft:rotten_flesh":3,"minecraft:wooden_pickaxe":1,"minecraft:stick":2},"minecraft:used":{"minecraft:stone_sword":13,"minecraft:birch_planks":30,"minecraft:stone_pickaxe":78,"minecraft:oak_planks":60,"minecraft:spruce_planks":33,"minecraft:wooden_pickaxe":18,"minecraft:torch":6,"minecraft:stone_axe":115,"minecraft:dirt":9,"minecraft:cobblestone":11,"minecraft:crafting_table":4,"minecraft:cooked_beef":19,"minecraft:pumpkin":2},"minecraft:mined":{"minecraft:birch_planks":2,"minecraft:spruce_planks":5,"minecraft:birch_log":7,"minecraft:spruce_log":7,"minecraft:birch_leaves":2,"minecraft:pumpkin":2,"minecraft:crafting_table":4,"minecraft:grass":3,"minecraft:oak_log":79,"minecraft:grass_block":3,"minecraft:coal_ore":60,"minecraft:dirt":6,"minecraft:cobblestone":4,"minecraft:spruce_leaves":2,"minecraft:stone":31,"minecraft:oak_planks":4,"minecraft:oak_leaves":10},"minecraft:custom":{"minecraft:time_since_rest":5571,"minecraft:sprint_one_cm":157964,"minecraft:damage_taken":1910,"minecraft:walk_one_cm":69343,"minecraft:mob_kills":4,"minecraft:drop":6,"minecraft:damage_dealt":1077,"minecraft:swim_one_cm":8447,"minecraft:interact_with_crafting_table":6,"minecraft:fly_one_cm":225273,"minecraft:play_time":87835,"minecraft:crouch_one_cm":7747,"minecraft:deaths":2,"minecraft:sneak_time":3586,"minecraft:walk_under_water_one_cm":10080,"minecraft:jump":857,"minecraft:leave_game":2,"minecraft:time_since_death":5563,"minecraft:walk_on_water_one_cm":2912,"minecraft:total_world_time":87835,"minecraft:fall_one_cm":25238}},"DataVersion":2975}