{"stats":{"minecraft:killed":{"minecraft:zombie":2,"minecraft:spider":2},"minecraft:killed_by":{"minecraft:player":2,"nethertitan:arambulo_verde":1,"minecraft:skeleton":1},"minecraft:crafted":{"minecraft:oak_planks":316,"minecraft:crafting_table":2,"minecraft:spruce_planks":28,"minecraft:stick":28,"minecraft:wooden_pickaxe":2,"minecraft:stone_pickaxe":2,"minecraft:stone_sword":1,"minecraft:birch_planks":28,"minecraft:torch":52,"minecraft:stone_axe":2},"minecraft:picked_up":{"minecraft:birch_log":7,"minecraft:stick":2,"minecraft:crafting_table":4,"minecraft:pumpkin":2,"minecraft:torch":1,"minecraft:birch_planks":2,"minecraft:oak_log":79,"minecraft:spruce_sapling":1,"minecraft:spruce_log":7,"minecraft:dirt":9,"minecraft:rotten_flesh":3,"minecraft:spruce_planks":5,"minecraft:oak_sapling":4,"minecraft:sugar_cane":137,"minecraft:oak_planks":4,"minecraft:coal":60,"minecraft:cobblestone":32},"minecraft:dropped":{"minecraft:cooked_beef":1,"minecraft:oak_sapling":3,"minecraft:rotten_flesh":3,"minecraft:oak_planks":5,"minecraft:wooden_pickaxe":1,"minecraft:stick":2},"minecraft:used":{"minecraft:stone_sword":13,"minecraft:birch_planks":30,"minecraft:stone_pickaxe":78,"minecraft:oak_planks":60,"minecraft:spruce_planks":33,"minecraft:wooden_pickaxe":18,"minecraft:iron_boots":1,"minecraft:torch":7,"minecraft:stone_axe":115,"minecraft:dirt":9,"minecraft:cobblestone":11,"minecraft:crafting_table":4,"minecraft:cooked_beef":26,"minecraft:pumpkin":2},"minecraft:mined":{"minecraft:birch_planks":2,"minecraft:spruce_planks":5,"minecraft:birch_log":7,"minecraft:spruce_log":7,"minecraft:birch_leaves":2,"minecraft:pumpkin":2,"minecraft:crafting_table":4,"minecraft:grass":3,"minecraft:grass_block":3,"minecraft:oak_log":79,"minecraft:coal_ore":60,"minecraft:dirt":6,"minecraft:cobblestone":4,"minecraft:spruce_leaves":2,"minecraft:stone":31,"minecraft:sugar_cane":95,"minecraft:oak_planks":4,"minecraft:wall_torch":1,"minecraft:oak_leaves":10},"minecraft:custom":{"minecraft:time_since_rest":14613,"minecraft:sprint_one_cm":190078,"minecraft:damage_taken":2830,"minecraft:walk_one_cm":89409,"minecraft:mob_kills":4,"minecraft:drop":7,"minecraft:damage_dealt":1182,"minecraft:swim_one_cm":13585,"minecraft:interact_with_crafting_table":6,"minecraft:fly_one_cm":363345,"minecraft:open_chest":7,"minecraft:play_time":110124,"minecraft:crouch_one_cm":8283,"minecraft:deaths":4,"minecraft:sneak_time":4302,"minecraft:walk_under_water_one_cm":12167,"minecraft:jump":1024,"minecraft:leave_game":3,"minecraft:time_since_death":14606,"minecraft:walk_on_water_one_cm":3799,"minecraft:total_world_time":110124,"minecraft:fall_one_cm":29922}},"DataVersion":2975}