{"stats":{"minecraft:killed":{"minecraft:zombie":2,"minecraft:spider":2},"minecraft:killed_by":{"minecraft:skeleton":1},"minecraft:crafted":{"minecraft:oak_planks":220,"minecraft:crafting_table":2,"minecraft:spruce_planks":28,"minecraft:stick":16,"minecraft:wooden_pickaxe":2,"minecraft:stone_pickaxe":2,"minecraft:stone_sword":1,"minecraft:birch_planks":28,"minecraft:torch":4,"minecraft:stone_axe":2},"minecraft:picked_up":{"minecraft:birch_log":7,"minecraft:stick":2,"minecraft:crafting_table":4,"minecraft:pumpkin":2,"minecraft:birch_planks":2,"minecraft:oak_log":79,"minecraft:spruce_sapling":1,"minecraft:spruce_log":7,"minecraft:dirt":9,"minecraft:rotten_flesh":3,"minecraft:spruce_planks":5,"minecraft:oak_sapling":4,"minecraft:oak_planks":4,"minecraft:coal":52,"minecraft:cobblestone":24},"minecraft:dropped":{"minecraft:oak_sapling":3,"minecraft:oak_planks":5,"minecraft:rotten_flesh":3,"minecraft:stick":2},"minecraft:used":{"minecraft:stone_sword":13,"minecraft:birch_planks":30,"minecraft:stone_pickaxe":62,"minecraft:oak_planks":60,"minecraft:spruce_planks":33,"minecraft:wooden_pickaxe":18,"minecraft:torch":1,"minecraft:stone_axe":114,"minecraft:dirt":9,"minecraft:cobblestone":5,"minecraft:crafting_table":4,"minecraft:cooked_beef":18},"minecraft:mined":{"minecraft:birch_planks":2,"minecraft:spruce_planks":5,"minecraft:birch_log":7,"minecraft:spruce_log":7,"minecraft:birch_leaves":2,"minecraft:pumpkin":2,"minecraft:crafting_table":4,"minecraft:grass":3,"minecraft:oak_log":79,"minecraft:grass_block":3,"minecraft:coal_ore":52,"minecraft:dirt":6,"minecraft:cobblestone":4,"minecraft:spruce_leaves":2,"minecraft:stone":23,"minecraft:oak_planks":4,"minecraft:oak_leaves":10},"minecraft:custom":{"minecraft:time_since_rest":74139,"minecraft:sprint_one_cm":133027,"minecraft:damage_taken":1660,"minecraft:walk_one_cm":62832,"minecraft:mob_kills":4,"minecraft:drop":5,"minecraft:damage_dealt":987,"minecraft:swim_one_cm":8447,"minecraft:interact_with_crafting_table":6,"minecraft:fly_one_cm":73126,"minecraft:play_time":75922,"minecraft:crouch_one_cm":6716,"minecraft:deaths":1,"minecraft:sneak_time":2420,"minecraft:walk_under_water_one_cm":5494,"minecraft:jump":736,"minecraft:leave_game":2,"minecraft:time_since_death":74131,"minecraft:walk_on_water_one_cm":2657,"minecraft:total_world_time":75922,"minecraft:fall_one_cm":20248}},"DataVersion":2975}