{"stats":{"minecraft:killed_by":{"minecraft:skeleton":1},"minecraft:custom":{"minecraft:time_since_rest":26856,"minecraft:sprint_one_cm":35728,"minecraft:damage_taken":565,"minecraft:walk_one_cm":16085,"minecraft:mob_kills":4,"minecraft:drop":2,"minecraft:damage_dealt":731,"minecraft:interact_with_crafting_table":2,"minecraft:fly_one_cm":21550,"minecraft:crouch_one_cm":1426,"minecraft:play_time":28639,"minecraft:deaths":1,"minecraft:sneak_time":890,"minecraft:jump":217,"minecraft:time_since_death":26848,"minecraft:total_world_time":28639,"minecraft:fall_one_cm":3754},"minecraft:mined":{"minecraft:birch_planks":2,"minecraft:spruce_planks":5,"minecraft:birch_log":7,"minecraft:spruce_log":7,"minecraft:birch_leaves":2,"minecraft:crafting_table":2,"minecraft:grass":1,"minecraft:coal_ore":24,"minecraft:grass_block":3,"minecraft:oak_log":6,"minecraft:dirt":6,"minecraft:spruce_leaves":2,"minecraft:stone":16,"minecraft:oak_leaves":1},"minecraft:dropped":{"minecraft:oak_sapling":2,"minecraft:rotten_flesh":3},"minecraft:used":{"minecraft:stone_sword":13,"minecraft:birch_planks":13,"minecraft:stone_pickaxe":28,"minecraft:spruce_planks":33,"minecraft:wooden_pickaxe":13,"minecraft:torch":1,"minecraft:stone_axe":28,"minecraft:dirt":6,"minecraft:crafting_table":2,"minecraft:cooked_beef":4},"minecraft:killed":{"minecraft:zombie":2,"minecraft:spider":2},"minecraft:picked_up":{"minecraft:birch_log":7,"minecraft:crafting_table":2,"minecraft:birch_planks":2,"minecraft:oak_log":6,"minecraft:spruce_sapling":1,"minecraft:spruce_log":7,"minecraft:dirt":9,"minecraft:rotten_flesh":3,"minecraft:spruce_planks":5,"minecraft:oak_sapling":2,"minecraft:coal":24,"minecraft:cobblestone":16},"minecraft:crafted":{"minecraft:oak_planks":24,"minecraft:crafting_table":1,"minecraft:spruce_planks":28,"minecraft:stick":8,"minecraft:wooden_pickaxe":1,"minecraft:stone_pickaxe":1,"minecraft:stone_sword":1,"minecraft:torch":4,"minecraft:birch_planks":28,"minecraft:stone_axe":1}},"DataVersion":2975}