{"stats":{"minecraft:used":{"minecraft:stone_sword":13,"minecraft:birch_planks":30,"minecraft:stone_pickaxe":28,"minecraft:oak_planks":29,"minecraft:spruce_planks":33,"minecraft:wooden_pickaxe":13,"minecraft:torch":1,"minecraft:stone_axe":33,"minecraft:dirt":9,"minecraft:crafting_table":2,"minecraft:cooked_beef":6},"minecraft:killed":{"minecraft:zombie":2,"minecraft:spider":2},"minecraft:crafted":{"minecraft:oak_planks":44,"minecraft:crafting_table":1,"minecraft:spruce_planks":28,"minecraft:stick":8,"minecraft:wooden_pickaxe":1,"minecraft:stone_pickaxe":1,"minecraft:stone_sword":1,"minecraft:torch":4,"minecraft:birch_planks":28,"minecraft:stone_axe":1},"minecraft:custom":{"minecraft:time_since_rest":31939,"minecraft:sprint_one_cm":60942,"minecraft:damage_taken":665,"minecraft:walk_one_cm":22499,"minecraft:mob_kills":4,"minecraft:drop":2,"minecraft:damage_dealt":731,"minecraft:interact_with_crafting_table":2,"minecraft:fly_one_cm":34369,"minecraft:play_time":33722,"minecraft:crouch_one_cm":4762,"minecraft:deaths":1,"minecraft:sneak_time":1564,"minecraft:jump":352,"minecraft:leave_game":1,"minecraft:time_since_death":31931,"minecraft:total_world_time":33722,"minecraft:fall_one_cm":8044},"minecraft:dropped":{"minecraft:oak_sapling":2,"minecraft:rotten_flesh":3},"minecraft:killed_by":{"minecraft:skeleton":1},"minecraft:mined":{"minecraft:birch_planks":2,"minecraft:spruce_planks":5,"minecraft:birch_log":7,"minecraft:spruce_log":7,"minecraft:birch_leaves":2,"minecraft:crafting_table":2,"minecraft:grass":1,"minecraft:oak_log":11,"minecraft:grass_block":3,"minecraft:coal_ore":24,"minecraft:dirt":6,"minecraft:spruce_leaves":2,"minecraft:stone":16,"minecraft:oak_leaves":1},"minecraft:picked_up":{"minecraft:birch_log":7,"minecraft:crafting_table":2,"minecraft:birch_planks":2,"minecraft:oak_log":11,"minecraft:spruce_sapling":1,"minecraft:spruce_log":7,"minecraft:dirt":9,"minecraft:rotten_flesh":3,"minecraft:spruce_planks":5,"minecraft:oak_sapling":2,"minecraft:coal":24,"minecraft:cobblestone":16}},"DataVersion":2975}