{"stats":{"minecraft:killed":{"minecraft:spider":2,"minecraft:sheep":2,"minecraft:skeleton":3,"minecraft:zombie":3,"minecraft:cow":2},"minecraft:killed_by":{"minecraft:player":2,"minecraft:skeleton":1,"nethertitan:arambulo_verde":1},"minecraft:crafted":{"minecraft:oak_planks":412,"minecraft:crafting_table":3,"minecraft:spruce_planks":28,"minecraft:wooden_pickaxe":3,"minecraft:iron_helmet":1,"minecraft:bone_meal":12,"minecraft:birch_planks":28,"minecraft:stone_axe":2,"minecraft:bookshelf":1,"minecraft:air":0,"minecraft:iron_chestplate":1,"minecraft:shield":1,"minecraft:stick":36,"minecraft:iron_ingot":19,"minecraft:iron_pickaxe":1,"minecraft:stone_pickaxe":3,"minecraft:stone_sword":1,"minecraft:torch":52},"minecraft:picked_up":{"minecraft:birch_log":7,"minecraft:crafting_table":5,"minecraft:leather":2,"minecraft:wooden_pickaxe":1,"minecraft:birch_planks":2,"minecraft:tuff":7,"minecraft:oak_log":103,"minecraft:amethyst_block":9,"minecraft:dirt":10,"minecraft:bone":4,"minecraft:cobbled_deepslate":13,"minecraft:raw_gold":4,"minecraft:spruce_planks":5,"minecraft:beef":3,"minecraft:sugar_cane":137,"minecraft:oak_planks":5,"minecraft:book":3,"minecraft:raw_iron":19,"minecraft:stick":5,"minecraft:pumpkin":2,"minecraft:torch":2,"minecraft:amethyst_shard":20,"minecraft:spruce_sapling":4,"minecraft:spruce_log":14,"minecraft:arrow":4,"minecraft:rotten_flesh":4,"minecraft:diamond":1,"minecraft:oak_sapling":5,"minecraft:mutton":2,"minecraft:coal":60,"minecraft:white_wool":2,"minecraft:cobblestone":34},"minecraft:dropped":{"minecraft:cooked_beef":1,"minecraft:rotten_flesh":4,"minecraft:oak_planks":5,"minecraft:stick":2,"minecraft:oak_sapling":3,"minecraft:arrow":4,"minecraft:wooden_pickaxe":2},"minecraft:used":{"minecraft:stone_sword":34,"minecraft:birch_planks":30,"minecraft:stone_pickaxe":108,"minecraft:oak_planks":156,"minecraft:spruce_planks":33,"minecraft:wooden_pickaxe":21,"minecraft:iron_chestplate":1,"minecraft:torch":7,"minecraft:dirt":10,"minecraft:mutton":2,"minecraft:crafting_table":6,"minecraft:tuff":7,"minecraft:bookshelf":1,"minecraft:iron_pickaxe":30,"minecraft:iron_boots":1,"minecraft:stone_axe":156,"minecraft:cobblestone":12,"minecraft:beef":3,"minecraft:cooked_beef":34,"minecraft:cobbled_deepslate":7,"minecraft:pumpkin":2},"minecraft:mined":{"minecraft:tuff":7,"minecraft:spruce_planks":5,"minecraft:deepslate_diamond_ore":1,"minecraft:amethyst_cluster":5,"minecraft:powder_snow":4,"minecraft:crafting_table":5,"minecraft:grass_block":4,"minecraft:cobblestone":4,"minecraft:spruce_leaves":2,"minecraft:deepslate_gold_ore":4,"minecraft:oak_planks":6,"minecraft:sugar_cane":95,"minecraft:wall_torch":1,"minecraft:amethyst_block":9,"minecraft:birch_planks":2,"minecraft:birch_log":7,"minecraft:iron_ore":18,"minecraft:cobbled_deepslate":1,"minecraft:spruce_log":14,"minecraft:birch_leaves":2,"minecraft:pumpkin":2,"minecraft:grass":3,"minecraft:bookshelf":1,"minecraft:coal_ore":60,"minecraft:oak_log":103,"minecraft:deepslate_iron_ore":1,"minecraft:dirt":6,"minecraft:stone":33,"minecraft:deepslate":12,"minecraft:oak_leaves":13},"minecraft:custom":{"minecraft:interact_with_furnace":10,"minecraft:mob_kills":12,"minecraft:interact_with_crafting_table":13,"minecraft:leave_game":3,"minecraft:time_since_death":50606,"minecraft:climb_one_cm":658,"minecraft:time_since_rest":50613,"minecraft:sprint_one_cm":363821,"minecraft:damage_taken":3208,"minecraft:walk_one_cm":128627,"minecraft:drop":10,"minecraft:damage_dealt":2376,"minecraft:swim_one_cm":36141,"minecraft:talked_to_villager":7,"minecraft:fly_one_cm":492343,"minecraft:open_chest":15,"minecraft:crouch_one_cm":21872,"minecraft:play_time":146124,"minecraft:deaths":4,"minecraft:sneak_time":9074,"minecraft:walk_under_water_one_cm":14445,"minecraft:jump":2034,"minecraft:walk_on_water_one_cm":7329,"minecraft:total_world_time":146124,"minecraft:fall_one_cm":45067}},"DataVersion":2975}