{"stats":{"minecraft:killed_by":{"minecraft:skeleton":1},"minecraft:custom":{"minecraft:time_since_rest":14856,"minecraft:walk_one_cm":2912,"minecraft:crouch_one_cm":20,"minecraft:play_time":16639,"minecraft:sprint_one_cm":2259,"minecraft:damage_taken":280,"minecraft:deaths":1,"minecraft:sneak_time":154,"minecraft:drop":1,"minecraft:jump":36,"minecraft:time_since_death":14848,"minecraft:total_world_time":16639,"minecraft:interact_with_crafting_table":1,"minecraft:fall_one_cm":544,"minecraft:fly_one_cm":2744},"minecraft:mined":{"minecraft:grass_block":2,"minecraft:oak_log":6,"minecraft:dirt":4,"minecraft:stone":2,"minecraft:crafting_table":1,"minecraft:oak_leaves":1},"minecraft:dropped":{"minecraft:oak_sapling":2},"minecraft:used":{"minecraft:dirt":1,"minecraft:crafting_table":1,"minecraft:wooden_pickaxe":2},"minecraft:picked_up":{"minecraft:crafting_table":1,"minecraft:oak_log":6,"minecraft:oak_sapling":2,"minecraft:dirt":6,"minecraft:cobblestone":2},"minecraft:crafted":{"minecraft:oak_planks":24,"minecraft:crafting_table":1,"minecraft:stick":8,"minecraft:wooden_pickaxe":1}},"DataVersion":2975}