{"stats":{"minecraft:killed":{"minecraft:zombie":2,"minecraft:spider":2},"minecraft:killed_by":{"minecraft:skeleton":1},"minecraft:crafted":{"minecraft:oak_planks":200,"minecraft:crafting_table":1,"minecraft:spruce_planks":28,"minecraft:stick":8,"minecraft:wooden_pickaxe":1,"minecraft:stone_pickaxe":1,"minecraft:stone_sword":1,"minecraft:birch_planks":28,"minecraft:torch":4,"minecraft:stone_axe":1},"minecraft:picked_up":{"minecraft:birch_log":7,"minecraft:stick":2,"minecraft:crafting_table":2,"minecraft:birch_planks":2,"minecraft:oak_log":50,"minecraft:spruce_sapling":1,"minecraft:spruce_log":7,"minecraft:dirt":9,"minecraft:rotten_flesh":3,"minecraft:spruce_planks":5,"minecraft:oak_sapling":3,"minecraft:oak_planks":4,"minecraft:coal":24,"minecraft:cobblestone":17},"minecraft:dropped":{"minecraft:oak_sapling":2,"minecraft:rotten_flesh":3},"minecraft:used":{"minecraft:stone_sword":13,"minecraft:birch_planks":30,"minecraft:stone_pickaxe":32,"minecraft:oak_planks":60,"minecraft:spruce_planks":33,"minecraft:wooden_pickaxe":13,"minecraft:torch":1,"minecraft:stone_axe":84,"minecraft:dirt":9,"minecraft:cobblestone":4,"minecraft:crafting_table":2,"minecraft:cooked_beef":10},"minecraft:mined":{"minecraft:birch_planks":2,"minecraft:spruce_planks":5,"minecraft:birch_log":7,"minecraft:spruce_log":7,"minecraft:birch_leaves":2,"minecraft:crafting_table":2,"minecraft:grass":2,"minecraft:oak_log":50,"minecraft:grass_block":3,"minecraft:coal_ore":24,"minecraft:dirt":6,"minecraft:cobblestone":4,"minecraft:spruce_leaves":2,"minecraft:stone":16,"minecraft:oak_planks":4,"minecraft:oak_leaves":8},"minecraft:custom":{"minecraft:time_since_rest":56139,"minecraft:sprint_one_cm":99781,"minecraft:damage_taken":990,"minecraft:walk_one_cm":36078,"minecraft:mob_kills":4,"minecraft:drop":2,"minecraft:damage_dealt":757,"minecraft:swim_one_cm":5646,"minecraft:interact_with_crafting_table":2,"minecraft:fly_one_cm":45020,"minecraft:play_time":57922,"minecraft:crouch_one_cm":5392,"minecraft:deaths":1,"minecraft:sneak_time":1987,"minecraft:walk_under_water_one_cm":704,"minecraft:jump":497,"minecraft:leave_game":2,"minecraft:time_since_death":56131,"minecraft:walk_on_water_one_cm":2126,"minecraft:total_world_time":57922,"minecraft:fall_one_cm":12809}},"DataVersion":2975}