{"stats":{"minecraft:killed":{"minecraft:spider":2,"minecraft:sheep":2,"minecraft:skeleton":2,"minecraft:zombie":2,"minecraft:cow":2},"minecraft:killed_by":{"minecraft:player":2,"minecraft:skeleton":1,"nethertitan:arambulo_verde":1},"minecraft:crafted":{"minecraft:oak_planks":412,"minecraft:crafting_table":3,"minecraft:spruce_planks":28,"minecraft:wooden_pickaxe":3,"minecraft:birch_planks":28,"minecraft:stone_axe":2,"minecraft:stick":36,"minecraft:stone_pickaxe":2,"minecraft:stone_sword":1,"minecraft:torch":52},"minecraft:picked_up":{"minecraft:birch_log":7,"minecraft:crafting_table":4,"minecraft:leather":2,"minecraft:birch_planks":2,"minecraft:oak_log":103,"minecraft:dirt":10,"minecraft:bone":4,"minecraft:cobbled_deepslate":3,"minecraft:spruce_planks":5,"minecraft:beef":3,"minecraft:sugar_cane":137,"minecraft:oak_planks":4,"minecraft:stick":2,"minecraft:pumpkin":2,"minecraft:torch":1,"minecraft:spruce_sapling":1,"minecraft:spruce_log":7,"minecraft:arrow":4,"minecraft:rotten_flesh":3,"minecraft:oak_sapling":5,"minecraft:mutton":2,"minecraft:coal":60,"minecraft:white_wool":2,"minecraft:cobblestone":32},"minecraft:dropped":{"minecraft:cooked_beef":1,"minecraft:rotten_flesh":3,"minecraft:oak_planks":5,"minecraft:stick":2,"minecraft:oak_sapling":3,"minecraft:arrow":4,"minecraft:wooden_pickaxe":2},"minecraft:used":{"minecraft:stone_sword":24,"minecraft:birch_planks":30,"minecraft:stone_pickaxe":78,"minecraft:oak_planks":61,"minecraft:spruce_planks":33,"minecraft:wooden_pickaxe":21,"minecraft:torch":7,"minecraft:dirt":10,"minecraft:mutton":1,"minecraft:crafting_table":5,"minecraft:iron_boots":1,"minecraft:stone_axe":145,"minecraft:cobblestone":11,"minecraft:beef":1,"minecraft:cooked_beef":28,"minecraft:pumpkin":2},"minecraft:custom":{"minecraft:mob_kills":10,"minecraft:interact_with_crafting_table":8,"minecraft:leave_game":3,"minecraft:time_since_death":26606,"minecraft:time_since_rest":26613,"minecraft:sprint_one_cm":230247,"minecraft:damage_taken":3026,"minecraft:walk_one_cm":101451,"minecraft:drop":9,"minecraft:damage_dealt":1932,"minecraft:swim_one_cm":30096,"minecraft:talked_to_villager":4,"minecraft:fly_one_cm":386096,"minecraft:open_chest":9,"minecraft:crouch_one_cm":8994,"minecraft:play_time":122124,"minecraft:deaths":4,"minecraft:sneak_time":4836,"minecraft:walk_under_water_one_cm":14417,"minecraft:jump":1218,"minecraft:walk_on_water_one_cm":5943,"minecraft:total_world_time":122124,"minecraft:fall_one_cm":33324},"minecraft:mined":{"minecraft:spruce_planks":5,"minecraft:crafting_table":4,"minecraft:grass_block":4,"minecraft:cobblestone":4,"minecraft:spruce_leaves":2,"minecraft:oak_planks":4,"minecraft:sugar_cane":95,"minecraft:wall_torch":1,"minecraft:birch_planks":2,"minecraft:birch_log":7,"minecraft:cobbled_deepslate":1,"minecraft:spruce_log":7,"minecraft:birch_leaves":2,"minecraft:pumpkin":2,"minecraft:grass":3,"minecraft:coal_ore":60,"minecraft:oak_log":103,"minecraft:dirt":6,"minecraft:stone":31,"minecraft:deepslate":2,"minecraft:oak_leaves":13}},"DataVersion":2975}