{"stats":{"minecraft:custom":{"minecraft:interact_with_furnace":17,"minecraft:mob_kills":16,"minecraft:interact_with_crafting_table":6,"minecraft:leave_game":2,"minecraft:time_since_death":29790,"minecraft:sleep_in_bed":1,"minecraft:time_since_rest":20569,"minecraft:sprint_one_cm":98833,"minecraft:damage_taken":527,"minecraft:walk_one_cm":46218,"minecraft:damage_blocked_by_shield":270,"minecraft:drop":8,"minecraft:damage_dealt":2040,"minecraft:swim_one_cm":14446,"minecraft:fly_one_cm":110791,"minecraft:open_chest":2,"minecraft:crouch_one_cm":590,"minecraft:play_time":29790,"minecraft:sneak_time":387,"minecraft:walk_under_water_one_cm":3764,"minecraft:boat_one_cm":129676,"minecraft:jump":577,"minecraft:walk_on_water_one_cm":4638,"minecraft:total_world_time":29790,"minecraft:fall_one_cm":17421},"minecraft:mined":{"minecraft:white_bed":1,"minecraft:crafting_table":5,"minecraft:grass_block":1,"minecraft:spruce_leaves":42,"minecraft:furnace":3,"minecraft:iron_ore":2,"minecraft:spruce_log":26,"minecraft:birch_leaves":1,"minecraft:grass":1,"minecraft:oak_log":4,"minecraft:coal_ore":5,"minecraft:dirt":4,"minecraft:stone":30,"minecraft:oak_leaves":2},"minecraft:dropped":{"minecraft:moss_block":1,"minecraft:wheat_seeds":1,"minecraft:lapis_lazuli":14,"minecraft:iron_nugget":4,"minecraft:leather":3,"minecraft:gold_nugget":1,"minecraft:arrow":1,"minecraft:bone":1},"minecraft:used":{"minecraft:cooked_mutton":4,"minecraft:stone_pickaxe":37,"minecraft:wooden_pickaxe":3,"minecraft:shield":8,"minecraft:torch":1,"minecraft:dirt":5,"minecraft:crafting_table":5,"minecraft:white_bed":1,"minecraft:spruce_log":2,"minecraft:spruce_boat":4,"minecraft:stone_axe":56,"minecraft:cobblestone":4,"minecraft:furnace":3,"minecraft:cooked_beef":3},"minecraft:killed":{"minecraft:pig":2,"minecraft:zombie_villager":1,"minecraft:sheep":3,"minecraft:skeleton":3,"minecraft:zombie":1,"minecraft:cow":6},"minecraft:picked_up":{"minecraft:crafting_table":5,"minecraft:leather":8,"minecraft:oak_log":4,"minecraft:dirt":5,"minecraft:bone":1,"minecraft:wheat_seeds":1,"minecraft:beef":15,"minecraft:moss_block":1,"minecraft:furnace":3,"minecraft:raw_iron":2,"minecraft:stick":3,"minecraft:torch":1,"minecraft:porkchop":2,"minecraft:white_bed":1,"minecraft:spruce_log":25,"minecraft:arrow":1,"minecraft:spruce_boat":4,"minecraft:mutton":5,"minecraft:coal":5,"minecraft:white_wool":3,"minecraft:cobblestone":30},"minecraft:crafted":{"minecraft:cooked_beef":5,"minecraft:oak_planks":16,"minecraft:crafting_table":1,"minecraft:spruce_planks":64,"minecraft:wooden_pickaxe":1,"minecraft:furnace":2,"minecraft:stone_axe":1,"minecraft:cooked_mutton":5,"minecraft:air":0,"minecraft:shield":1,"minecraft:stick":16,"minecraft:iron_ingot":2,"minecraft:stone_pickaxe":1,"minecraft:white_bed":1,"minecraft:spruce_boat":1,"minecraft:torch":4}},"DataVersion":2975}