{"stats":{"minecraft:custom":{"minecraft:interact_with_furnace":17,"minecraft:mob_kills":9,"minecraft:interact_with_crafting_table":6,"minecraft:time_since_death":22121,"minecraft:sleep_in_bed":1,"minecraft:time_since_rest":12900,"minecraft:sprint_one_cm":64089,"minecraft:damage_taken":330,"minecraft:walk_one_cm":32402,"minecraft:damage_blocked_by_shield":190,"minecraft:drop":8,"minecraft:damage_dealt":1240,"minecraft:swim_one_cm":14446,"minecraft:fly_one_cm":83951,"minecraft:open_chest":2,"minecraft:crouch_one_cm":169,"minecraft:play_time":22121,"minecraft:sneak_time":114,"minecraft:walk_under_water_one_cm":3764,"minecraft:boat_one_cm":124636,"minecraft:jump":421,"minecraft:walk_on_water_one_cm":4537,"minecraft:total_world_time":22121,"minecraft:fall_one_cm":12467},"minecraft:mined":{"minecraft:white_bed":1,"minecraft:crafting_table":5,"minecraft:grass_block":1,"minecraft:spruce_leaves":1,"minecraft:furnace":3,"minecraft:iron_ore":2,"minecraft:spruce_log":12,"minecraft:birch_leaves":1,"minecraft:grass":1,"minecraft:coal_ore":5,"minecraft:oak_log":4,"minecraft:dirt":4,"minecraft:stone":30,"minecraft:oak_leaves":1},"minecraft:dropped":{"minecraft:moss_block":1,"minecraft:wheat_seeds":1,"minecraft:lapis_lazuli":14,"minecraft:iron_nugget":4,"minecraft:leather":3,"minecraft:gold_nugget":1,"minecraft:arrow":1,"minecraft:bone":1},"minecraft:used":{"minecraft:cooked_mutton":3,"minecraft:stone_pickaxe":37,"minecraft:wooden_pickaxe":3,"minecraft:shield":6,"minecraft:torch":1,"minecraft:dirt":5,"minecraft:crafting_table":5,"minecraft:white_bed":1,"minecraft:spruce_log":2,"minecraft:spruce_boat":4,"minecraft:stone_axe":31,"minecraft:cobblestone":2,"minecraft:furnace":3,"minecraft:cooked_beef":2},"minecraft:killed":{"minecraft:zombie_villager":1,"minecraft:sheep":3,"minecraft:skeleton":2,"minecraft:zombie":1,"minecraft:cow":2},"minecraft:picked_up":{"minecraft:crafting_table":5,"minecraft:leather":3,"minecraft:oak_log":4,"minecraft:dirt":5,"minecraft:bone":1,"minecraft:wheat_seeds":1,"minecraft:beef":5,"minecraft:moss_block":1,"minecraft:furnace":3,"minecraft:raw_iron":2,"minecraft:torch":1,"minecraft:white_bed":1,"minecraft:spruce_log":12,"minecraft:arrow":1,"minecraft:spruce_boat":3,"minecraft:mutton":5,"minecraft:coal":5,"minecraft:white_wool":3,"minecraft:cobblestone":30},"minecraft:crafted":{"minecraft:cooked_beef":5,"minecraft:oak_planks":16,"minecraft:crafting_table":1,"minecraft:spruce_planks":40,"minecraft:wooden_pickaxe":1,"minecraft:furnace":2,"minecraft:stone_axe":1,"minecraft:cooked_mutton":5,"minecraft:air":0,"minecraft:shield":1,"minecraft:stick":16,"minecraft:iron_ingot":2,"minecraft:stone_pickaxe":1,"minecraft:white_bed":1,"minecraft:spruce_boat":1,"minecraft:torch":4}},"DataVersion":2975}