{"stats":{"minecraft:custom":{"minecraft:interact_with_furnace":17,"minecraft:mob_kills":18,"minecraft:interact_with_crafting_table":6,"minecraft:leave_game":3,"minecraft:time_since_death":34678,"minecraft:sleep_in_bed":1,"minecraft:time_since_rest":25457,"minecraft:sprint_one_cm":116238,"minecraft:damage_taken":604,"minecraft:walk_one_cm":59115,"minecraft:damage_blocked_by_shield":300,"minecraft:drop":8,"minecraft:damage_dealt":2429,"minecraft:swim_one_cm":16882,"minecraft:fly_one_cm":130340,"minecraft:open_chest":4,"minecraft:crouch_one_cm":733,"minecraft:play_time":34678,"minecraft:sneak_time":416,"minecraft:walk_under_water_one_cm":3854,"minecraft:boat_one_cm":162342,"minecraft:jump":680,"minecraft:walk_on_water_one_cm":5460,"minecraft:total_world_time":34678,"minecraft:fall_one_cm":21544},"minecraft:mined":{"minecraft:white_bed":1,"minecraft:crafting_table":5,"minecraft:grass_block":1,"minecraft:spruce_leaves":53,"minecraft:furnace":3,"minecraft:iron_ore":2,"minecraft:spruce_log":26,"minecraft:birch_leaves":1,"minecraft:grass":1,"minecraft:oak_log":4,"minecraft:coal_ore":5,"minecraft:dirt":4,"minecraft:stone":30,"minecraft:oak_leaves":2},"minecraft:dropped":{"minecraft:moss_block":1,"minecraft:wheat_seeds":1,"minecraft:lapis_lazuli":14,"minecraft:iron_nugget":4,"minecraft:leather":3,"minecraft:gold_nugget":1,"minecraft:arrow":1,"minecraft:bone":1},"minecraft:used":{"minecraft:cooked_mutton":5,"minecraft:stone_pickaxe":37,"minecraft:wooden_pickaxe":3,"minecraft:shield":9,"minecraft:torch":1,"minecraft:dirt":5,"minecraft:crafting_table":5,"minecraft:white_bed":1,"minecraft:spruce_log":2,"minecraft:spruce_boat":5,"minecraft:stone_axe":60,"minecraft:cobblestone":7,"minecraft:furnace":3,"minecraft:cooked_beef":4,"minecraft:experience_bottle":1},"minecraft:killed":{"minecraft:pig":3,"minecraft:zombie_villager":1,"minecraft:sheep":3,"minecraft:skeleton":4,"minecraft:zombie":1,"minecraft:cow":6},"minecraft:picked_up":{"minecraft:crafting_table":5,"minecraft:leather":8,"minecraft:oak_log":4,"minecraft:dirt":5,"minecraft:bone":3,"minecraft:wheat_seeds":1,"minecraft:beef":15,"minecraft:moss_block":1,"minecraft:furnace":3,"minecraft:raw_iron":2,"minecraft:stick":3,"minecraft:torch":1,"minecraft:porkchop":3,"minecraft:spruce_sapling":1,"minecraft:white_bed":1,"minecraft:spruce_log":25,"minecraft:arrow":2,"minecraft:spruce_boat":4,"minecraft:mutton":5,"minecraft:coal":5,"minecraft:white_wool":3,"minecraft:cobblestone":30},"minecraft:crafted":{"minecraft:cooked_beef":5,"minecraft:oak_planks":16,"minecraft:crafting_table":1,"minecraft:spruce_planks":64,"minecraft:wooden_pickaxe":1,"minecraft:furnace":2,"minecraft:stone_axe":1,"minecraft:cooked_mutton":5,"minecraft:air":0,"minecraft:shield":1,"minecraft:stick":16,"minecraft:iron_ingot":2,"minecraft:stone_pickaxe":1,"minecraft:white_bed":1,"minecraft:spruce_boat":1,"minecraft:torch":4}},"DataVersion":2975}