{"stats":{"minecraft:custom":{"minecraft:time_since_rest":900,"minecraft:interact_with_furnace":13,"minecraft:sprint_one_cm":25143,"minecraft:damage_taken":60,"minecraft:walk_one_cm":14964,"minecraft:mob_kills":5,"minecraft:drop":3,"minecraft:damage_dealt":440,"minecraft:interact_with_crafting_table":4,"minecraft:swim_one_cm":2969,"minecraft:fly_one_cm":25613,"minecraft:crouch_one_cm":168,"minecraft:play_time":10121,"minecraft:sneak_time":75,"minecraft:walk_under_water_one_cm":452,"minecraft:jump":178,"minecraft:walk_on_water_one_cm":78,"minecraft:time_since_death":10121,"minecraft:sleep_in_bed":1,"minecraft:total_world_time":10121,"minecraft:fall_one_cm":6131},"minecraft:mined":{"minecraft:white_bed":1,"minecraft:furnace":2,"minecraft:spruce_log":12,"minecraft:crafting_table":3,"minecraft:grass":1,"minecraft:oak_log":4,"minecraft:grass_block":1,"minecraft:coal_ore":5,"minecraft:dirt":4,"minecraft:spruce_leaves":1,"minecraft:stone":28,"minecraft:oak_leaves":1},"minecraft:used":{"minecraft:stone_pickaxe":32,"minecraft:wooden_pickaxe":3,"minecraft:stone_axe":21,"minecraft:dirt":5,"minecraft:crafting_table":3,"minecraft:furnace":2,"minecraft:white_bed":1,"minecraft:cooked_beef":1,"minecraft:spruce_log":2},"minecraft:dropped":{"minecraft:moss_block":1,"minecraft:wheat_seeds":1,"minecraft:leather":3},"minecraft:killed":{"minecraft:sheep":3,"minecraft:cow":2},"minecraft:picked_up":{"minecraft:crafting_table":3,"minecraft:leather":3,"minecraft:oak_log":4,"minecraft:white_bed":1,"minecraft:spruce_log":12,"minecraft:dirt":5,"minecraft:wheat_seeds":1,"minecraft:beef":5,"minecraft:moss_block":1,"minecraft:mutton":5,"minecraft:coal":5,"minecraft:white_wool":3,"minecraft:cobblestone":28,"minecraft:furnace":2},"minecraft:crafted":{"minecraft:cooked_beef":5,"minecraft:oak_planks":16,"minecraft:crafting_table":1,"minecraft:spruce_planks":40,"minecraft:stick":16,"minecraft:wooden_pickaxe":1,"minecraft:stone_pickaxe":1,"minecraft:furnace":2,"minecraft:white_bed":1,"minecraft:torch":4,"minecraft:stone_axe":1,"minecraft:cooked_mutton":5,"minecraft:air":0}},"DataVersion":2975}