{"stats":{"minecraft:killed_by":{"minecraft:player":2},"minecraft:custom":{"minecraft:time_since_rest":1149,"minecraft:sprint_one_cm":26255,"minecraft:damage_taken":705,"minecraft:walk_one_cm":15006,"minecraft:mob_kills":1,"minecraft:drop":1,"minecraft:damage_dealt":225,"minecraft:interact_with_crafting_table":3,"minecraft:swim_one_cm":1015,"minecraft:fly_one_cm":39667,"minecraft:crouch_one_cm":9252,"minecraft:play_time":12447,"minecraft:deaths":2,"minecraft:sneak_time":3355,"minecraft:walk_under_water_one_cm":292,"minecraft:jump":258,"minecraft:leave_game":1,"minecraft:walk_on_water_one_cm":194,"minecraft:time_since_death":1144,"minecraft:total_world_time":12447,"minecraft:fall_one_cm":8920},"minecraft:mined":{"minecraft:iron_ore":6,"minecraft:crafting_table":1,"minecraft:oak_log":12,"minecraft:coal_ore":27,"minecraft:stone":39,"minecraft:moss_block":1,"minecraft:oak_leaves":2},"minecraft:dropped":{"minecraft:oak_log":1},"minecraft:used":{"minecraft:moss_block":1,"minecraft:stone_pickaxe":39,"minecraft:iron_pickaxe":18,"minecraft:iron_helmet":1,"minecraft:wooden_pickaxe":27,"minecraft:iron_sword":2,"minecraft:iron_boots":1,"minecraft:rotten_flesh":2,"minecraft:iron_chestplate":1,"minecraft:stone_axe":9,"minecraft:torch":14,"minecraft:cobblestone":4,"minecraft:crafting_table":2,"minecraft:cooked_beef":2,"minecraft:iron_leggings":1},"minecraft:killed":{"minecraft:zombie":1},"minecraft:picked_up":{"minecraft:iron_chestplate":1,"minecraft:raw_iron":6,"minecraft:crafting_table":1,"minecraft:cooked_beef":32,"minecraft:oak_log":13,"minecraft:iron_leggings":1,"minecraft:rotten_flesh":2,"minecraft:iron_helmet":1,"minecraft:iron_pickaxe":1,"minecraft:moss_block":1,"minecraft:iron_sword":1,"minecraft:coal":27,"minecraft:iron_boots":1,"minecraft:cobblestone":39},"minecraft:crafted":{"minecraft:oak_planks":40,"minecraft:crafting_table":2,"minecraft:stick":12,"minecraft:wooden_pickaxe":1,"minecraft:stone_pickaxe":1,"minecraft:torch":24,"minecraft:stone_axe":1}},"DataVersion":2975}