{"stats":{"minecraft:used":{"minecraft:moss_block":1,"minecraft:stone_pickaxe":39,"minecraft:wooden_pickaxe":27,"minecraft:iron_sword":66,"minecraft:rotten_flesh":2,"minecraft:iron_chestplate":1,"minecraft:torch":39,"minecraft:dirt":3,"minecraft:crafting_table":4,"minecraft:tuff":2,"minecraft:iron_pickaxe":65,"minecraft:iron_helmet":1,"minecraft:iron_boots":1,"minecraft:stone_axe":10,"minecraft:cobblestone":11,"minecraft:cooked_beef":6,"minecraft:cobbled_deepslate":13,"minecraft:iron_leggings":1},"minecraft:killed_by":{"minecraft:player":3,"nethertitan:arambulo_verde":1},"minecraft:picked_up":{"minecraft:iron_chestplate":1,"minecraft:crafting_table":2,"minecraft:cooked_beef":33,"minecraft:tuff":2,"minecraft:oak_log":13,"minecraft:lapis_lazuli":17,"minecraft:dirt":3,"minecraft:iron_leggings":1,"minecraft:cobbled_deepslate":14,"minecraft:raw_gold":1,"minecraft:iron_pickaxe":2,"minecraft:moss_block":1,"minecraft:iron_sword":2,"minecraft:iron_boots":1,"minecraft:raw_iron":9,"minecraft:torch":2,"minecraft:porkchop":5,"minecraft:rotten_flesh":9,"minecraft:iron_helmet":1,"minecraft:coal":39,"minecraft:cobblestone":48},"minecraft:crafted":{"minecraft:oak_planks":48,"minecraft:crafting_table":3,"minecraft:wooden_pickaxe":1,"minecraft:stone_axe":2,"minecraft:stick":20,"minecraft:stone_pickaxe":1,"minecraft:torch":48},"minecraft:mined":{"minecraft:tuff":2,"minecraft:crafting_table":2,"minecraft:torch":1,"minecraft:grass_block":1,"minecraft:cobblestone":1,"minecraft:deepslate_gold_ore":1,"minecraft:moss_block":1,"minecraft:wall_torch":2,"minecraft:cobbled_deepslate":4,"minecraft:iron_ore":6,"minecraft:deepslate_lapis_ore":2,"minecraft:grass":1,"minecraft:coal_ore":39,"minecraft:oak_log":12,"minecraft:deepslate_iron_ore":3,"minecraft:dirt":2,"minecraft:stone":48,"minecraft:oak_leaves":8,"minecraft:deepslate":11},"minecraft:custom":{"minecraft:mob_kills":8,"minecraft:interact_with_crafting_table":6,"minecraft:leave_game":3,"minecraft:time_since_death":5824,"minecraft:time_since_rest":5830,"minecraft:sprint_one_cm":59573,"minecraft:damage_taken":1718,"minecraft:walk_one_cm":32613,"minecraft:drop":6,"minecraft:damage_dealt":1448,"minecraft:swim_one_cm":1015,"minecraft:fly_one_cm":293330,"minecraft:player_kills":1,"minecraft:open_chest":1,"minecraft:crouch_one_cm":14598,"minecraft:play_time":31509,"minecraft:deaths":5,"minecraft:sneak_time":6275,"minecraft:walk_under_water_one_cm":467,"minecraft:jump":611,"minecraft:walk_on_water_one_cm":882,"minecraft:total_world_time":31509,"minecraft:fall_one_cm":20494},"minecraft:dropped":{"minecraft:iron_sword":1,"minecraft:stone_axe":1,"minecraft:cooked_beef":1,"minecraft:oak_log":1,"minecraft:torch":1,"minecraft:iron_pickaxe":1},"minecraft:killed":{"minecraft:pig":2,"minecraft:zombie":6}},"DataVersion":2975}