{"stats":{"minecraft:killed_by":{"nethertitan:arambulo":1},"minecraft:custom":{"minecraft:time_since_rest":2413,"minecraft:crouch_one_cm":475,"minecraft:walk_one_cm":14851,"minecraft:play_time":10213,"minecraft:sprint_one_cm":7143,"minecraft:damage_taken":535,"minecraft:deaths":2,"minecraft:sneak_time":875,"minecraft:walk_under_water_one_cm":1118,"minecraft:jump":64,"minecraft:walk_on_water_one_cm":705,"minecraft:time_since_death":2409,"minecraft:total_world_time":10213,"minecraft:climb_one_cm":736,"minecraft:swim_one_cm":2043,"minecraft:interact_with_crafting_table":1,"minecraft:fall_one_cm":2676,"minecraft:fly_one_cm":39289},"minecraft:mined":{"minecraft:grass_block":4,"minecraft:oak_log":5,"minecraft:dirt":1,"minecraft:azalea_leaves":1,"minecraft:stone":1,"minecraft:crafting_table":1},"minecraft:used":{"minecraft:wooden_axe":1,"minecraft:dirt":5,"minecraft:cobblestone":1,"minecraft:crafting_table":1,"minecraft:wooden_pickaxe":2},"minecraft:picked_up":{"minecraft:crafting_table":1,"minecraft:oak_log":5,"minecraft:dirt":5,"minecraft:cobblestone":1},"minecraft:crafted":{"minecraft:oak_planks":20,"minecraft:crafting_table":1,"minecraft:stick":8,"minecraft:wooden_pickaxe":1,"minecraft:wooden_axe":1}},"DataVersion":2975}