{"stats":{"minecraft:killed_by":{"minecraft:player":1},"minecraft:used":{"minecraft:stone_sword":6,"minecraft:wooden_sword":1},"minecraft:custom":{"minecraft:jump":127,"minecraft:leave_game":1,"minecraft:time_since_rest":2502,"minecraft:damage_dealt":262,"minecraft:crouch_one_cm":58,"minecraft:deaths":2,"minecraft:sprint_one_cm":41486,"minecraft:play_time":10091,"minecraft:damage_taken":802,"minecraft:time_since_death":2496,"minecraft:walk_one_cm":25778,"minecraft:sneak_time":66,"minecraft:total_world_time":10091,"minecraft:talked_to_villager":3,"minecraft:fall_one_cm":3483,"minecraft:fly_one_cm":23071,"minecraft:player_kills":1},"minecraft:picked_up":{"minecraft:stone_sword":1,"minecraft:wooden_sword":1}},"DataVersion":2975}