{"stats":{"minecraft:custom":{"minecraft:time_since_rest":6459,"minecraft:crouch_one_cm":430,"minecraft:play_time":6459,"minecraft:sprint_one_cm":23440,"minecraft:damage_taken":105,"minecraft:walk_one_cm":15196,"minecraft:sneak_time":139,"minecraft:mob_kills":4,"minecraft:jump":182,"minecraft:damage_dealt":381,"minecraft:leave_game":1,"minecraft:time_since_death":6459,"minecraft:total_world_time":6459,"minecraft:interact_with_crafting_table":3,"minecraft:fall_one_cm":6199,"minecraft:fly_one_cm":36975},"minecraft:mined":{"minecraft:grass":1,"minecraft:grass_block":1,"minecraft:oak_log":9,"minecraft:oak_leaves":4,"minecraft:crafting_table":2},"minecraft:used":{"minecraft:wooden_axe":1,"minecraft:dirt":1,"minecraft:crafting_table":1,"minecraft:cooked_beef":1,"minecraft:stone_axe":9},"minecraft:killed":{"minecraft:sheep":3},"minecraft:picked_up":{"minecraft:cooked_beef":15,"minecraft:crafting_table":2,"minecraft:oak_log":9,"minecraft:mutton":2,"minecraft:white_wool":2,"minecraft:oak_planks":7,"minecraft:dirt":1,"minecraft:cobblestone":17},"minecraft:crafted":{"minecraft:stone_sword":1,"minecraft:wooden_sword":1,"minecraft:oak_planks":16,"minecraft:stone_axe":1,"minecraft:crafting_table":1,"minecraft:stick":12,"minecraft:stone_pickaxe":1,"minecraft:wooden_pickaxe":1,"minecraft:wooden_axe":1}},"DataVersion":2975}