{"stats":{"minecraft:dropped":{"minecraft:wheat_seeds":6,"minecraft:dirt":15,"minecraft:andesite":2,"minecraft:wooden_axe":1,"minecraft:wooden_pickaxe":1},"minecraft:killed":{"minecraft:spider":1,"minecraft:iron_golem":1,"minecraft:sheep":3,"minecraft:skeleton":3,"minecraft:zombie":3,"minecraft:drowned":1,"minecraft:cow":2},"minecraft:mined":{"minecraft:brewing_stand":1,"minecraft:crafting_table":2,"minecraft:grass_block":26,"minecraft:cobblestone":6,"minecraft:oak_planks":4,"minecraft:wall_torch":2,"minecraft:carrots":2,"minecraft:iron_ore":2,"minecraft:wheat":2,"minecraft:fire":10,"minecraft:andesite":1,"minecraft:gold_block":4,"minecraft:grass":9,"minecraft:potatoes":1,"minecraft:oak_log":25,"minecraft:dirt_path":3,"minecraft:dirt":17,"minecraft:stripped_oak_log":8,"minecraft:stone":13,"minecraft:white_wool":1,"minecraft:oak_leaves":6},"minecraft:custom":{"minecraft:interact_with_furnace":2,"minecraft:mob_kills":15,"minecraft:interact_with_crafting_table":11,"minecraft:leave_game":3,"minecraft:time_since_death":37,"minecraft:climb_one_cm":850,"minecraft:time_since_rest":41,"minecraft:sprint_one_cm":120544,"minecraft:damage_taken":1273,"minecraft:walk_one_cm":118483,"minecraft:drop":6,"minecraft:damage_dealt":3259,"minecraft:swim_one_cm":5272,"minecraft:fly_one_cm":217553,"minecraft:open_chest":11,"minecraft:crouch_one_cm":7782,"minecraft:play_time":38874,"minecraft:deaths":1,"minecraft:sneak_time":1983,"minecraft:walk_under_water_one_cm":7543,"minecraft:jump":1094,"minecraft:walk_on_water_one_cm":6732,"minecraft:total_world_time":38874,"minecraft:fall_one_cm":37394},"minecraft:crafted":{"minecraft:wooden_sword":1,"minecraft:oak_planks":140,"minecraft:stone_shovel":1,"minecraft:crafting_table":2,"minecraft:wooden_pickaxe":1,"minecraft:bucket":1,"minecraft:bone_meal":6,"minecraft:stone_axe":1,"minecraft:air":0,"minecraft:oak_fence_gate":4,"minecraft:wooden_hoe":1,"minecraft:stick":32,"minecraft:iron_ingot":2,"minecraft:iron_pickaxe":1,"minecraft:stone_pickaxe":1,"minecraft:wooden_axe":1,"minecraft:stone_sword":1,"minecraft:gold_ingot":38},"minecraft:picked_up":{"minecraft:wooden_axe":1,"minecraft:stripped_oak_log":8,"minecraft:crafting_table":2,"minecraft:cooked_beef":19,"minecraft:andesite":8,"minecraft:leather":4,"minecraft:wooden_pickaxe":1,"minecraft:potato":1,"minecraft:gold_block":4,"nethertitan:arambulo_pata_3":1,"minecraft:oak_log":27,"minecraft:brewing_stand":1,"minecraft:gunpowder":3,"minecraft:dirt":79,"minecraft:bone":2,"minecraft:wheat_seeds":6,"minecraft:beef":2,"minecraft:iron_ingot":4,"minecraft:stripped_oak_wood":1,"minecraft:oak_planks":11,"minecraft:raw_iron":2,"minecraft:torch":6,"minecraft:dandelion":1,"minecraft:carrot":5,"minecraft:rotten_flesh":5,"minecraft:oak_sapling":2,"minecraft:mutton":2,"minecraft:white_wool":3,"minecraft:cobblestone":38},"minecraft:used":{"minecraft:water_bucket":1,"minecraft:stone_sword":77,"minecraft:flint_and_steel":9,"minecraft:stone_pickaxe":16,"minecraft:stone_shovel":27,"minecraft:oak_planks":96,"minecraft:white_wool":1,"minecraft:torch":4,"minecraft:dirt":64,"minecraft:crafting_table":3,"minecraft:carrot":2,"minecraft:oak_fence_gate":4,"minecraft:wooden_axe":1,"minecraft:wooden_hoe":18,"minecraft:iron_pickaxe":12,"minecraft:stone_axe":40,"minecraft:cobblestone":10,"minecraft:bucket":2,"minecraft:cooked_beef":10,"minecraft:potato":6,"minecraft:dandelion":1,"minecraft:bone_meal":6}},"DataVersion":2975}