{"stats":{"minecraft:custom":{"minecraft:jump":44,"minecraft:time_since_rest":1571,"minecraft:sprint_one_cm":5407,"minecraft:play_time":1571,"minecraft:damage_taken":35,"minecraft:time_since_death":1571,"minecraft:walk_one_cm":3864,"minecraft:total_world_time":1571,"minecraft:fall_one_cm":335,"minecraft:fly_one_cm":5737},"minecraft:mined":{"minecraft:grass":1,"minecraft:oak_log":1,"minecraft:grass_block":1},"minecraft:used":{"minecraft:dirt":1},"minecraft:picked_up":{"minecraft:oak_log":1,"minecraft:dirt":1}},"DataVersion":2975}