{"stats":{"minecraft:killed_by":{"nethertitan:arambulo_verde":2},"minecraft:custom":{"minecraft:time_since_rest":1429,"minecraft:interact_with_furnace":1,"minecraft:sprint_one_cm":29896,"minecraft:damage_taken":570,"minecraft:walk_one_cm":38968,"minecraft:drop":1,"minecraft:interact_with_crafting_table":4,"minecraft:swim_one_cm":21752,"minecraft:fly_one_cm":57259,"minecraft:crouch_one_cm":4384,"minecraft:play_time":21233,"minecraft:deaths":2,"minecraft:sneak_time":1625,"minecraft:walk_under_water_one_cm":961,"minecraft:boat_one_cm":83875,"minecraft:jump":193,"minecraft:walk_on_water_one_cm":2840,"minecraft:time_since_death":1423,"minecraft:total_world_time":21233,"minecraft:fall_one_cm":4436},"minecraft:mined":{"minecraft:iron_ore":1,"minecraft:birch_log":19,"minecraft:birch_leaves":2,"minecraft:andesite":9,"minecraft:torch":1,"minecraft:crafting_table":1,"minecraft:granite":9,"minecraft:grass":2,"minecraft:grass_block":6,"minecraft:coal_ore":18,"minecraft:dirt":15,"minecraft:sand":1,"minecraft:cobblestone":3,"minecraft:stone":100,"minecraft:moss_block":1,"minecraft:diorite":1},"minecraft:dropped":{"minecraft:wheat_seeds":1},"minecraft:used":{"minecraft:moss_block":1,"minecraft:diorite":1,"minecraft:stone_pickaxe":120,"minecraft:birch_boat":2,"minecraft:wooden_pickaxe":30,"minecraft:stone_axe":10,"minecraft:torch":11,"minecraft:dirt":4,"minecraft:sand":1,"minecraft:cobblestone":32,"minecraft:crafting_table":2,"minecraft:furnace":1,"minecraft:andesite":8},"minecraft:picked_up":{"minecraft:birch_log":19,"minecraft:raw_iron":1,"minecraft:crafting_table":2,"minecraft:andesite":11,"minecraft:torch":1,"minecraft:wooden_pickaxe":1,"minecraft:sand":2,"minecraft:diorite":1,"minecraft:dirt":45,"minecraft:stone_axe":1,"minecraft:wheat_seeds":2,"minecraft:granite":13,"minecraft:stone_pickaxe":1,"minecraft:moss_block":1,"minecraft:birch_sapling":2,"minecraft:coal":20,"minecraft:cobblestone":122,"minecraft:furnace":1},"minecraft:crafted":{"minecraft:crafting_table":3,"minecraft:stick":12,"minecraft:wooden_pickaxe":1,"minecraft:birch_boat":2,"minecraft:stone_pickaxe":1,"minecraft:furnace":1,"minecraft:torch":12,"minecraft:birch_planks":44,"minecraft:stone_axe":1}},"DataVersion":2975}