{"stats":{"minecraft:killed_by":{"nethertitan:arambulo_verde":2},"minecraft:custom":{"minecraft:interact_with_furnace":18,"minecraft:mob_kills":4,"minecraft:interact_with_crafting_table":17,"minecraft:time_since_death":25423,"minecraft:sleep_in_bed":1,"minecraft:time_since_rest":13616,"minecraft:sprint_one_cm":73330,"minecraft:damage_taken":650,"minecraft:walk_one_cm":142342,"minecraft:damage_blocked_by_shield":260,"minecraft:drop":20,"minecraft:damage_dealt":845,"minecraft:swim_one_cm":26792,"minecraft:fly_one_cm":87747,"minecraft:crouch_one_cm":14464,"minecraft:play_time":45233,"minecraft:deaths":2,"minecraft:sneak_time":5916,"minecraft:walk_under_water_one_cm":1118,"minecraft:boat_one_cm":83875,"minecraft:jump":463,"minecraft:walk_on_water_one_cm":4183,"minecraft:total_world_time":45233,"minecraft:fall_one_cm":7542},"minecraft:mined":{"minecraft:diamond_ore":4,"minecraft:tuff":8,"minecraft:deepslate_diamond_ore":3,"minecraft:glow_lichen":1,"minecraft:oak_fence":1,"minecraft:crafting_table":3,"minecraft:torch":1,"minecraft:granite":23,"minecraft:grass_block":6,"minecraft:cobblestone":5,"minecraft:moss_block":1,"minecraft:diorite":1,"minecraft:furnace":2,"minecraft:birch_log":19,"minecraft:iron_ore":3,"minecraft:andesite":17,"minecraft:birch_leaves":2,"minecraft:grass":2,"minecraft:coal_ore":35,"minecraft:deepslate_iron_ore":18,"minecraft:sand":1,"minecraft:dirt":16,"minecraft:stone":127,"minecraft:deepslate":84},"minecraft:dropped":{"minecraft:stone_axe":2,"minecraft:birch_planks":34,"minecraft:wheat_seeds":1,"minecraft:stone_sword":1,"minecraft:crafting_table":2,"minecraft:cobblestone":147,"minecraft:oak_planks":3,"minecraft:shield":1,"minecraft:torch":9,"minecraft:andesite":24,"minecraft:sandstone":1,"minecraft:sand":2,"minecraft:stone_pickaxe":2,"minecraft:wooden_pickaxe":1,"minecraft:iron_pickaxe":1},"minecraft:used":{"minecraft:moss_block":1,"minecraft:diorite":1,"minecraft:stone_pickaxe":130,"minecraft:shield":8,"minecraft:wooden_pickaxe":30,"minecraft:birch_boat":2,"minecraft:torch":46,"minecraft:glow_berries":1,"minecraft:dirt":5,"minecraft:sand":1,"minecraft:crafting_table":3,"minecraft:granite":31,"minecraft:diamond_pickaxe":148,"minecraft:iron_axe":2,"minecraft:iron_pickaxe":31,"minecraft:iron_boots":1,"minecraft:stone_axe":21,"minecraft:cobblestone":55,"minecraft:furnace":3,"minecraft:andesite":9,"minecraft:cobbled_deepslate":13},"minecraft:killed":{"minecraft:spider":1,"minecraft:skeleton":3},"minecraft:picked_up":{"minecraft:birch_log":39,"minecraft:crafting_table":7,"nethertitan:arambulo_pata_2":2,"minecraft:andesite":43,"minecraft:wooden_pickaxe":3,"minecraft:birch_planks":30,"minecraft:tuff":8,"minecraft:string":1,"minecraft:dirt":82,"minecraft:bone":3,"minecraft:wheat_seeds":4,"minecraft:cobbled_deepslate":82,"minecraft:iron_ingot":3,"minecraft:stone_pickaxe":4,"minecraft:moss_block":1,"minecraft:birch_sapling":5,"minecraft:oak_planks":3,"minecraft:furnace":3,"minecraft:raw_iron":55,"minecraft:stick":6,"minecraft:sandstone":1,"minecraft:oak_fence":1,"minecraft:torch":11,"minecraft:sand":4,"minecraft:diorite":4,"minecraft:stone_sword":1,"nethertitan:arambulo_pata":3,"minecraft:arrow":2,"minecraft:diamond":5,"minecraft:stone_axe":4,"minecraft:granite":47,"minecraft:glow_berries":1,"minecraft:coal":42,"minecraft:cobblestone":313},"minecraft:crafted":{"minecraft:crafting_table":3,"minecraft:birch_boat":2,"minecraft:wooden_pickaxe":1,"minecraft:furnace":2,"minecraft:birch_planks":124,"minecraft:stone_axe":1,"minecraft:air":0,"minecraft:iron_boots":1,"minecraft:diamond_pickaxe":1,"minecraft:shield":2,"minecraft:iron_axe":1,"minecraft:stick":24,"minecraft:iron_ingot":9,"minecraft:iron_pickaxe":1,"minecraft:stone_pickaxe":1,"minecraft:torch":44}},"DataVersion":2975}