{"stats":{"minecraft:killed_by":{"nethertitan:arambulo_verde":2},"minecraft:custom":{"minecraft:interact_with_furnace":25,"minecraft:mob_kills":12,"minecraft:interact_with_crafting_table":20,"minecraft:leave_game":1,"minecraft:time_since_death":37640,"minecraft:sleep_in_bed":1,"minecraft:time_since_rest":25833,"minecraft:sprint_one_cm":126794,"minecraft:damage_absorbed":40,"minecraft:damage_taken":724,"minecraft:walk_one_cm":188111,"minecraft:damage_blocked_by_shield":505,"minecraft:drop":27,"minecraft:damage_dealt":2216,"minecraft:swim_one_cm":26792,"minecraft:fly_one_cm":122079,"minecraft:open_chest":2,"minecraft:crouch_one_cm":16922,"minecraft:play_time":57450,"minecraft:deaths":2,"minecraft:sneak_time":6768,"minecraft:walk_under_water_one_cm":1118,"minecraft:boat_one_cm":83875,"minecraft:jump":710,"minecraft:walk_on_water_one_cm":5755,"minecraft:total_world_time":57450,"minecraft:fall_one_cm":12500},"minecraft:mined":{"minecraft:diamond_ore":4,"minecraft:tuff":9,"minecraft:deepslate_diamond_ore":7,"minecraft:clay":1,"minecraft:glow_lichen":1,"minecraft:oak_fence":1,"minecraft:crafting_table":4,"minecraft:torch":1,"minecraft:granite":23,"minecraft:calcite":3,"minecraft:grass_block":6,"minecraft:cobblestone":5,"minecraft:moss_block":1,"minecraft:diorite":1,"minecraft:amethyst_block":2,"minecraft:spawner":1,"minecraft:furnace":3,"minecraft:birch_log":19,"minecraft:iron_ore":3,"minecraft:andesite":17,"minecraft:birch_leaves":2,"minecraft:grass":2,"minecraft:coal_ore":35,"minecraft:deepslate_iron_ore":27,"minecraft:sand":1,"minecraft:dirt":16,"minecraft:smooth_basalt":2,"minecraft:stone":127,"minecraft:deepslate":116},"minecraft:used":{"minecraft:moss_block":1,"minecraft:diorite":1,"minecraft:stone_pickaxe":130,"minecraft:shield":16,"minecraft:wooden_pickaxe":30,"minecraft:birch_boat":2,"minecraft:iron_chestplate":1,"minecraft:golden_apple":1,"minecraft:torch":71,"minecraft:glow_berries":1,"minecraft:dirt":5,"minecraft:sand":1,"minecraft:crafting_table":4,"minecraft:granite":32,"minecraft:diamond_pickaxe":204,"minecraft:iron_axe":12,"minecraft:iron_pickaxe":31,"minecraft:iron_helmet":1,"minecraft:iron_boots":1,"minecraft:diamond_sword":10,"minecraft:stone_axe":21,"minecraft:cobblestone":55,"minecraft:furnace":5,"minecraft:andesite":9,"minecraft:cooked_beef":3,"minecraft:cobbled_deepslate":37,"minecraft:iron_leggings":1},"minecraft:dropped":{"minecraft:iron_ingot":1,"minecraft:stone_axe":2,"minecraft:birch_planks":34,"minecraft:wheat_seeds":1,"minecraft:lapis_lazuli":6,"minecraft:stone_sword":1,"minecraft:crafting_table":2,"minecraft:cobblestone":147,"minecraft:oak_planks":3,"minecraft:amethyst_block":2,"minecraft:dirt":36,"minecraft:shield":1,"minecraft:torch":9,"minecraft:andesite":24,"minecraft:spider_eye":1,"minecraft:sandstone":1,"minecraft:sand":2,"minecraft:stone_pickaxe":2,"minecraft:wooden_pickaxe":1,"minecraft:iron_pickaxe":1,"minecraft:calcite":3,"minecraft:smooth_basalt":2},"minecraft:killed":{"minecraft:cave_spider":1,"minecraft:spider":2,"minecraft:skeleton":6,"minecraft:zombie":3},"minecraft:picked_up":{"minecraft:birch_log":39,"minecraft:crafting_table":8,"nethertitan:arambulo_pata_2":2,"minecraft:clay_ball":4,"minecraft:andesite":43,"minecraft:wooden_pickaxe":3,"minecraft:birch_planks":30,"minecraft:tuff":9,"minecraft:amethyst_block":2,"minecraft:string":2,"minecraft:dirt":82,"minecraft:bone":7,"minecraft:wheat_seeds":4,"minecraft:cobbled_deepslate":125,"minecraft:iron_ingot":4,"minecraft:stone_pickaxe":4,"minecraft:calcite":3,"minecraft:moss_block":1,"minecraft:birch_sapling":5,"minecraft:oak_planks":3,"minecraft:furnace":4,"minecraft:raw_iron":66,"minecraft:stick":6,"minecraft:sandstone":1,"minecraft:smooth_basalt":2,"minecraft:oak_fence":1,"minecraft:torch":12,"minecraft:sand":4,"minecraft:diorite":4,"minecraft:redstone":2,"minecraft:spider_eye":2,"minecraft:rotten_flesh":4,"minecraft:stone_sword":1,"nethertitan:arambulo_pata":3,"minecraft:arrow":6,"minecraft:diamond":9,"minecraft:stone_axe":4,"minecraft:granite":47,"minecraft:glow_berries":1,"minecraft:coal":46,"minecraft:cobblestone":313},"minecraft:crafted":{"minecraft:diamond_sword":1,"minecraft:crafting_table":3,"minecraft:iron_helmet":1,"minecraft:birch_boat":2,"minecraft:wooden_pickaxe":1,"minecraft:furnace":2,"minecraft:birch_planks":124,"minecraft:stone_axe":1,"minecraft:air":0,"minecraft:iron_chestplate":1,"minecraft:iron_boots":1,"minecraft:diamond_pickaxe":1,"minecraft:shield":2,"minecraft:iron_axe":1,"minecraft:stick":24,"minecraft:iron_ingot":29,"minecraft:iron_pickaxe":1,"minecraft:stone_pickaxe":1,"minecraft:iron_leggings":1,"minecraft:torch":56}},"DataVersion":2975}