{"stats":{"minecraft:used":{"minecraft:moss_block":1,"minecraft:iron_shovel":250,"minecraft:chest":7,"minecraft:shield":77,"minecraft:iron_sword":67,"minecraft:iron_chestplate":2,"minecraft:tuff":5,"minecraft:obsidian":2,"minecraft:iron_helmet":3,"minecraft:dark_oak_boat":1,"minecraft:furnace":6,"minecraft:cooked_cod":1,"minecraft:diorite":1,"minecraft:diamond_boots":2,"minecraft:stone_pickaxe":130,"minecraft:oak_planks":44,"minecraft:wooden_pickaxe":30,"minecraft:diamond_axe":165,"minecraft:sugar_cane":18,"minecraft:golden_apple":6,"minecraft:glow_berries":1,"minecraft:sand":1,"minecraft:zombie_head":1,"minecraft:bread":2,"minecraft:diamond_sword":231,"minecraft:grindstone":1,"minecraft:andesite":9,"minecraft:oak_boat":3,"minecraft:bone_meal":36,"minecraft:enchanting_table":2,"minecraft:torch":274,"minecraft:dirt":112,"minecraft:diamond_helmet":1,"minecraft:granite":34,"minecraft:iron_hoe":8,"minecraft:bookshelf":6,"minecraft:iron_axe":13,"minecraft:iron_boots":2,"minecraft:diamond_chestplate":1,"minecraft:cooked_beef":62,"minecraft:cobbled_deepslate":202,"minecraft:enchanted_golden_apple":1,"minecraft:iron_leggings":2,"minecraft:wheat_seeds":39,"minecraft:water_bucket":38,"minecraft:cobblestone_stairs":9,"minecraft:birch_boat":8,"minecraft:glow_ink_sac":1,"minecraft:crafting_table":10,"minecraft:birch_sign":1,"minecraft:white_bed":1,"minecraft:diamond_pickaxe":1351,"minecraft:diamond_shovel":169,"minecraft:iron_pickaxe":41,"minecraft:stone_axe":21,"minecraft:cobblestone":461,"minecraft:bucket":39,"minecraft:diamond_leggings":2},"minecraft:killed_by":{"minecraft:creeper":1,"nethertitan:arambulo_verde":3,"nethertitan:arambulo":1,"nethertitan:arambulo_morado":1},"minecraft:picked_up":{"nethertitan:arambulo_pata_2":22,"minecraft:iron_chestplate":2,"minecraft:wheat":31,"minecraft:creeper_head":4,"minecraft:diamond_sword":1,"minecraft:stone_slab":2,"minecraft:oak_stairs":115,"nethertitan:arambulo_pata_3":8,"minecraft:amethyst_block":4,"minecraft:string":103,"minecraft:raw_copper":4,"minecraft:iron_leggings":2,"minecraft:zombie_head":2,"minecraft:diamond_leggings":2,"minecraft:cobbled_deepslate":630,"minecraft:calcite":5,"minecraft:furnace":7,"minecraft:iron_boots":2,"minecraft:stick":8,"minecraft:oak_fence":13,"minecraft:torch":30,"minecraft:pointed_dripstone":3,"minecraft:diorite":28,"minecraft:stone_sword":1,"minecraft:rotten_flesh":18,"minecraft:music_disc_ward":1,"minecraft:white_terracotta":141,"minecraft:obsidian":28,"minecraft:cobblestone":874,"minecraft:birch_log":41,"minecraft:enchanting_table":1,"minecraft:cooked_beef":44,"minecraft:andesite":50,"minecraft:flint":1,"minecraft:tuff":24,"minecraft:dirt":489,"minecraft:lapis_lazuli":141,"minecraft:bone":39,"minecraft:stonecutter":3,"minecraft:wheat_seeds":104,"minecraft:raw_gold":13,"minecraft:bell":2,"minecraft:diamond_helmet":1,"minecraft:moss_block":2,"minecraft:oak_planks":142,"minecraft:sand":23,"minecraft:dark_oak_log":4,"minecraft:mossy_cobblestone":12,"minecraft:diamond":80,"minecraft:granite":65,"minecraft:golden_apple":14,"minecraft:bread":5,"minecraft:diamond_pickaxe":1,"minecraft:crafting_table":10,"minecraft:clay_ball":52,"minecraft:wooden_pickaxe":3,"minecraft:gold_block":6,"minecraft:shield":3,"minecraft:oak_trapdoor":6,"minecraft:flint_and_steel":1,"minecraft:beef":22,"minecraft:oak_boat":2,"minecraft:poppy":1,"minecraft:sugar_cane":347,"minecraft:chest":1,"minecraft:birch_sapling":5,"minecraft:raw_iron":167,"minecraft:sandstone":1,"minecraft:oak_door":1,"minecraft:redstone":102,"nethertitan:arambulo_pata":25,"minecraft:diamond_chestplate":2,"minecraft:arrow":31,"minecraft:cooked_cod":4,"minecraft:diamond_boots":2,"minecraft:hay_block":33,"minecraft:gold_ingot":18,"minecraft:glow_berries":8,"minecraft:rail":3,"minecraft:skeleton_skull":1,"minecraft:glow_ink_sac":15,"minecraft:leather":19,"minecraft:birch_planks":67,"minecraft:oak_log":37,"minecraft:gunpowder":10,"minecraft:cobblestone_stairs":7,"minecraft:iron_ingot":6,"minecraft:stone_pickaxe":4,"minecraft:iron_sword":1,"minecraft:smooth_basalt":3,"minecraft:birch_boat":7,"minecraft:dandelion":6,"minecraft:dripstone_block":8,"minecraft:gravel":2,"minecraft:amethyst_shard":4,"minecraft:blast_furnace":1,"minecraft:white_bed":1,"minecraft:spruce_log":12,"minecraft:spider_eye":2,"minecraft:slime_ball":12,"minecraft:stone_axe":5,"minecraft:iron_helmet":3,"minecraft:diamond_axe":1,"minecraft:terracotta":4,"minecraft:coal":210},"minecraft:crafted":{"minecraft:grindstone":1,"minecraft:oak_planks":172,"minecraft:dark_oak_boat":1,"minecraft:birch_boat":3,"minecraft:cobblestone_stairs":8,"minecraft:diamond_shovel":1,"minecraft:bookshelf":6,"minecraft:diamond_helmet":1,"minecraft:diamond_leggings":2,"minecraft:iron_boots":1,"minecraft:chest":6,"minecraft:diamond_axe":1,"minecraft:crafting_table":5,"minecraft:wooden_pickaxe":1,"minecraft:iron_helmet":1,"minecraft:copper_ingot":4,"minecraft:birch_planks":124,"minecraft:book":19,"minecraft:iron_chestplate":1,"minecraft:paper":327,"minecraft:diamond_pickaxe":2,"minecraft:shield":3,"minecraft:stick":116,"minecraft:stone_slab":6,"minecraft:iron_ingot":67,"minecraft:iron_pickaxe":2,"minecraft:gold_ingot":36,"minecraft:spyglass":1,"minecraft:furnace":2,"minecraft:bone_meal":39,"minecraft:iron_axe":1,"minecraft:iron_hoe":1,"minecraft:stone_pickaxe":1,"d_remake_mod:deditas":6,"minecraft:diamond_boots":2,"minecraft:dark_oak_planks":16,"minecraft:birch_sign":3,"minecraft:cooked_beef":22,"minecraft:diamond_sword":1,"minecraft:enchanting_table":1,"minecraft:iron_sword":1,"minecraft:bucket":1,"minecraft:stone_axe":1,"minecraft:air":0,"minecraft:oak_boat":1,"minecraft:iron_shovel":1,"minecraft:iron_leggings":1,"minecraft:torch":216,"minecraft:diamond_chestplate":2},"minecraft:mined":{"minecraft:white_bed":1,"minecraft:mossy_stone_brick_slab":1,"minecraft:cobblestone_stairs":6,"minecraft:obsidian":12,"minecraft:cave_vines_plant":2,"minecraft:granite":41,"minecraft:grass_block":387,"minecraft:spawner":6,"minecraft:iron_ore":81,"minecraft:cobbled_deepslate":8,"minecraft:deepslate_lapis_ore":17,"minecraft:enchanting_table":1,"minecraft:cave_vines":1,"minecraft:dirt_path":1,"minecraft:oak_stairs":68,"minecraft:amethyst_cluster":1,"minecraft:clay":5,"minecraft:torch":1,"minecraft:calcite":6,"minecraft:chest":1,"minecraft:cobblestone":176,"minecraft:sugar_cane":243,"minecraft:oak_planks":30,"minecraft:wall_torch":1,"minecraft:amethyst_block":5,"minecraft:deepslate_copper_ore":1,"minecraft:seagrass":2,"minecraft:white_terracotta":47,"minecraft:birch_log":21,"minecraft:wheat":31,"minecraft:stone_brick_stairs":1,"minecraft:grass":39,"minecraft:oak_log":37,"minecraft:sand":20,"minecraft:dirt":39,"minecraft:smooth_basalt":3,"minecraft:stonecutter":1,"minecraft:netherrack":1,"minecraft:oak_leaves":3,"minecraft:deepslate":364,"minecraft:diamond_ore":4,"minecraft:tuff":19,"minecraft:mossy_cobblestone":4,"minecraft:deepslate_diamond_ore":79,"minecraft:oak_door":1,"minecraft:dark_oak_log":4,"minecraft:glow_lichen":1,"minecraft:moss_block":2,"minecraft:hay_block":16,"minecraft:oak_trapdoor":2,"minecraft:furnace":5,"minecraft:andesite":24,"minecraft:gold_block":2,"minecraft:deepslate_iron_ore":46,"minecraft:rail":2,"minecraft:stone":328,"minecraft:glass_pane":5,"minecraft:dandelion":1,"minecraft:oak_fence":6,"minecraft:crafting_table":6,"minecraft:tall_grass":9,"minecraft:deepslate_coal_ore":14,"minecraft:lapis_ore":4,"minecraft:deepslate_gold_ore":12,"minecraft:diorite":24,"minecraft:creeper_head":1,"minecraft:birch_leaves":3,"minecraft:coal_ore":164,"minecraft:zombie_head":1,"minecraft:gravel":3,"minecraft:dripstone_block":9,"minecraft:cobweb":40,"minecraft:terracotta":2,"minecraft:stone_bricks":1,"minecraft:gold_ore":1},"minecraft:custom":{"minecraft:animals_bred":14,"minecraft:interact_with_crafting_table":52,"minecraft:leave_game":11,"minecraft:time_since_death":12202,"minecraft:damage_resisted":129,"minecraft:sprint_one_cm":920469,"minecraft:damage_blocked_by_shield":4805,"minecraft:drop":89,"minecraft:talked_to_villager":14,"minecraft:play_time":359920,"minecraft:deaths":8,"minecraft:jump":6857,"minecraft:walk_on_water_one_cm":55327,"minecraft:enchant_item":14,"minecraft:interact_with_furnace":43,"minecraft:traded_with_villager":2,"minecraft:sleep_in_bed":5,"minecraft:damage_dealt":19353,"minecraft:player_kills":3,"minecraft:crouch_one_cm":99390,"minecraft:mob_kills":91,"minecraft:climb_one_cm":4245,"minecraft:walk_one_cm":817760,"minecraft:sneak_time":33301,"minecraft:walk_under_water_one_cm":19148,"minecraft:boat_one_cm":321493,"minecraft:interact_with_blast_furnace":2,"minecraft:total_world_time":359920,"minecraft:interact_with_grindstone":4,"minecraft:time_since_rest":12211,"minecraft:damage_taken":6344,"minecraft:damage_absorbed":359,"minecraft:swim_one_cm":90502,"minecraft:fly_one_cm":1936295,"minecraft:open_chest":170,"minecraft:fall_one_cm":161760},"minecraft:dropped":{"minecraft:iron_sword":1,"minecraft:birch_planks":34,"minecraft:lapis_lazuli":6,"minecraft:diamond":30,"minecraft:crafting_table":2,"minecraft:rail":3,"minecraft:gold_block":2,"minecraft:dirt":48,"minecraft:sand":2,"minecraft:iron_pickaxe":1,"minecraft:stone_axe":2,"minecraft:sugar_cane":2,"minecraft:cobbled_deepslate":64,"minecraft:birch_sapling":3,"minecraft:obsidian":13,"minecraft:rotten_flesh":9,"minecraft:oak_planks":10,"nethertitan:arambulo_pata_3":1,"nethertitan:arambulo_pata_2":5,"minecraft:arrow":9,"minecraft:iron_ingot":21,"minecraft:wheat_seeds":5,"minecraft:mossy_cobblestone":4,"minecraft:diamond_leggings":1,"minecraft:oak_fence":3,"minecraft:iron_helmet":3,"minecraft:cobblestone":147,"minecraft:amethyst_block":2,"minecraft:granite":14,"minecraft:coal":5,"minecraft:diorite":24,"minecraft:torch":9,"minecraft:iron_leggings":2,"minecraft:oak_stairs":63,"minecraft:stonecutter":1,"minecraft:iron_axe":1,"minecraft:dandelion":1,"minecraft:smooth_basalt":2,"minecraft:redstone":84,"minecraft:oak_trapdoor":2,"minecraft:stone_sword":1,"minecraft:tuff":5,"minecraft:clay_ball":20,"minecraft:iron_boots":2,"minecraft:white_terracotta":47,"minecraft:shield":2,"minecraft:diamond_chestplate":1,"minecraft:iron_chestplate":2,"minecraft:andesite":38,"minecraft:spider_eye":2,"minecraft:diamond_boots":1,"minecraft:spruce_log":6,"minecraft:sandstone":1,"minecraft:birch_boat":1,"minecraft:stone_pickaxe":2,"minecraft:wooden_pickaxe":1,"minecraft:calcite":3,"minecraft:terracotta":2},"minecraft:killed":{"minecraft:cave_spider":5,"minecraft:spider":7,"minecraft:skeleton":22,"nethertitan:arambulo":7,"minecraft:creeper":4,"minecraft:sheep":1,"nethertitan:arambulo_verde":5,"minecraft:zombie":14,"minecraft:cow":13,"nethertitan:arambulo_morado":3,"minecraft:slime":8,"minecraft:bat":1},"minecraft:broken":{"minecraft:iron_shovel":1}},"DataVersion":2975}