{"stats":{"minecraft:used":{"minecraft:moss_block":1,"minecraft:iron_shovel":250,"minecraft:chest":7,"minecraft:shield":42,"minecraft:iron_chestplate":1,"minecraft:torch":227,"minecraft:dirt":94,"minecraft:tuff":5,"minecraft:granite":34,"minecraft:obsidian":2,"minecraft:iron_axe":13,"minecraft:iron_helmet":1,"minecraft:iron_boots":1,"minecraft:furnace":6,"minecraft:cooked_beef":22,"minecraft:cobbled_deepslate":198,"minecraft:iron_leggings":1,"minecraft:water_bucket":38,"minecraft:diorite":1,"minecraft:cobblestone_stairs":9,"minecraft:stone_pickaxe":130,"minecraft:oak_planks":7,"minecraft:wooden_pickaxe":30,"minecraft:birch_boat":8,"minecraft:sugar_cane":16,"minecraft:diamond_axe":120,"minecraft:golden_apple":2,"minecraft:glow_berries":1,"minecraft:sand":1,"minecraft:crafting_table":8,"minecraft:white_bed":1,"minecraft:diamond_pickaxe":1219,"minecraft:diamond_shovel":150,"minecraft:zombie_head":1,"minecraft:iron_pickaxe":31,"minecraft:stone_axe":21,"minecraft:cobblestone":348,"minecraft:diamond_sword":142,"minecraft:andesite":9,"minecraft:bucket":38,"minecraft:diamond_leggings":1},"minecraft:killed":{"minecraft:cave_spider":5,"minecraft:spider":4,"minecraft:slime":8,"minecraft:skeleton":9,"nethertitan:arambulo":1,"minecraft:creeper":3,"minecraft:sheep":1,"nethertitan:arambulo_verde":2,"minecraft:zombie":9},"minecraft:crafted":{"minecraft:oak_planks":96,"minecraft:birch_boat":3,"minecraft:furnace":2,"minecraft:cobblestone_stairs":8,"minecraft:diamond_shovel":1,"minecraft:diamond_helmet":1,"minecraft:diamond_leggings":1,"minecraft:iron_boots":1,"minecraft:iron_axe":1,"minecraft:stone_pickaxe":1,"minecraft:chest":6,"minecraft:diamond_boots":1,"minecraft:diamond_sword":1,"minecraft:diamond_axe":1,"minecraft:crafting_table":3,"minecraft:wooden_pickaxe":1,"minecraft:iron_helmet":1,"minecraft:bucket":1,"minecraft:birch_planks":124,"minecraft:stone_axe":1,"minecraft:air":0,"minecraft:iron_chestplate":1,"minecraft:diamond_pickaxe":1,"minecraft:shield":2,"minecraft:stick":96,"minecraft:iron_ingot":52,"minecraft:iron_pickaxe":1,"minecraft:iron_shovel":1,"minecraft:iron_leggings":1,"minecraft:gold_ingot":18,"minecraft:torch":152,"minecraft:diamond_chestplate":1},"minecraft:custom":{"minecraft:mob_kills":45,"minecraft:interact_with_crafting_table":34,"minecraft:leave_game":5,"minecraft:time_since_death":80281,"minecraft:climb_one_cm":774,"minecraft:sprint_one_cm":432059,"minecraft:walk_one_cm":502027,"minecraft:damage_blocked_by_shield":2965,"minecraft:drop":76,"minecraft:play_time":195090,"minecraft:sneak_time":22698,"minecraft:deaths":3,"minecraft:walk_under_water_one_cm":11554,"minecraft:boat_one_cm":217355,"minecraft:jump":3066,"minecraft:walk_on_water_one_cm":23381,"minecraft:total_world_time":195090,"minecraft:interact_with_furnace":39,"minecraft:sleep_in_bed":5,"minecraft:time_since_rest":1902,"minecraft:damage_taken":1964,"minecraft:damage_absorbed":80,"minecraft:damage_dealt":7425,"minecraft:swim_one_cm":44214,"minecraft:fly_one_cm":588085,"minecraft:open_chest":50,"minecraft:crouch_one_cm":75475,"minecraft:fall_one_cm":58982},"minecraft:dropped":{"minecraft:iron_ingot":21,"minecraft:birch_planks":34,"minecraft:wheat_seeds":3,"minecraft:lapis_lazuli":6,"minecraft:mossy_cobblestone":4,"minecraft:diamond":30,"minecraft:crafting_table":2,"minecraft:oak_fence":3,"minecraft:iron_helmet":2,"minecraft:cobblestone":147,"minecraft:amethyst_block":2,"minecraft:granite":14,"minecraft:rail":3,"minecraft:coal":5,"minecraft:gold_block":2,"minecraft:dirt":39,"minecraft:diorite":24,"minecraft:torch":9,"minecraft:iron_leggings":2,"minecraft:oak_stairs":63,"minecraft:sand":2,"minecraft:stonecutter":1,"minecraft:iron_axe":1,"minecraft:iron_pickaxe":1,"minecraft:dandelion":1,"minecraft:redstone":84,"minecraft:smooth_basalt":2,"minecraft:stone_axe":2,"minecraft:sugar_cane":2,"minecraft:oak_trapdoor":2,"minecraft:stone_sword":1,"minecraft:cobbled_deepslate":64,"minecraft:tuff":5,"minecraft:birch_sapling":3,"minecraft:obsidian":13,"minecraft:rotten_flesh":9,"minecraft:clay_ball":20,"minecraft:oak_planks":3,"minecraft:iron_boots":2,"minecraft:white_terracotta":47,"minecraft:shield":1,"minecraft:iron_chestplate":2,"minecraft:andesite":36,"nethertitan:arambulo_pata_2":5,"minecraft:spider_eye":2,"minecraft:birch_boat":1,"minecraft:spruce_log":6,"minecraft:sandstone":1,"minecraft:arrow":9,"minecraft:stone_pickaxe":2,"minecraft:wooden_pickaxe":1,"minecraft:calcite":3,"minecraft:terracotta":2},"minecraft:killed_by":{"nethertitan:arambulo_verde":2},"minecraft:broken":{"minecraft:iron_shovel":1},"minecraft:mined":{"minecraft:diamond_ore":4,"minecraft:tuff":19,"minecraft:white_bed":1,"minecraft:mossy_cobblestone":4,"minecraft:oak_door":1,"minecraft:deepslate_diamond_ore":75,"minecraft:mossy_stone_brick_slab":1,"minecraft:cobblestone_stairs":2,"minecraft:obsidian":12,"minecraft:glow_lichen":1,"minecraft:cave_vines_plant":2,"minecraft:granite":41,"minecraft:grass_block":382,"minecraft:moss_block":1,"minecraft:spawner":5,"minecraft:hay_block":16,"minecraft:oak_trapdoor":2,"minecraft:furnace":5,"minecraft:iron_ore":81,"minecraft:cobbled_deepslate":7,"minecraft:andesite":22,"minecraft:deepslate_lapis_ore":17,"minecraft:gold_block":2,"minecraft:dirt_path":1,"minecraft:rail":2,"minecraft:cave_vines":1,"minecraft:deepslate_iron_ore":46,"minecraft:oak_stairs":68,"minecraft:stone":313,"minecraft:glass_pane":5,"minecraft:dandelion":1,"minecraft:clay":5,"minecraft:oak_fence":6,"minecraft:crafting_table":6,"minecraft:torch":1,"minecraft:calcite":3,"minecraft:chest":1,"minecraft:tall_grass":5,"minecraft:cobblestone":113,"minecraft:deepslate_gold_ore":6,"minecraft:lapis_ore":4,"minecraft:oak_planks":14,"minecraft:sugar_cane":14,"minecraft:diorite":23,"minecraft:amethyst_block":2,"minecraft:white_terracotta":47,"minecraft:birch_log":19,"minecraft:creeper_head":1,"minecraft:birch_leaves":2,"minecraft:stone_brick_stairs":1,"minecraft:grass":27,"minecraft:coal_ore":156,"minecraft:oak_log":24,"minecraft:zombie_head":1,"minecraft:gravel":3,"minecraft:dirt":39,"minecraft:sand":1,"minecraft:dripstone_block":9,"minecraft:cobweb":40,"minecraft:smooth_basalt":2,"minecraft:terracotta":2,"minecraft:stonecutter":1,"minecraft:stone_bricks":1,"minecraft:netherrack":1,"minecraft:oak_leaves":1,"minecraft:deepslate":352},"minecraft:picked_up":{"minecraft:iron_chestplate":2,"minecraft:crafting_table":10,"nethertitan:arambulo_pata_2":15,"minecraft:creeper_head":2,"minecraft:clay_ball":52,"minecraft:stone_slab":2,"minecraft:diamond_sword":1,"minecraft:wooden_pickaxe":3,"minecraft:oak_stairs":115,"minecraft:gold_block":6,"minecraft:shield":1,"minecraft:amethyst_block":2,"minecraft:string":99,"minecraft:oak_trapdoor":6,"minecraft:flint_and_steel":1,"minecraft:iron_leggings":2,"minecraft:zombie_head":2,"minecraft:diamond_leggings":1,"minecraft:cobbled_deepslate":617,"minecraft:calcite":3,"minecraft:poppy":1,"minecraft:sugar_cane":16,"minecraft:chest":1,"minecraft:birch_sapling":5,"minecraft:iron_boots":2,"minecraft:furnace":7,"minecraft:stick":8,"minecraft:raw_iron":167,"minecraft:sandstone":1,"minecraft:oak_door":1,"minecraft:oak_fence":13,"minecraft:torch":29,"minecraft:pointed_dripstone":3,"minecraft:diorite":27,"minecraft:redstone":102,"minecraft:stone_sword":1,"nethertitan:arambulo_pata":9,"minecraft:arrow":19,"minecraft:rotten_flesh":11,"minecraft:diamond_chestplate":1,"minecraft:diamond_boots":1,"minecraft:hay_block":33,"minecraft:gold_ingot":18,"minecraft:white_terracotta":141,"minecraft:glow_berries":8,"minecraft:obsidian":28,"minecraft:rail":3,"minecraft:cobblestone":796,"minecraft:birch_log":39,"minecraft:cooked_beef":44,"minecraft:glow_ink_sac":8,"minecraft:andesite":48,"minecraft:leather":2,"minecraft:birch_planks":67,"minecraft:flint":1,"minecraft:tuff":24,"minecraft:oak_log":24,"minecraft:gunpowder":6,"minecraft:cobblestone_stairs":3,"minecraft:lapis_lazuli":141,"minecraft:dirt":485,"minecraft:bone":25,"minecraft:stonecutter":3,"minecraft:wheat_seeds":14,"minecraft:raw_gold":6,"minecraft:bell":2,"minecraft:iron_ingot":6,"minecraft:stone_pickaxe":4,"minecraft:diamond_helmet":1,"minecraft:moss_block":1,"minecraft:oak_planks":130,"minecraft:smooth_basalt":2,"minecraft:birch_boat":7,"minecraft:dandelion":6,"minecraft:dripstone_block":8,"minecraft:gravel":2,"minecraft:sand":4,"minecraft:blast_furnace":1,"minecraft:white_bed":1,"minecraft:spruce_log":12,"minecraft:spider_eye":2,"minecraft:mossy_cobblestone":12,"minecraft:slime_ball":12,"minecraft:diamond":76,"minecraft:stone_axe":4,"minecraft:iron_helmet":2,"minecraft:granite":65,"minecraft:diamond_axe":1,"minecraft:golden_apple":11,"minecraft:bread":5,"minecraft:terracotta":4,"minecraft:coal":188,"minecraft:diamond_pickaxe":1}},"DataVersion":2975}