{"stats":{"minecraft:custom":{"minecraft:time_since_rest":9233,"minecraft:sprint_one_cm":5769,"minecraft:damage_taken":10,"minecraft:walk_one_cm":14668,"minecraft:drop":1,"minecraft:interact_with_crafting_table":3,"minecraft:swim_one_cm":2841,"minecraft:fly_one_cm":9682,"minecraft:crouch_one_cm":726,"minecraft:play_time":9233,"minecraft:sneak_time":130,"minecraft:walk_under_water_one_cm":354,"minecraft:boat_one_cm":43146,"minecraft:jump":102,"minecraft:walk_on_water_one_cm":472,"minecraft:time_since_death":9233,"minecraft:total_world_time":9233,"minecraft:fall_one_cm":2517},"minecraft:mined":{"minecraft:birch_log":6,"minecraft:andesite":8,"minecraft:grass":1,"minecraft:grass_block":6,"minecraft:dirt":10,"minecraft:sand":1,"minecraft:cobblestone":1,"minecraft:stone":17,"minecraft:moss_block":1,"minecraft:diorite":1},"minecraft:dropped":{"minecraft:wheat_seeds":1},"minecraft:used":{"minecraft:moss_block":1,"minecraft:diorite":1,"minecraft:birch_boat":1,"minecraft:wooden_pickaxe":30,"minecraft:dirt":4,"minecraft:sand":1,"minecraft:cobblestone":1,"minecraft:crafting_table":1,"minecraft:andesite":8},"minecraft:picked_up":{"minecraft:birch_log":6,"minecraft:andesite":8,"minecraft:sand":1,"minecraft:diorite":1,"minecraft:dirt":16,"minecraft:wheat_seeds":1,"minecraft:moss_block":1,"minecraft:cobblestone":18},"minecraft:crafted":{"minecraft:crafting_table":1,"minecraft:stick":8,"minecraft:wooden_pickaxe":1,"minecraft:birch_boat":1,"minecraft:stone_pickaxe":1,"minecraft:furnace":1,"minecraft:birch_planks":24,"minecraft:stone_axe":1}},"DataVersion":2975}