{"stats":{"minecraft:killed_by":{"nethertitan:arambulo_verde":2},"minecraft:custom":{"minecraft:interact_with_furnace":13,"minecraft:mob_kills":4,"minecraft:interact_with_crafting_table":12,"minecraft:time_since_death":13423,"minecraft:sleep_in_bed":1,"minecraft:time_since_rest":1616,"minecraft:sprint_one_cm":64196,"minecraft:damage_taken":650,"minecraft:walk_one_cm":80242,"minecraft:damage_blocked_by_shield":250,"minecraft:drop":18,"minecraft:damage_dealt":760,"minecraft:swim_one_cm":26792,"minecraft:fly_one_cm":87558,"minecraft:crouch_one_cm":5843,"minecraft:play_time":33233,"minecraft:deaths":2,"minecraft:sneak_time":2070,"minecraft:walk_under_water_one_cm":1118,"minecraft:boat_one_cm":83875,"minecraft:jump":377,"minecraft:walk_on_water_one_cm":4183,"minecraft:total_world_time":33233,"minecraft:fall_one_cm":7004},"minecraft:mined":{"minecraft:diamond_ore":2,"minecraft:deepslate_diamond_ore":2,"minecraft:crafting_table":3,"minecraft:torch":1,"minecraft:granite":10,"minecraft:grass_block":6,"minecraft:cobblestone":5,"minecraft:moss_block":1,"minecraft:diorite":1,"minecraft:furnace":2,"minecraft:birch_log":19,"minecraft:iron_ore":2,"minecraft:andesite":9,"minecraft:birch_leaves":2,"minecraft:grass":2,"minecraft:coal_ore":35,"minecraft:sand":1,"minecraft:dirt":16,"minecraft:stone":112},"minecraft:dropped":{"minecraft:stone_axe":2,"minecraft:birch_planks":18,"minecraft:wheat_seeds":1,"minecraft:stone_sword":1,"minecraft:crafting_table":2,"minecraft:cobblestone":147,"minecraft:oak_planks":3,"minecraft:shield":1,"minecraft:torch":9,"minecraft:andesite":24,"minecraft:sandstone":1,"minecraft:sand":2,"minecraft:stone_pickaxe":2,"minecraft:wooden_pickaxe":1},"minecraft:used":{"minecraft:moss_block":1,"minecraft:diorite":1,"minecraft:stone_pickaxe":130,"minecraft:shield":7,"minecraft:wooden_pickaxe":30,"minecraft:birch_boat":2,"minecraft:torch":28,"minecraft:dirt":5,"minecraft:sand":1,"minecraft:crafting_table":3,"minecraft:iron_pickaxe":29,"minecraft:stone_axe":21,"minecraft:cobblestone":55,"minecraft:furnace":3,"minecraft:andesite":8},"minecraft:killed":{"minecraft:spider":1,"minecraft:skeleton":3},"minecraft:picked_up":{"minecraft:birch_log":39,"minecraft:crafting_table":7,"nethertitan:arambulo_pata_2":2,"minecraft:andesite":35,"minecraft:wooden_pickaxe":3,"minecraft:birch_planks":30,"minecraft:string":1,"minecraft:dirt":82,"minecraft:bone":3,"minecraft:wheat_seeds":4,"minecraft:iron_ingot":3,"minecraft:stone_pickaxe":4,"minecraft:moss_block":1,"minecraft:birch_sapling":5,"minecraft:oak_planks":3,"minecraft:furnace":3,"minecraft:raw_iron":39,"minecraft:stick":6,"minecraft:sandstone":1,"minecraft:torch":10,"minecraft:sand":4,"minecraft:diorite":4,"minecraft:stone_sword":1,"nethertitan:arambulo_pata":3,"minecraft:arrow":2,"minecraft:diamond":4,"minecraft:stone_axe":4,"minecraft:granite":32,"minecraft:coal":42,"minecraft:cobblestone":304},"minecraft:crafted":{"minecraft:crafting_table":3,"minecraft:birch_boat":2,"minecraft:wooden_pickaxe":1,"minecraft:furnace":2,"minecraft:birch_planks":124,"minecraft:stone_axe":1,"minecraft:air":0,"minecraft:shield":2,"minecraft:stick":24,"minecraft:iron_ingot":4,"minecraft:iron_pickaxe":1,"minecraft:stone_pickaxe":1,"minecraft:torch":44}},"DataVersion":2975}