{"stats":{"minecraft:killed_by":{"nethertitan:arambulo_verde":1},"minecraft:custom":{"minecraft:interact_with_furnace":17,"minecraft:mob_kills":5,"minecraft:interact_with_crafting_table":21,"minecraft:time_since_death":10661,"minecraft:sleep_in_bed":1,"minecraft:time_since_rest":10664,"minecraft:sprint_one_cm":92616,"minecraft:damage_taken":570,"minecraft:walk_one_cm":122456,"minecraft:drop":1,"minecraft:damage_dealt":876,"minecraft:swim_one_cm":10991,"minecraft:fly_one_cm":98263,"minecraft:crouch_one_cm":10381,"minecraft:play_time":45979,"minecraft:deaths":2,"minecraft:sneak_time":4561,"minecraft:walk_under_water_one_cm":4884,"minecraft:boat_one_cm":45365,"minecraft:jump":708,"minecraft:walk_on_water_one_cm":6929,"minecraft:total_world_time":45979,"minecraft:fall_one_cm":16874},"minecraft:mined":{"minecraft:deepslate_redstone_ore":6,"minecraft:tuff":12,"minecraft:white_bed":1,"minecraft:deepslate_diamond_ore":8,"minecraft:crafting_table":3,"minecraft:torch":1,"minecraft:granite":6,"minecraft:grass_block":6,"minecraft:cobblestone":1,"minecraft:oak_planks":19,"minecraft:moss_block":1,"minecraft:sandstone":1,"minecraft:wall_torch":2,"minecraft:furnace":1,"minecraft:birch_log":18,"minecraft:iron_ore":25,"minecraft:cobbled_deepslate":1,"minecraft:birch_trapdoor":1,"minecraft:andesite":28,"minecraft:birch_leaves":3,"minecraft:deepslate_iron_ore":11,"minecraft:grass":2,"minecraft:oak_log":2,"minecraft:coal_ore":5,"minecraft:gravel":2,"minecraft:dirt":21,"minecraft:sand":2,"minecraft:stone":184,"minecraft:deepslate":60},"minecraft:dropped":{"minecraft:cobblestone":16},"minecraft:used":{"minecraft:stone_pickaxe":191,"minecraft:wooden_pickaxe":39,"minecraft:iron_chestplate":1,"minecraft:torch":26,"minecraft:dirt":4,"minecraft:mutton":6,"minecraft:crafting_table":6,"minecraft:white_bed":1,"minecraft:tuff":6,"minecraft:iron_pickaxe":121,"minecraft:iron_helmet":1,"minecraft:iron_boots":1,"minecraft:stone_axe":42,"minecraft:birch_trapdoor":2,"minecraft:cobblestone":23,"minecraft:furnace":1,"minecraft:andesite":2,"minecraft:iron_leggings":1},"minecraft:killed":{"minecraft:sheep":3,"nethertitan:arambulo_verde":1,"minecraft:drowned":1,"minecraft:cow":1},"minecraft:broken":{"minecraft:stone_pickaxe":2},"minecraft:picked_up":{"minecraft:birch_log":18,"minecraft:iron_chestplate":1,"minecraft:crafting_table":5,"nethertitan:arambulo_pata_2":2,"minecraft:andesite":27,"minecraft:wooden_pickaxe":2,"minecraft:birch_planks":34,"minecraft:flint":1,"minecraft:tuff":12,"minecraft:oak_log":1,"minecraft:dirt":28,"minecraft:wheat_seeds":1,"minecraft:cobbled_deepslate":60,"minecraft:iron_ingot":2,"minecraft:stone_pickaxe":2,"minecraft:iron_pickaxe":2,"minecraft:birch_sapling":1,"minecraft:oak_planks":22,"minecraft:iron_boots":1,"minecraft:furnace":1,"minecraft:stick":14,"minecraft:raw_iron":50,"minecraft:sandstone":1,"minecraft:birch_trapdoor":1,"minecraft:torch":14,"minecraft:gravel":1,"minecraft:sand":1,"minecraft:white_bed":1,"minecraft:redstone":27,"minecraft:stone_sword":1,"minecraft:diamond":10,"minecraft:stone_axe":1,"minecraft:granite":8,"minecraft:mutton":6,"minecraft:coal":11,"minecraft:white_wool":3,"minecraft:cobblestone":389},"minecraft:crafted":{"minecraft:oak_planks":4,"minecraft:diamond_sword":1,"minecraft:crafting_table":3,"minecraft:wooden_pickaxe":1,"minecraft:iron_helmet":1,"minecraft:furnace":1,"minecraft:birch_planks":24,"minecraft:stone_axe":2,"minecraft:air":0,"minecraft:iron_boots":1,"minecraft:iron_chestplate":1,"minecraft:shield":2,"minecraft:stick":24,"minecraft:iron_ingot":25,"minecraft:stone_pickaxe":2,"minecraft:birch_trapdoor":2,"minecraft:iron_leggings":1,"minecraft:white_bed":1,"minecraft:torch":32}},"DataVersion":2975}