{"stats":{"minecraft:custom":{"minecraft:time_since_rest":9979,"minecraft:crouch_one_cm":1299,"minecraft:play_time":9979,"minecraft:sprint_one_cm":16953,"minecraft:damage_taken":80,"minecraft:walk_one_cm":13926,"minecraft:sneak_time":807,"minecraft:walk_under_water_one_cm":390,"minecraft:drop":1,"minecraft:boat_one_cm":45365,"minecraft:jump":161,"minecraft:damage_dealt":16,"minecraft:time_since_death":9979,"minecraft:walk_on_water_one_cm":388,"minecraft:total_world_time":9979,"minecraft:interact_with_crafting_table":6,"minecraft:swim_one_cm":3136,"minecraft:fall_one_cm":3927,"minecraft:fly_one_cm":22559},"minecraft:mined":{"minecraft:grass_block":5,"minecraft:oak_log":2,"minecraft:dirt":9,"minecraft:birch_log":13,"minecraft:stone":37,"minecraft:moss_block":1},"minecraft:used":{"minecraft:stone_axe":6,"minecraft:crafting_table":2,"minecraft:wooden_pickaxe":37},"minecraft:dropped":{"minecraft:cobblestone":16},"minecraft:killed":{"minecraft:cow":1},"minecraft:picked_up":{"minecraft:birch_log":13,"minecraft:wheat_seeds":1,"minecraft:oak_log":1,"minecraft:dirt":13,"minecraft:cobblestone":37},"minecraft:crafted":{"minecraft:oak_planks":4,"minecraft:birch_planks":24,"minecraft:stone_axe":1,"minecraft:crafting_table":2,"minecraft:stick":8,"minecraft:stone_pickaxe":1,"minecraft:wooden_pickaxe":1}},"DataVersion":2975}