{"stats":{"minecraft:dropped":{"minecraft:iron_ingot":20,"minecraft:wheat_seeds":5,"minecraft:oak_fence":3,"minecraft:cobblestone":16,"minecraft:granite":13,"minecraft:flint":2,"minecraft:stick":2,"minecraft:oxeye_daisy":3,"minecraft:mutton":4,"minecraft:dandelion":10,"minecraft:raw_copper":7,"minecraft:birch_sapling":1,"minecraft:rotten_flesh":18,"minecraft:azure_bluet":2,"nethertitan:arambulo_pata_3":2,"nethertitan:arambulo_pata_2":7,"minecraft:melon_seeds":6,"minecraft:azalea":1,"minecraft:birch_boat":1},"minecraft:killed":{"minecraft:skeleton":2,"minecraft:drowned":1,"minecraft:sheep":6,"nethertitan:arambulo_verde":3,"minecraft:zombie":6,"nethertitan:arambulo_morado":1,"minecraft:cow":1},"minecraft:broken":{"minecraft:stone_pickaxe":3,"minecraft:stone_axe":1,"minecraft:iron_pickaxe":1,"minecraft:stone_shovel":3},"minecraft:mined":{"minecraft:tuff":12,"minecraft:white_bed":2,"minecraft:deepslate_diamond_ore":8,"minecraft:obsidian":6,"minecraft:granite":19,"minecraft:grass_block":209,"minecraft:spruce_leaves":1,"minecraft:moss_block":1,"minecraft:sandstone":1,"minecraft:spawner":1,"minecraft:smooth_stone":8,"minecraft:deepslate_brick_slab":3,"minecraft:furnace":2,"minecraft:iron_ore":34,"minecraft:cobbled_deepslate":1,"minecraft:andesite":58,"minecraft:deepslate_lapis_ore":2,"minecraft:azure_bluet":1,"minecraft:deepslate_iron_ore":19,"minecraft:azalea":1,"minecraft:stone":279,"minecraft:deepslate_redstone_ore":18,"minecraft:amethyst_cluster":1,"minecraft:powder_snow":2,"minecraft:crafting_table":7,"minecraft:torch":7,"minecraft:creeper_wall_head":1,"minecraft:tall_grass":12,"minecraft:copper_ore":2,"minecraft:cobblestone":10,"minecraft:lapis_ore":2,"minecraft:sugar_cane":136,"minecraft:oak_planks":43,"minecraft:wall_torch":4,"minecraft:seagrass":1,"minecraft:birch_log":18,"minecraft:birch_trapdoor":1,"minecraft:spruce_log":6,"minecraft:birch_leaves":3,"minecraft:grass":74,"minecraft:oak_log":74,"minecraft:coal_ore":29,"minecraft:gravel":3,"minecraft:sand":190,"minecraft:dirt":37,"minecraft:cobweb":3,"minecraft:zombie_wall_head":1,"minecraft:stonecutter":1,"minecraft:netherrack":2,"minecraft:oak_leaves":30,"minecraft:deepslate":127},"minecraft:custom":{"minecraft:mob_kills":18,"minecraft:interact_with_crafting_table":41,"minecraft:leave_game":3,"minecraft:time_since_death":152646,"minecraft:climb_one_cm":1742,"minecraft:sprint_one_cm":463700,"minecraft:walk_one_cm":461113,"minecraft:damage_blocked_by_shield":1725,"minecraft:drop":25,"minecraft:play_time":187964,"minecraft:deaths":2,"minecraft:sneak_time":10744,"minecraft:walk_under_water_one_cm":12696,"minecraft:boat_one_cm":88181,"minecraft:jump":3613,"minecraft:interact_with_blast_furnace":5,"minecraft:walk_on_water_one_cm":32199,"minecraft:total_world_time":187964,"minecraft:interact_with_furnace":38,"minecraft:interact_with_stonecutter":2,"minecraft:sleep_in_bed":2,"minecraft:time_since_rest":76862,"minecraft:damage_taken":1839,"minecraft:damage_dealt":4234,"minecraft:swim_one_cm":49911,"minecraft:fly_one_cm":812102,"minecraft:open_chest":38,"minecraft:crouch_one_cm":28557,"minecraft:fall_one_cm":102007},"minecraft:crafted":{"minecraft:oak_planks":20,"minecraft:stone_shovel":3,"minecraft:furnace":1,"minecraft:stone":8,"minecraft:diamond_helmet":1,"minecraft:diamond_leggings":1,"minecraft:iron_boots":1,"minecraft:stone_pickaxe":4,"minecraft:chest":2,"minecraft:diamond_boots":1,"minecraft:diamond_sword":1,"minecraft:crafting_table":3,"minecraft:wooden_pickaxe":1,"minecraft:iron_helmet":1,"minecraft:birch_planks":24,"minecraft:bucket":2,"minecraft:stone_axe":2,"minecraft:air":0,"minecraft:iron_chestplate":1,"minecraft:diamond_pickaxe":1,"minecraft:shield":2,"minecraft:stick":36,"minecraft:iron_ingot":116,"minecraft:birch_trapdoor":2,"minecraft:iron_leggings":1,"minecraft:stonecutter":1,"minecraft:white_bed":1,"minecraft:torch":52,"minecraft:diamond_chestplate":1},"minecraft:picked_up":{"minecraft:crafting_table":9,"minecraft:iron_chestplate":1,"nethertitan:arambulo_pata_2":9,"minecraft:azure_bluet":2,"minecraft:creeper_head":5,"minecraft:stone_slab":2,"minecraft:wooden_pickaxe":2,"minecraft:oak_stairs":63,"nethertitan:arambulo_pata_3":2,"minecraft:string":2,"minecraft:raw_copper":7,"minecraft:zombie_head":4,"minecraft:cobbled_deepslate":190,"minecraft:smooth_stone":8,"minecraft:azalea":1,"minecraft:iron_pickaxe":2,"minecraft:sugar_cane":232,"minecraft:birch_sapling":2,"minecraft:furnace":2,"minecraft:iron_boots":1,"minecraft:stick":16,"minecraft:raw_iron":67,"minecraft:sandstone":1,"minecraft:oak_door":1,"minecraft:birch_trapdoor":1,"minecraft:oak_fence":3,"minecraft:torch":28,"minecraft:redstone":146,"minecraft:stone_sword":1,"minecraft:arrow":12,"minecraft:rotten_flesh":20,"minecraft:obsidian":16,"minecraft:mutton":10,"minecraft:white_wool":3,"minecraft:cobblestone":493,"minecraft:oxeye_daisy":3,"minecraft:birch_log":18,"minecraft:andesite":57,"minecraft:birch_planks":34,"minecraft:flint":2,"minecraft:tuff":17,"minecraft:oak_log":75,"minecraft:lapis_lazuli":24,"minecraft:dirt":285,"minecraft:bone":4,"minecraft:stonecutter":1,"minecraft:deepslate_brick_slab":3,"minecraft:wheat_seeds":18,"minecraft:stone_pickaxe":2,"minecraft:iron_ingot":3,"minecraft:oak_planks":56,"minecraft:birch_boat":2,"minecraft:dandelion":10,"minecraft:gravel":2,"minecraft:sand":188,"minecraft:white_bed":5,"minecraft:spruce_log":6,"minecraft:diamond":40,"minecraft:stone_axe":1,"minecraft:granite":21,"minecraft:golden_apple":5,"minecraft:terracotta":2,"minecraft:oak_sapling":1,"minecraft:coal":38},"minecraft:used":{"minecraft:flint_and_steel":2,"minecraft:stone_shovel":400,"minecraft:chest":2,"minecraft:shield":20,"minecraft:creeper_head":2,"minecraft:iron_chestplate":1,"minecraft:torch":68,"minecraft:dirt":420,"minecraft:mutton":6,"minecraft:deepslate_brick_slab":303,"minecraft:tuff":12,"minecraft:lava_bucket":2,"minecraft:iron_helmet":1,"minecraft:iron_boots":1,"minecraft:birch_trapdoor":2,"minecraft:oak_sapling":1,"minecraft:furnace":3,"minecraft:cooked_beef":25,"minecraft:iron_leggings":2,"minecraft:water_bucket":46,"minecraft:stone_pickaxe":401,"minecraft:wooden_pickaxe":39,"minecraft:sugar_cane":230,"minecraft:stonecutter":2,"minecraft:sand":1,"minecraft:crafting_table":10,"minecraft:blast_furnace":1,"minecraft:white_bed":6,"minecraft:diamond_pickaxe":9,"minecraft:zombie_head":2,"minecraft:bread":3,"minecraft:iron_pickaxe":203,"minecraft:gravel":2,"minecraft:stone_axe":153,"minecraft:diamond_sword":69,"minecraft:cobblestone":63,"minecraft:andesite":44,"minecraft:bucket":49},"minecraft:killed_by":{"nethertitan:arambulo_verde":1}},"DataVersion":2975}