{"stats":{"minecraft:killed_by":{"nethertitan:arambulo_verde":1},"minecraft:custom":{"minecraft:interact_with_furnace":26,"minecraft:mob_kills":10,"minecraft:interact_with_crafting_table":25,"minecraft:time_since_death":22661,"minecraft:sleep_in_bed":1,"minecraft:time_since_rest":22664,"minecraft:sprint_one_cm":141387,"minecraft:damage_taken":634,"minecraft:walk_one_cm":164874,"minecraft:damage_blocked_by_shield":80,"minecraft:drop":1,"minecraft:damage_dealt":2066,"minecraft:swim_one_cm":10991,"minecraft:fly_one_cm":115660,"minecraft:crouch_one_cm":13021,"minecraft:play_time":57979,"minecraft:deaths":2,"minecraft:sneak_time":5341,"minecraft:walk_under_water_one_cm":4884,"minecraft:boat_one_cm":45365,"minecraft:jump":857,"minecraft:walk_on_water_one_cm":7320,"minecraft:total_world_time":57979,"minecraft:fall_one_cm":18652},"minecraft:mined":{"minecraft:deepslate_redstone_ore":15,"minecraft:tuff":12,"minecraft:white_bed":1,"minecraft:deepslate_diamond_ore":8,"minecraft:amethyst_cluster":1,"minecraft:crafting_table":5,"minecraft:torch":2,"minecraft:granite":6,"minecraft:grass_block":6,"minecraft:cobblestone":1,"minecraft:oak_planks":43,"minecraft:moss_block":1,"minecraft:sandstone":1,"minecraft:wall_torch":2,"minecraft:spawner":1,"minecraft:furnace":2,"minecraft:birch_log":18,"minecraft:iron_ore":25,"minecraft:cobbled_deepslate":1,"minecraft:birch_trapdoor":1,"minecraft:andesite":28,"minecraft:birch_leaves":3,"minecraft:deepslate_lapis_ore":2,"minecraft:deepslate_iron_ore":19,"minecraft:grass":2,"minecraft:oak_log":2,"minecraft:coal_ore":5,"minecraft:gravel":3,"minecraft:dirt":21,"minecraft:sand":2,"minecraft:cobweb":3,"minecraft:stone":184,"minecraft:deepslate":111},"minecraft:dropped":{"minecraft:cobblestone":16},"minecraft:used":{"minecraft:stone_pickaxe":232,"minecraft:shield":2,"minecraft:wooden_pickaxe":39,"minecraft:iron_chestplate":1,"minecraft:torch":57,"minecraft:dirt":4,"minecraft:mutton":6,"minecraft:crafting_table":7,"minecraft:white_bed":1,"minecraft:tuff":6,"minecraft:bread":3,"minecraft:iron_pickaxe":153,"minecraft:iron_helmet":1,"minecraft:iron_boots":1,"minecraft:diamond_sword":22,"minecraft:stone_axe":68,"minecraft:birch_trapdoor":2,"minecraft:cobblestone":23,"minecraft:furnace":2,"minecraft:andesite":9,"minecraft:iron_leggings":1},"minecraft:killed":{"minecraft:skeleton":2,"minecraft:sheep":3,"nethertitan:arambulo_verde":2,"minecraft:zombie":2,"minecraft:drowned":1,"minecraft:cow":1},"minecraft:broken":{"minecraft:stone_pickaxe":2},"minecraft:picked_up":{"minecraft:birch_log":18,"minecraft:iron_chestplate":1,"minecraft:crafting_table":7,"nethertitan:arambulo_pata_2":4,"minecraft:andesite":27,"minecraft:wooden_pickaxe":2,"minecraft:birch_planks":34,"minecraft:flint":1,"minecraft:tuff":12,"minecraft:oak_log":1,"minecraft:string":2,"minecraft:lapis_lazuli":14,"minecraft:dirt":28,"minecraft:bone":4,"minecraft:wheat_seeds":1,"minecraft:cobbled_deepslate":111,"minecraft:iron_ingot":3,"minecraft:stone_pickaxe":2,"minecraft:iron_pickaxe":2,"minecraft:birch_sapling":1,"minecraft:oak_planks":56,"minecraft:iron_boots":1,"minecraft:furnace":2,"minecraft:stick":14,"minecraft:raw_iron":58,"minecraft:sandstone":1,"minecraft:birch_trapdoor":1,"minecraft:torch":16,"minecraft:gravel":2,"minecraft:sand":1,"minecraft:white_bed":1,"minecraft:redstone":68,"minecraft:arrow":3,"minecraft:stone_sword":1,"minecraft:rotten_flesh":3,"minecraft:diamond":10,"minecraft:stone_axe":1,"minecraft:granite":8,"minecraft:mutton":6,"minecraft:coal":11,"minecraft:white_wool":3,"minecraft:cobblestone":389},"minecraft:crafted":{"minecraft:oak_planks":4,"minecraft:diamond_sword":1,"minecraft:crafting_table":3,"minecraft:wooden_pickaxe":1,"minecraft:iron_helmet":1,"minecraft:furnace":1,"minecraft:birch_planks":24,"minecraft:stone_axe":2,"minecraft:air":0,"minecraft:iron_boots":1,"minecraft:iron_chestplate":1,"minecraft:shield":2,"minecraft:stick":28,"minecraft:iron_ingot":44,"minecraft:stone_pickaxe":3,"minecraft:birch_trapdoor":2,"minecraft:iron_leggings":1,"minecraft:white_bed":1,"minecraft:torch":52}},"DataVersion":2975}