{"stats":{"minecraft:killed_by":{"nethertitan:arambulo_verde":1},"minecraft:custom":{"minecraft:time_since_rest":2082,"minecraft:sprint_one_cm":28247,"minecraft:damage_taken":400,"minecraft:walk_one_cm":60271,"minecraft:mob_kills":4,"minecraft:drop":1,"minecraft:damage_dealt":796,"minecraft:swim_one_cm":5024,"minecraft:interact_with_crafting_table":6,"minecraft:fly_one_cm":50196,"minecraft:crouch_one_cm":4892,"minecraft:play_time":21979,"minecraft:deaths":1,"minecraft:sneak_time":2506,"minecraft:walk_under_water_one_cm":4301,"minecraft:boat_one_cm":45365,"minecraft:jump":393,"minecraft:walk_on_water_one_cm":3831,"minecraft:time_since_death":2079,"minecraft:total_world_time":21979,"minecraft:fall_one_cm":9596},"minecraft:mined":{"minecraft:iron_ore":10,"minecraft:birch_log":18,"minecraft:birch_leaves":3,"minecraft:andesite":12,"minecraft:crafting_table":1,"minecraft:granite":5,"minecraft:grass":1,"minecraft:coal_ore":5,"minecraft:grass_block":6,"minecraft:oak_log":2,"minecraft:sand":2,"minecraft:dirt":20,"minecraft:stone":109,"minecraft:moss_block":1,"minecraft:sandstone":1},"minecraft:dropped":{"minecraft:cobblestone":16},"minecraft:used":{"minecraft:stone_pickaxe":105,"minecraft:wooden_pickaxe":37,"minecraft:torch":1,"minecraft:stone_axe":21,"minecraft:dirt":3,"minecraft:cobblestone":15,"minecraft:crafting_table":2},"minecraft:killed":{"minecraft:sheep":2,"nethertitan:arambulo_verde":1,"minecraft:drowned":1,"minecraft:cow":1},"minecraft:picked_up":{"minecraft:birch_log":18,"minecraft:raw_iron":12,"minecraft:crafting_table":1,"minecraft:sandstone":1,"nethertitan:arambulo_pata_2":2,"minecraft:andesite":12,"minecraft:sand":1,"minecraft:oak_log":1,"minecraft:dirt":27,"minecraft:wheat_seeds":1,"minecraft:granite":7,"minecraft:mutton":4,"minecraft:birch_sapling":1,"minecraft:coal":4,"minecraft:white_wool":2,"minecraft:cobblestone":99},"minecraft:crafted":{"minecraft:oak_planks":4,"minecraft:crafting_table":2,"minecraft:stick":8,"minecraft:wooden_pickaxe":1,"minecraft:stone_pickaxe":1,"minecraft:torch":8,"minecraft:birch_planks":24,"minecraft:stone_axe":1}},"DataVersion":2975}