{"stats":{"minecraft:killed_by":{"nethertitan:arambulo_verde":1},"minecraft:custom":{"minecraft:time_since_rest":2970,"minecraft:interact_with_furnace":11,"minecraft:sprint_one_cm":62056,"minecraft:damage_taken":550,"minecraft:walk_one_cm":94875,"minecraft:mob_kills":5,"minecraft:drop":1,"minecraft:damage_dealt":876,"minecraft:swim_one_cm":10991,"minecraft:interact_with_crafting_table":14,"minecraft:fly_one_cm":90476,"minecraft:crouch_one_cm":5645,"minecraft:play_time":33979,"minecraft:deaths":1,"minecraft:sneak_time":2850,"minecraft:walk_under_water_one_cm":4884,"minecraft:boat_one_cm":45365,"minecraft:jump":648,"minecraft:walk_on_water_one_cm":6929,"minecraft:time_since_death":14079,"minecraft:sleep_in_bed":1,"minecraft:total_world_time":33979,"minecraft:fall_one_cm":16539},"minecraft:mined":{"minecraft:iron_ore":18,"minecraft:birch_log":18,"minecraft:birch_leaves":3,"minecraft:andesite":12,"minecraft:crafting_table":1,"minecraft:granite":6,"minecraft:grass":2,"minecraft:coal_ore":5,"minecraft:grass_block":6,"minecraft:oak_log":2,"minecraft:sand":2,"minecraft:dirt":21,"minecraft:cobblestone":1,"minecraft:stone":163,"minecraft:moss_block":1,"minecraft:sandstone":1},"minecraft:dropped":{"minecraft:cobblestone":16},"minecraft:used":{"minecraft:stone_pickaxe":169,"minecraft:wooden_pickaxe":37,"minecraft:iron_chestplate":1,"minecraft:torch":8,"minecraft:stone_axe":21,"minecraft:mutton":6,"minecraft:dirt":4,"minecraft:cobblestone":23,"minecraft:crafting_table":4,"minecraft:furnace":1,"minecraft:white_bed":1},"minecraft:killed":{"minecraft:sheep":3,"nethertitan:arambulo_verde":1,"minecraft:drowned":1,"minecraft:cow":1},"minecraft:broken":{"minecraft:stone_pickaxe":1},"minecraft:picked_up":{"minecraft:birch_log":18,"minecraft:raw_iron":31,"minecraft:crafting_table":3,"minecraft:sandstone":1,"nethertitan:arambulo_pata_2":2,"minecraft:andesite":12,"minecraft:torch":10,"minecraft:wooden_pickaxe":1,"minecraft:birch_planks":18,"minecraft:sand":1,"minecraft:oak_log":1,"minecraft:dirt":28,"minecraft:stone_sword":1,"minecraft:stone_axe":1,"minecraft:wheat_seeds":1,"minecraft:iron_ingot":1,"minecraft:stone_pickaxe":2,"minecraft:granite":8,"minecraft:oak_planks":3,"minecraft:mutton":6,"minecraft:birch_sapling":1,"minecraft:coal":5,"minecraft:white_wool":3,"minecraft:cobblestone":301},"minecraft:crafted":{"minecraft:oak_planks":4,"minecraft:iron_chestplate":1,"minecraft:shield":1,"minecraft:crafting_table":3,"minecraft:stick":24,"minecraft:iron_ingot":12,"minecraft:wooden_pickaxe":1,"minecraft:stone_pickaxe":2,"minecraft:furnace":1,"minecraft:white_bed":1,"minecraft:torch":8,"minecraft:birch_planks":24,"minecraft:stone_axe":1,"minecraft:air":0}},"DataVersion":2975}