{"stats":{"minecraft:used":{"minecraft:oak_trapdoor":24,"minecraft:flint_and_steel":2,"minecraft:stone_shovel":550,"minecraft:poppy":1,"minecraft:oak_sign":11,"minecraft:chest":26,"minecraft:shield":34,"minecraft:stone":18,"minecraft:creeper_head":2,"minecraft:cooked_salmon":3,"minecraft:iron_chestplate":1,"minecraft:torch":234,"minecraft:dirt":546,"minecraft:mutton":6,"minecraft:hopper":9,"minecraft:carrot":52,"minecraft:cobblestone_wall":9,"minecraft:deepslate_brick_slab":303,"minecraft:diamond_helmet":1,"minecraft:tuff":12,"minecraft:milk_bucket":1,"minecraft:glass":47,"minecraft:iron_hoe":171,"minecraft:lava_bucket":12,"minecraft:iron_axe":98,"minecraft:iron_helmet":1,"minecraft:iron_boots":1,"minecraft:diamond_chestplate":1,"minecraft:birch_trapdoor":4,"minecraft:oak_sapling":1,"minecraft:furnace":12,"minecraft:potato":146,"minecraft:cooked_beef":53,"minecraft:cobbled_deepslate":22,"minecraft:enchanted_golden_apple":2,"minecraft:iron_leggings":2,"minecraft:wheat_seeds":8,"minecraft:water_bucket":73,"minecraft:diamond_boots":1,"minecraft:stone_pickaxe":981,"minecraft:oak_planks":3,"minecraft:composter":3,"minecraft:wooden_pickaxe":54,"minecraft:sugar_cane":309,"minecraft:cobblestone_slab":8,"minecraft:stonecutter":3,"minecraft:golden_apple":2,"minecraft:sand":3,"minecraft:rail":6,"minecraft:blast_furnace":3,"minecraft:crafting_table":12,"minecraft:white_bed":9,"minecraft:oak_log":22,"minecraft:diamond_pickaxe":329,"minecraft:zombie_head":2,"minecraft:bread":24,"minecraft:iron_pickaxe":455,"minecraft:stone_slab":2,"minecraft:gravel":3,"minecraft:stone_axe":153,"minecraft:diamond_sword":386,"minecraft:cobblestone":488,"minecraft:grindstone":1,"minecraft:andesite":59,"minecraft:bucket":86},"minecraft:killed_by":{"minecraft:player":1,"nethertitan:arambulo_verde":1,"nethertitan:arambulo_morado":1},"minecraft:picked_up":{"minecraft:crafting_table":10,"minecraft:iron_chestplate":1,"minecraft:wheat":13,"nethertitan:arambulo_pata_2":29,"minecraft:azure_bluet":2,"minecraft:creeper_head":5,"minecraft:stone_slab":2,"minecraft:wooden_pickaxe":3,"minecraft:oak_stairs":63,"nethertitan:arambulo_pata_3":9,"minecraft:shield":2,"minecraft:string":151,"minecraft:raw_copper":29,"minecraft:zombie_head":6,"minecraft:oak_sign":7,"d_remake_mod:cuchara":1,"minecraft:diamond_leggings":1,"minecraft:cobbled_deepslate":217,"minecraft:smooth_stone":8,"minecraft:cobblestone_slab":3,"minecraft:beef":7,"minecraft:poppy":1,"minecraft:azalea":1,"minecraft:iron_pickaxe":2,"minecraft:minecart":1,"minecraft:enchanted_golden_apple":7,"minecraft:sugar_cane":363,"minecraft:chest":17,"minecraft:birch_sapling":2,"minecraft:furnace":5,"minecraft:iron_boots":1,"minecraft:egg":1,"minecraft:stick":83,"minecraft:raw_iron":116,"minecraft:sandstone":1,"minecraft:stone":23,"minecraft:oak_door":1,"minecraft:birch_trapdoor":1,"minecraft:oak_fence":24,"minecraft:torch":78,"minecraft:diorite":3,"minecraft:carrot":70,"minecraft:redstone":154,"minecraft:rotten_flesh":26,"minecraft:stone_sword":1,"nethertitan:arambulo_pata":39,"minecraft:arrow":17,"minecraft:diamond_chestplate":1,"minecraft:beetroot_seeds":1,"minecraft:diamond_boots":1,"minecraft:totem_of_undying":1,"minecraft:obsidian":16,"minecraft:mutton":10,"minecraft:rail":1,"minecraft:white_wool":3,"minecraft:cobblestone":1495,"minecraft:oxeye_daisy":3,"minecraft:birch_log":18,"minecraft:glow_ink_sac":2,"minecraft:andesite":90,"minecraft:leather":3,"minecraft:potato":150,"minecraft:birch_planks":34,"minecraft:flint":3,"minecraft:tuff":17,"minecraft:oak_log":128,"minecraft:cobblestone_wall":6,"minecraft:gunpowder":3,"minecraft:lapis_lazuli":43,"minecraft:dirt":401,"minecraft:bone":4,"minecraft:apple":1,"minecraft:stonecutter":2,"minecraft:wheat_seeds":95,"minecraft:deepslate_brick_slab":3,"minecraft:raw_gold":4,"minecraft:iron_ingot":28,"minecraft:grindstone":2,"minecraft:stone_pickaxe":2,"minecraft:iron_sword":1,"minecraft:oak_planks":77,"minecraft:book":3,"minecraft:birch_boat":3,"minecraft:dandelion":10,"minecraft:gravel":17,"minecraft:sand":283,"minecraft:blast_furnace":2,"minecraft:white_bed":8,"minecraft:spruce_log":6,"minecraft:spider_eye":6,"minecraft:diamond":40,"minecraft:stone_axe":1,"minecraft:iron_helmet":1,"minecraft:granite":35,"minecraft:golden_apple":5,"minecraft:terracotta":2,"minecraft:oak_sapling":2,"minecraft:coal":83,"minecraft:hopper":6,"minecraft:diamond_pickaxe":2},"minecraft:crafted":{"minecraft:oak_planks":340,"minecraft:oak_sign":18,"minecraft:stone_shovel":5,"minecraft:cobblestone_slab":6,"minecraft:furnace":9,"minecraft:stone":8,"minecraft:oak_trapdoor":28,"minecraft:glass":60,"minecraft:hopper":3,"minecraft:diamond_helmet":1,"minecraft:diamond_leggings":1,"minecraft:iron_boots":1,"minecraft:iron_axe":1,"d_remake_mod:deditas":12,"minecraft:stone_pickaxe":8,"minecraft:cobblestone_wall":6,"minecraft:chest":12,"minecraft:diamond_boots":1,"minecraft:oak_fence":45,"minecraft:wheat":144,"minecraft:oak_slab":66,"minecraft:diamond_sword":1,"minecraft:crafting_table":4,"minecraft:spruce_planks":24,"minecraft:wooden_pickaxe":1,"minecraft:iron_helmet":1,"minecraft:bucket":2,"minecraft:birch_planks":32,"minecraft:stone_axe":2,"minecraft:bread":48,"minecraft:air":0,"minecraft:oak_fence_gate":2,"minecraft:totem_of_undying":1,"minecraft:iron_chestplate":1,"minecraft:diamond_pickaxe":1,"minecraft:shield":2,"minecraft:stick":188,"minecraft:iron_ingot":116,"minecraft:birch_trapdoor":4,"minecraft:iron_leggings":1,"minecraft:stonecutter":1,"minecraft:white_bed":1,"minecraft:composter":3,"minecraft:torch":180,"minecraft:diamond_chestplate":1},"minecraft:mined":{"minecraft:tuff":12,"minecraft:white_bed":5,"minecraft:deepslate_diamond_ore":8,"minecraft:obsidian":6,"minecraft:granite":33,"minecraft:grass_block":285,"minecraft:oak_wall_sign":1,"minecraft:spruce_leaves":1,"minecraft:moss_block":1,"minecraft:hopper":6,"minecraft:sandstone":1,"minecraft:spawner":1,"minecraft:smooth_stone":8,"minecraft:deepslate_brick_slab":3,"minecraft:carrots":41,"minecraft:furnace":5,"minecraft:iron_ore":83,"minecraft:cobbled_deepslate":3,"minecraft:andesite":91,"minecraft:deepslate_lapis_ore":2,"minecraft:oak_sign":1,"minecraft:potatoes":56,"minecraft:azure_bluet":1,"minecraft:dirt_path":2,"minecraft:bookshelf":1,"minecraft:cobblestone_slab":4,"minecraft:deepslate_iron_ore":19,"minecraft:rail":1,"minecraft:azalea":1,"minecraft:stone":1136,"minecraft:deepslate_redstone_ore":18,"minecraft:amethyst_cluster":1,"minecraft:powder_snow":2,"minecraft:oak_fence":13,"minecraft:crafting_table":8,"minecraft:torch":20,"minecraft:blast_furnace":2,"minecraft:chest":16,"minecraft:copper_ore":8,"minecraft:creeper_wall_head":1,"minecraft:tall_grass":15,"minecraft:cobblestone":102,"minecraft:lapis_ore":5,"minecraft:grindstone":2,"minecraft:oak_planks":65,"minecraft:sugar_cane":151,"minecraft:wall_torch":33,"minecraft:diorite":4,"minecraft:seagrass":1,"minecraft:cobblestone_wall":6,"minecraft:birch_log":18,"minecraft:wheat":49,"minecraft:birch_trapdoor":1,"minecraft:spruce_log":6,"minecraft:birch_leaves":5,"minecraft:grass":149,"minecraft:oak_log":112,"minecraft:coal_ore":68,"minecraft:beetroots":1,"minecraft:gravel":8,"minecraft:sand":282,"minecraft:dirt":99,"minecraft:cobweb":75,"minecraft:zombie_wall_head":1,"minecraft:stonecutter":2,"minecraft:netherrack":2,"minecraft:gold_ore":4,"minecraft:oak_leaves":33,"minecraft:deepslate":152},"minecraft:custom":{"minecraft:mob_kills":88,"minecraft:animals_bred":2,"minecraft:inspect_hopper":2,"minecraft:interact_with_crafting_table":65,"minecraft:open_shulker_box":3,"minecraft:leave_game":9,"minecraft:time_since_death":100855,"minecraft:damage_resisted":138,"minecraft:climb_one_cm":2693,"minecraft:sprint_one_cm":1004070,"minecraft:walk_one_cm":986105,"minecraft:damage_blocked_by_shield":3993,"minecraft:drop":47,"minecraft:damage_dealt_absorbed":67,"minecraft:talked_to_villager":22,"minecraft:play_time":397390,"minecraft:sneak_time":28266,"minecraft:deaths":5,"minecraft:walk_under_water_one_cm":20483,"minecraft:boat_one_cm":98629,"minecraft:jump":9437,"minecraft:interact_with_blast_furnace":8,"minecraft:walk_on_water_one_cm":107444,"minecraft:enchant_item":11,"minecraft:total_world_time":397390,"minecraft:interact_with_furnace":46,"minecraft:traded_with_villager":5,"minecraft:interact_with_stonecutter":5,"minecraft:sleep_in_bed":2,"minecraft:time_since_rest":100862,"minecraft:damage_taken":5256,"minecraft:damage_absorbed":331,"minecraft:damage_dealt":18738,"minecraft:swim_one_cm":65732,"minecraft:fly_one_cm":1723866,"minecraft:player_kills":2,"minecraft:open_chest":197,"minecraft:crouch_one_cm":79414,"minecraft:fall_one_cm":225532},"minecraft:dropped":{"minecraft:iron_ingot":20,"minecraft:iron_sword":1,"minecraft:wheat_seeds":5,"minecraft:diamond_leggings":1,"minecraft:oak_fence":3,"minecraft:iron_helmet":1,"minecraft:cobblestone":16,"minecraft:granite":13,"minecraft:golden_apple":3,"minecraft:flint":2,"minecraft:stick":2,"minecraft:oxeye_daisy":3,"d_remake_mod:cuchara":2,"minecraft:mutton":4,"minecraft:cooked_cod":4,"nethertitan:arambulo_pata":6,"minecraft:dandelion":10,"minecraft:raw_copper":7,"minecraft:birch_sapling":1,"minecraft:rotten_flesh":18,"minecraft:enchanted_golden_apple":11,"minecraft:azure_bluet":2,"minecraft:totem_of_undying":2,"nethertitan:arambulo_pata_3":2,"minecraft:diamond_chestplate":1,"minecraft:diamond_pickaxe":1,"minecraft:beetroot_seeds":1,"minecraft:melon_seeds":6,"nethertitan:arambulo_pata_2":7,"minecraft:azalea":1,"minecraft:diamond_boots":1,"minecraft:birch_boat":1},"minecraft:killed":{"minecraft:cave_spider":36,"minecraft:skeleton":5,"nethertitan:arambulo":5,"minecraft:drowned":1,"minecraft:iron_golem":1,"minecraft:creeper":2,"minecraft:sheep":6,"nethertitan:arambulo_verde":10,"minecraft:zombie":17,"nethertitan:arambulo_morado":3,"minecraft:cow":4},"minecraft:broken":{"minecraft:stone_pickaxe":8,"minecraft:shield":1,"minecraft:stone_axe":1,"minecraft:iron_pickaxe":2,"minecraft:stone_shovel":3}},"DataVersion":2975}