{"stats":{"minecraft:dropped":{"minecraft:iron_ingot":8,"minecraft:furnace":2,"minecraft:iron_sword":1,"minecraft:sugar_cane":1,"minecraft:wheat_seeds":1,"minecraft:cooked_beef":31,"minecraft:oak_log":17,"minecraft:stone_sword":2,"minecraft:raw_copper":20,"minecraft:crafting_table":1,"minecraft:birch_sapling":10,"minecraft:pointed_dripstone":2,"minecraft:cobblestone":37,"minecraft:leather":2,"minecraft:oak_sign":1,"minecraft:coal":33,"minecraft:stick":32,"minecraft:lava_bucket":1,"minecraft:dirt":22,"minecraft:torch":22,"minecraft:spruce_planks":28,"minecraft:mutton":2,"minecraft:iron_chestplate":1,"minecraft:andesite":7,"minecraft:oak_sapling":2,"minecraft:chest":1,"minecraft:birch_boat":1,"minecraft:wooden_pickaxe":1,"minecraft:birch_log":24,"minecraft:white_wool":3,"minecraft:spruce_sapling":1},"minecraft:killed":{"minecraft:zombie":1,"minecraft:enderman":1},"minecraft:mined":{"minecraft:crafting_table":4,"minecraft:torch":2,"minecraft:grass_block":2,"minecraft:cobblestone":14,"minecraft:lapis_ore":3,"minecraft:diorite":14,"minecraft:furnace":3,"minecraft:birch_log":22,"minecraft:iron_ore":29,"minecraft:birch_leaves":1,"minecraft:andesite":15,"minecraft:grass":3,"minecraft:coal_ore":11,"minecraft:dirt":10,"minecraft:stone":134,"minecraft:deepslate":7},"minecraft:custom":{"minecraft:interact_with_furnace":36,"minecraft:mob_kills":2,"minecraft:interact_with_crafting_table":24,"minecraft:leave_game":2,"minecraft:time_since_death":5127,"minecraft:sleep_in_bed":1,"minecraft:time_since_rest":5130,"minecraft:sprint_one_cm":45016,"minecraft:damage_taken":922,"minecraft:walk_one_cm":69959,"minecraft:damage_blocked_by_shield":765,"minecraft:drop":43,"minecraft:damage_dealt":655,"minecraft:swim_one_cm":1206,"minecraft:fly_one_cm":45503,"minecraft:open_chest":8,"minecraft:crouch_one_cm":34092,"minecraft:play_time":56660,"minecraft:deaths":2,"minecraft:sneak_time":13503,"minecraft:walk_under_water_one_cm":4403,"minecraft:jump":424,"minecraft:interact_with_blast_furnace":3,"minecraft:walk_on_water_one_cm":1743,"minecraft:total_world_time":56660,"minecraft:fall_one_cm":14493},"minecraft:crafted":{"minecraft:oak_planks":24,"minecraft:oak_sign":3,"minecraft:crafting_table":2,"minecraft:birch_boat":1,"minecraft:wooden_pickaxe":1,"minecraft:iron_sword":2,"minecraft:furnace":1,"minecraft:bucket":1,"minecraft:birch_planks":40,"minecraft:stone_axe":1,"minecraft:air":0,"minecraft:iron_boots":1,"minecraft:iron_chestplate":1,"minecraft:shield":1,"minecraft:stick":28,"minecraft:iron_ingot":28,"minecraft:stone_pickaxe":2,"minecraft:stone_sword":1,"minecraft:chest":2,"minecraft:torch":28},"minecraft:picked_up":{"minecraft:birch_log":49,"minecraft:iron_chestplate":2,"minecraft:crafting_table":7,"minecraft:cooked_beef":123,"minecraft:andesite":39,"minecraft:leather":4,"minecraft:wooden_pickaxe":1,"minecraft:oak_log":83,"minecraft:shield":3,"minecraft:lapis_lazuli":17,"minecraft:dirt":45,"minecraft:raw_copper":40,"minecraft:cooked_mutton":3,"minecraft:wheat_seeds":2,"minecraft:cobbled_deepslate":7,"minecraft:bucket":1,"minecraft:spruce_planks":56,"minecraft:iron_ingot":6,"minecraft:stone_pickaxe":3,"minecraft:cobblestone_slab":1,"minecraft:iron_pickaxe":1,"minecraft:sugar_cane":2,"minecraft:chest":1,"minecraft:birch_sapling":20,"minecraft:iron_sword":2,"minecraft:iron_boots":1,"minecraft:furnace":12,"minecraft:stick":26,"minecraft:raw_iron":44,"minecraft:birch_boat":2,"minecraft:torch":79,"minecraft:lava_bucket":2,"minecraft:spruce_sapling":2,"minecraft:pointed_dripstone":4,"minecraft:diorite":15,"minecraft:grass_block":2,"minecraft:stone_sword":3,"minecraft:rotten_flesh":2,"minecraft:stone_axe":3,"minecraft:iron_helmet":3,"minecraft:granite":1,"minecraft:oak_sapling":3,"minecraft:mutton":4,"minecraft:coal":238,"minecraft:white_wool":6,"minecraft:cobblestone":201},"minecraft:used":{"minecraft:cooked_mutton":2,"minecraft:water_bucket":3,"minecraft:diorite":14,"minecraft:stone_sword":3,"minecraft:stone_pickaxe":217,"minecraft:oak_planks":2,"minecraft:oak_sign":1,"minecraft:wooden_pickaxe":17,"minecraft:chest":2,"minecraft:shield":9,"minecraft:iron_sword":4,"minecraft:cobblestone_slab":1,"minecraft:rotten_flesh":2,"minecraft:torch":37,"minecraft:dirt":12,"minecraft:crafting_table":6,"minecraft:granite":1,"minecraft:grass_block":1,"minecraft:iron_helmet":2,"minecraft:iron_boots":1,"minecraft:stone_axe":27,"minecraft:cobblestone":78,"minecraft:furnace":2,"minecraft:bucket":4,"minecraft:andesite":20,"minecraft:cooked_beef":4,"minecraft:cobbled_deepslate":6},"minecraft:killed_by":{"minecraft:creeper":1}},"DataVersion":2975}