{"stats":{"minecraft:dropped":{"minecraft:iron_ingot":34,"minecraft:dirt":1,"minecraft:wooden_pickaxe":2,"minecraft:coal":1},"minecraft:killed":{"minecraft:skeleton":1},"minecraft:mined":{"minecraft:furnace":3,"minecraft:iron_ore":48,"minecraft:crafting_table":5,"minecraft:torch":2,"minecraft:grass_block":10,"minecraft:oak_log":6,"minecraft:coal_ore":19,"minecraft:dirt":26,"minecraft:stone":125,"minecraft:oak_leaves":7,"minecraft:wall_torch":3},"minecraft:broken":{"minecraft:stone_pickaxe":1},"minecraft:custom":{"minecraft:time_since_rest":12645,"minecraft:sprint_one_cm":80581,"minecraft:interact_with_furnace":15,"minecraft:damage_taken":355,"minecraft:walk_one_cm":21800,"minecraft:mob_kills":1,"minecraft:drop":5,"minecraft:damage_dealt":280,"minecraft:interact_with_crafting_table":8,"minecraft:fly_one_cm":86297,"minecraft:play_time":44937,"minecraft:crouch_one_cm":23192,"minecraft:deaths":1,"minecraft:sneak_time":11365,"minecraft:jump":417,"minecraft:leave_game":7,"minecraft:time_since_death":12641,"minecraft:total_world_time":44937,"minecraft:climb_one_cm":1367,"minecraft:fall_one_cm":5891},"minecraft:crafted":{"minecraft:oak_planks":24,"minecraft:shield":1,"minecraft:crafting_table":1,"minecraft:stick":24,"minecraft:wooden_pickaxe":1,"minecraft:iron_ingot":35,"minecraft:stone_pickaxe":3,"minecraft:furnace":1,"minecraft:torch":32,"minecraft:stone_axe":2,"minecraft:air":0},"minecraft:picked_up":{"minecraft:crafting_table":5,"minecraft:raw_iron":61,"minecraft:cooked_beef":15,"minecraft:torch":5,"minecraft:wooden_pickaxe":2,"minecraft:birch_planks":31,"minecraft:oak_log":6,"minecraft:dirt":34,"minecraft:bone":2,"minecraft:arrow":1,"minecraft:iron_ingot":34,"minecraft:coal":30,"minecraft:cobblestone":158,"minecraft:furnace":3},"minecraft:used":{"minecraft:stone_pickaxe":191,"minecraft:wooden_pickaxe":13,"minecraft:torch":13,"minecraft:stone_axe":12,"minecraft:dirt":4,"minecraft:cobblestone":13,"minecraft:crafting_table":4,"minecraft:furnace":3,"minecraft:cooked_beef":2}},"DataVersion":2975}