{"stats":{"minecraft:custom":{"minecraft:time_since_rest":27850,"minecraft:interact_with_furnace":13,"minecraft:sprint_one_cm":21540,"minecraft:damage_taken":40,"minecraft:walk_one_cm":12510,"minecraft:drop":4,"minecraft:interact_with_crafting_table":6,"minecraft:fly_one_cm":8710,"minecraft:crouch_one_cm":17171,"minecraft:play_time":27850,"minecraft:sneak_time":8746,"minecraft:jump":111,"minecraft:leave_game":4,"minecraft:time_since_death":27850,"minecraft:total_world_time":27850,"minecraft:fall_one_cm":209},"minecraft:mined":{"minecraft:furnace":1,"minecraft:iron_ore":48,"minecraft:crafting_table":3,"minecraft:torch":2,"minecraft:oak_log":5,"minecraft:grass_block":1,"minecraft:coal_ore":19,"minecraft:dirt":4,"minecraft:stone":124,"minecraft:oak_leaves":7,"minecraft:wall_torch":2},"minecraft:used":{"minecraft:stone_pickaxe":182,"minecraft:wooden_pickaxe":13,"minecraft:torch":11,"minecraft:stone_axe":3,"minecraft:dirt":3,"minecraft:cobblestone":3,"minecraft:crafting_table":3,"minecraft:furnace":2},"minecraft:dropped":{"minecraft:dirt":1,"minecraft:wooden_pickaxe":2,"minecraft:coal":1},"minecraft:broken":{"minecraft:stone_pickaxe":1},"minecraft:picked_up":{"minecraft:crafting_table":3,"minecraft:raw_iron":48,"minecraft:torch":4,"minecraft:wooden_pickaxe":2,"minecraft:oak_log":5,"minecraft:dirt":6,"minecraft:coal":25,"minecraft:cobblestone":124,"minecraft:furnace":1},"minecraft:crafted":{"minecraft:oak_planks":20,"minecraft:crafting_table":1,"minecraft:stick":16,"minecraft:wooden_pickaxe":1,"minecraft:iron_ingot":31,"minecraft:stone_pickaxe":2,"minecraft:furnace":1,"minecraft:torch":32,"minecraft:stone_axe":1,"minecraft:air":0}},"DataVersion":2975}