{"stats":{"minecraft:custom":{"minecraft:time_since_rest":5952,"minecraft:interact_with_furnace":15,"minecraft:sprint_one_cm":56006,"minecraft:damage_taken":320,"minecraft:walk_one_cm":16898,"minecraft:mob_kills":1,"minecraft:drop":5,"minecraft:damage_dealt":190,"minecraft:interact_with_crafting_table":7,"minecraft:fly_one_cm":70747,"minecraft:play_time":38244,"minecraft:crouch_one_cm":19236,"minecraft:deaths":1,"minecraft:sneak_time":10195,"minecraft:jump":276,"minecraft:leave_game":5,"minecraft:time_since_death":5948,"minecraft:total_world_time":38244,"minecraft:fall_one_cm":3919},"minecraft:mined":{"minecraft:furnace":3,"minecraft:iron_ore":48,"minecraft:crafting_table":4,"minecraft:torch":2,"minecraft:grass_block":7,"minecraft:oak_log":6,"minecraft:coal_ore":19,"minecraft:dirt":25,"minecraft:stone":125,"minecraft:oak_leaves":7,"minecraft:wall_torch":3},"minecraft:used":{"minecraft:stone_pickaxe":191,"minecraft:wooden_pickaxe":13,"minecraft:torch":13,"minecraft:stone_axe":11,"minecraft:dirt":3,"minecraft:cobblestone":13,"minecraft:crafting_table":4,"minecraft:furnace":3},"minecraft:dropped":{"minecraft:iron_ingot":34,"minecraft:dirt":1,"minecraft:wooden_pickaxe":2,"minecraft:coal":1},"minecraft:killed":{"minecraft:skeleton":1},"minecraft:broken":{"minecraft:stone_pickaxe":1},"minecraft:picked_up":{"minecraft:crafting_table":4,"minecraft:raw_iron":61,"minecraft:torch":5,"minecraft:wooden_pickaxe":2,"minecraft:oak_log":6,"minecraft:dirt":33,"minecraft:arrow":1,"minecraft:bone":2,"minecraft:iron_ingot":34,"minecraft:coal":30,"minecraft:cobblestone":125,"minecraft:furnace":3},"minecraft:crafted":{"minecraft:oak_planks":24,"minecraft:shield":1,"minecraft:crafting_table":1,"minecraft:stick":16,"minecraft:stone_pickaxe":2,"minecraft:wooden_pickaxe":1,"minecraft:iron_ingot":35,"minecraft:furnace":1,"minecraft:torch":32,"minecraft:stone_axe":1,"minecraft:air":0}},"DataVersion":2975}