{"stats":{"minecraft:custom":{"minecraft:time_since_rest":16772,"minecraft:interact_with_furnace":1,"minecraft:sprint_one_cm":15699,"minecraft:damage_taken":40,"minecraft:walk_one_cm":6986,"minecraft:drop":4,"minecraft:interact_with_crafting_table":3,"minecraft:fly_one_cm":8284,"minecraft:crouch_one_cm":11347,"minecraft:play_time":16772,"minecraft:sneak_time":6170,"minecraft:jump":87,"minecraft:leave_game":2,"minecraft:time_since_death":16772,"minecraft:total_world_time":16772,"minecraft:fall_one_cm":209},"minecraft:mined":{"minecraft:iron_ore":30,"minecraft:crafting_table":1,"minecraft:torch":2,"minecraft:oak_log":5,"minecraft:grass_block":1,"minecraft:coal_ore":9,"minecraft:dirt":4,"minecraft:stone":88,"minecraft:oak_leaves":7},"minecraft:used":{"minecraft:stone_pickaxe":116,"minecraft:wooden_pickaxe":13,"minecraft:torch":7,"minecraft:dirt":3,"minecraft:cobblestone":3,"minecraft:crafting_table":2,"minecraft:furnace":1},"minecraft:dropped":{"minecraft:dirt":1,"minecraft:wooden_pickaxe":2,"minecraft:coal":1},"minecraft:picked_up":{"minecraft:crafting_table":1,"minecraft:raw_iron":30,"minecraft:torch":2,"minecraft:wooden_pickaxe":2,"minecraft:oak_log":5,"minecraft:dirt":6,"minecraft:coal":10,"minecraft:cobblestone":88},"minecraft:crafted":{"minecraft:oak_planks":20,"minecraft:crafting_table":1,"minecraft:stick":16,"minecraft:wooden_pickaxe":1,"minecraft:stone_pickaxe":1,"minecraft:furnace":1,"minecraft:torch":32}},"DataVersion":2975}