{"stats":{"minecraft:dropped":{"minecraft:wheat_seeds":1,"minecraft:oak_log":12,"minecraft:cobbled_deepslate":1,"minecraft:wooden_pickaxe":1,"minecraft:stone_pickaxe":1,"minecraft:iron_pickaxe":1},"minecraft:killed":{"nethertitan:arambulo_morado":1,"minecraft:cow":4},"minecraft:mined":{"minecraft:crafting_table":1,"minecraft:cobblestone":2,"minecraft:deepslate_gold_ore":6,"minecraft:sugar_cane":4,"minecraft:wall_torch":5,"minecraft:hay_block":19,"minecraft:carrots":33,"minecraft:cobbled_deepslate":1,"minecraft:grass":1,"minecraft:coal_ore":21,"minecraft:oak_log":35,"minecraft:gravel":7,"minecraft:dirt":2,"minecraft:stone":189,"minecraft:oak_leaves":4,"minecraft:deepslate":176},"minecraft:custom":{"minecraft:interact_with_furnace":6,"minecraft:mob_kills":5,"minecraft:interact_with_crafting_table":3,"minecraft:leave_game":1,"minecraft:time_since_death":3261,"minecraft:climb_one_cm":424,"minecraft:time_since_rest":3267,"minecraft:sprint_one_cm":176121,"minecraft:damage_taken":1185,"minecraft:walk_one_cm":153599,"minecraft:damage_blocked_by_shield":535,"minecraft:drop":6,"minecraft:damage_dealt":798,"minecraft:swim_one_cm":16022,"minecraft:fly_one_cm":216433,"minecraft:open_chest":5,"minecraft:crouch_one_cm":32711,"minecraft:play_time":56809,"minecraft:deaths":2,"minecraft:sneak_time":9044,"minecraft:walk_under_water_one_cm":3664,"minecraft:boat_one_cm":7363,"minecraft:jump":1309,"minecraft:walk_on_water_one_cm":3373,"minecraft:total_world_time":56809,"minecraft:fall_one_cm":30410},"minecraft:crafted":{"minecraft:oak_planks":44,"minecraft:crafting_table":1,"minecraft:wooden_pickaxe":1,"minecraft:stone_axe":1,"minecraft:air":0,"minecraft:stick":40,"minecraft:stone_pickaxe":1,"minecraft:stone_sword":1,"minecraft:gold_ingot":6,"minecraft:torch":84},"minecraft:picked_up":{"minecraft:crafting_table":2,"minecraft:iron_chestplate":2,"nethertitan:arambulo_pata_2":6,"minecraft:cooked_beef":15,"minecraft:leather":3,"minecraft:dark_oak_boat":2,"minecraft:flint":3,"nethertitan:arambulo_pata_3":14,"minecraft:oak_log":47,"minecraft:shield":3,"minecraft:dirt":3,"minecraft:iron_leggings":2,"minecraft:wheat_seeds":1,"minecraft:cobbled_deepslate":439,"minecraft:raw_gold":6,"minecraft:beef":16,"minecraft:iron_pickaxe":1,"minecraft:lectern":1,"minecraft:sugar_cane":24,"minecraft:oak_planks":106,"minecraft:stick":18,"minecraft:cooked_porkchop":3,"minecraft:torch":7,"minecraft:gravel":11,"minecraft:carrot":392,"minecraft:redstone":9,"nethertitan:arambulo_pata":10,"minecraft:stone_sword":2,"minecraft:arrow":6,"minecraft:rotten_flesh":3,"minecraft:stone_axe":2,"minecraft:hay_block":34,"minecraft:gold_ingot":6,"minecraft:oak_sapling":1,"minecraft:skeleton_skull":3,"minecraft:coal":22,"minecraft:cobblestone":323,"minecraft:diamond_pickaxe":2},"minecraft:used":{"minecraft:stone_sword":11,"minecraft:stone_pickaxe":55,"minecraft:wooden_pickaxe":27,"minecraft:shield":4,"minecraft:iron_chestplate":2,"minecraft:torch":73,"minecraft:dirt":1,"minecraft:crafting_table":1,"minecraft:carrot":2,"minecraft:diamond_pickaxe":175,"minecraft:iron_pickaxe":141,"minecraft:gravel":11,"minecraft:stone_axe":29,"minecraft:cobblestone":32,"minecraft:oak_sapling":1,"minecraft:cooked_porkchop":1,"minecraft:cooked_beef":10,"minecraft:cobbled_deepslate":6,"minecraft:iron_leggings":2},"minecraft:killed_by":{"minecraft:creeper":2}},"DataVersion":2975}