{"stats":{"minecraft:killed_by":{"nethertitan:arambulo":1,"nethertitan:arambulo_verde":2},"minecraft:custom":{"minecraft:interact_with_furnace":2,"minecraft:mob_kills":5,"minecraft:interact_with_crafting_table":5,"minecraft:time_since_death":7790,"minecraft:sleep_in_bed":1,"minecraft:time_since_rest":7796,"minecraft:sprint_one_cm":104190,"minecraft:damage_taken":1560,"minecraft:walk_one_cm":126884,"minecraft:damage_blocked_by_shield":120,"minecraft:drop":26,"minecraft:damage_dealt":1120,"minecraft:swim_one_cm":32757,"minecraft:fly_one_cm":256918,"minecraft:crouch_one_cm":14510,"minecraft:play_time":45732,"minecraft:deaths":5,"minecraft:sneak_time":5962,"minecraft:walk_under_water_one_cm":1437,"minecraft:boat_one_cm":3028,"minecraft:jump":961,"minecraft:walk_on_water_one_cm":9767,"minecraft:total_world_time":45732,"minecraft:fall_one_cm":29045},"minecraft:mined":{"minecraft:tuff":3,"minecraft:crafting_table":2,"minecraft:glow_lichen":1,"minecraft:granite":7,"minecraft:grass_block":3,"minecraft:cobblestone":4,"minecraft:oak_planks":2,"minecraft:diorite":3,"minecraft:birch_planks":5,"minecraft:birch_log":2,"minecraft:iron_ore":11,"minecraft:cobbled_deepslate":1,"minecraft:andesite":21,"minecraft:grass":4,"minecraft:oak_log":4,"minecraft:coal_ore":2,"minecraft:deepslate_iron_ore":4,"minecraft:dirt":10,"minecraft:stone":61,"minecraft:oak_leaves":1,"minecraft:deepslate":14},"minecraft:used":{"minecraft:stone_sword":6,"minecraft:birch_planks":9,"minecraft:stone_pickaxe":117,"minecraft:oak_planks":2,"minecraft:shield":3,"minecraft:sandstone":1,"minecraft:rotten_flesh":1,"minecraft:torch":3,"minecraft:dirt":15,"minecraft:sand":2,"minecraft:crafting_table":3,"minecraft:iron_pickaxe":18,"minecraft:stone_axe":10,"minecraft:cobblestone":32,"minecraft:andesite":13,"minecraft:oak_boat":1,"minecraft:cobbled_deepslate":3},"minecraft:dropped":{"minecraft:iron_ingot":1,"minecraft:furnace":1,"minecraft:stone_axe":2,"minecraft:wheat_seeds":2,"minecraft:diamond":2,"minecraft:crafting_table":1,"minecraft:cobblestone":86,"minecraft:iron_boots":1,"minecraft:stick":14,"minecraft:iron_chestplate":1,"minecraft:andesite":1,"minecraft:sand":2,"minecraft:stone_pickaxe":3,"minecraft:wooden_pickaxe":3,"minecraft:iron_pickaxe":1,"nethertitan:arambulo_pata":3},"minecraft:killed":{"minecraft:skeleton":1,"minecraft:zombie":2,"nethertitan:arambulo":1},"minecraft:picked_up":{"minecraft:birch_log":2,"minecraft:iron_chestplate":1,"minecraft:crafting_table":5,"minecraft:andesite":90,"minecraft:wooden_pickaxe":3,"minecraft:birch_planks":33,"minecraft:tuff":5,"minecraft:oak_log":4,"minecraft:shield":3,"minecraft:dirt":22,"minecraft:bone":1,"minecraft:wheat_seeds":2,"minecraft:cobbled_deepslate":25,"minecraft:iron_ingot":1,"minecraft:stone_pickaxe":6,"minecraft:iron_pickaxe":1,"minecraft:oak_planks":2,"minecraft:iron_boots":1,"minecraft:furnace":1,"minecraft:stick":16,"minecraft:raw_iron":13,"minecraft:sandstone":1,"minecraft:birch_trapdoor":2,"minecraft:torch":5,"minecraft:sand":4,"minecraft:diorite":3,"minecraft:arrow":1,"minecraft:stone_sword":2,"nethertitan:arambulo_pata":6,"minecraft:rotten_flesh":1,"minecraft:diamond":2,"minecraft:stone_axe":5,"minecraft:granite":9,"minecraft:coal":1,"minecraft:cobblestone":450},"minecraft:crafted":{"minecraft:oak_planks":16,"minecraft:crafting_table":1,"minecraft:birch_planks":8,"minecraft:stone_axe":1,"minecraft:oak_boat":1,"minecraft:stick":8,"minecraft:stone_pickaxe":1,"minecraft:stone_sword":1}},"DataVersion":2975}