{"stats":{"minecraft:used":{"minecraft:stone_sword":13,"minecraft:enchanting_table":2,"minecraft:iron_shovel":87,"minecraft:chest":3,"minecraft:shield":47,"minecraft:stone":107,"minecraft:creeper_head":1,"minecraft:rotten_flesh":1,"minecraft:torch":12,"minecraft:dirt":43,"minecraft:diamond_helmet":1,"minecraft:tuff":13,"minecraft:milk_bucket":1,"minecraft:totem_of_undying":1,"minecraft:diamond_chestplate":1,"minecraft:birch_trapdoor":1,"minecraft:dark_oak_boat":2,"minecraft:furnace":3,"minecraft:skeleton_skull":1,"minecraft:cooked_beef":66,"minecraft:cobbled_deepslate":173,"minecraft:wheat_seeds":2,"minecraft:water_bucket":44,"minecraft:diorite":22,"minecraft:diamond_boots":1,"minecraft:birch_planks":9,"minecraft:stone_pickaxe":135,"minecraft:jungle_fence":1,"minecraft:oak_planks":7,"minecraft:sandstone":1,"minecraft:cobblestone_slab":1,"minecraft:diamond_axe":53,"minecraft:sugar_cane":55,"minecraft:sand":16,"minecraft:crafting_table":10,"minecraft:oak_log":4,"minecraft:diamond_pickaxe":721,"minecraft:iron_pickaxe":39,"minecraft:stone_axe":16,"minecraft:diamond_sword":551,"minecraft:cobblestone":301,"minecraft:andesite":18,"minecraft:bucket":44,"minecraft:oak_boat":4,"minecraft:diamond_leggings":1},"minecraft:killed_by":{"minecraft:player":1,"minecraft:creeper":1,"nethertitan:arambulo":3,"nethertitan:arambulo_verde":2},"minecraft:picked_up":{"minecraft:crafting_table":10,"minecraft:iron_chestplate":1,"nethertitan:arambulo_pata_2":12,"minecraft:chicken":3,"minecraft:creeper_head":3,"minecraft:clay_ball":4,"minecraft:diamond_sword":2,"minecraft:wooden_pickaxe":3,"nethertitan:arambulo_pata_3":21,"minecraft:shield":5,"minecraft:amethyst_block":13,"minecraft:string":39,"minecraft:raw_copper":24,"minecraft:iron_shovel":1,"minecraft:zombie_head":6,"minecraft:diamond_leggings":2,"minecraft:cobbled_deepslate":194,"d_remake_mod:cuchara":2,"minecraft:beef":6,"minecraft:oak_boat":3,"minecraft:calcite":10,"minecraft:iron_pickaxe":1,"minecraft:light_gray_wool":1,"minecraft:sugar_cane":318,"minecraft:chest":1,"minecraft:iron_boots":1,"minecraft:furnace":4,"minecraft:stick":77,"minecraft:raw_iron":76,"minecraft:sandstone":1,"minecraft:stone":128,"minecraft:birch_trapdoor":2,"minecraft:oak_fence":8,"minecraft:torch":31,"minecraft:porkchop":3,"minecraft:diorite":54,"minecraft:rotten_flesh":32,"minecraft:stone_sword":2,"nethertitan:arambulo_pata":18,"minecraft:arrow":18,"minecraft:diamond_chestplate":2,"minecraft:diamond_boots":2,"minecraft:totem_of_undying":2,"minecraft:glow_berries":2,"minecraft:obsidian":10,"minecraft:mutton":7,"minecraft:rail":20,"minecraft:skeleton_skull":3,"minecraft:white_wool":2,"minecraft:cobblestone":829,"minecraft:birch_log":4,"minecraft:enchanting_table":2,"minecraft:magma_block":2,"minecraft:feather":3,"minecraft:cooked_beef":107,"minecraft:glow_ink_sac":6,"minecraft:andesite":121,"minecraft:leather":2,"minecraft:dark_oak_boat":1,"minecraft:jungle_fence":1,"minecraft:potato":1,"minecraft:birch_planks":39,"minecraft:tuff":21,"minecraft:oak_log":22,"minecraft:gunpowder":6,"minecraft:lapis_lazuli":133,"minecraft:dirt":91,"minecraft:bone":24,"minecraft:bow":1,"minecraft:wheat_seeds":16,"minecraft:iron_ingot":1,"minecraft:stone_pickaxe":6,"minecraft:diamond_helmet":2,"minecraft:oak_planks":14,"minecraft:smooth_basalt":7,"minecraft:sand":56,"minecraft:amethyst_shard":8,"minecraft:dark_oak_log":2,"minecraft:mossy_stone_brick_slab":1,"minecraft:spider_eye":3,"minecraft:diamond":64,"minecraft:stone_axe":6,"minecraft:granite":9,"minecraft:diamond_axe":2,"minecraft:golden_apple":5,"minecraft:coal":5,"minecraft:diamond_pickaxe":3},"minecraft:crafted":{"minecraft:oak_planks":72,"minecraft:oak_sign":3,"minecraft:dark_oak_boat":1,"minecraft:furnace":1,"minecraft:diamond_helmet":1,"minecraft:diamond_leggings":1,"minecraft:stone_pickaxe":1,"minecraft:chest":2,"minecraft:diamond_boots":1,"minecraft:dark_oak_planks":8,"minecraft:diamond_sword":1,"minecraft:diamond_axe":1,"minecraft:crafting_table":2,"minecraft:bucket":2,"minecraft:birch_planks":16,"minecraft:stone_axe":1,"minecraft:air":0,"minecraft:oak_boat":2,"minecraft:golden_apple":5,"minecraft:diamond_pickaxe":2,"minecraft:shield":8,"minecraft:stick":24,"minecraft:iron_ingot":50,"minecraft:iron_pickaxe":1,"minecraft:stone_sword":1,"minecraft:iron_shovel":2,"minecraft:diamond_chestplate":1},"minecraft:mined":{"minecraft:tuff":19,"minecraft:deepslate_diamond_ore":45,"minecraft:dark_oak_log":2,"minecraft:obsidian":5,"minecraft:cave_vines_plant":1,"minecraft:glow_lichen":2,"minecraft:granite":7,"minecraft:grass_block":26,"minecraft:spawner":1,"minecraft:tall_seagrass":1,"minecraft:magma_block":1,"minecraft:furnace":3,"minecraft:iron_ore":24,"minecraft:cobbled_deepslate":7,"minecraft:andesite":38,"minecraft:enchanting_table":2,"minecraft:dirt_path":1,"minecraft:cobblestone_slab":1,"minecraft:deepslate_iron_ore":22,"minecraft:rail":18,"minecraft:stone":349,"minecraft:amethyst_cluster":2,"minecraft:oak_fence":8,"minecraft:clay":1,"minecraft:crafting_table":8,"minecraft:torch":4,"minecraft:calcite":10,"minecraft:chest":1,"minecraft:copper_ore":8,"minecraft:tall_grass":3,"minecraft:cobblestone":43,"minecraft:lapis_ore":11,"minecraft:oak_planks":13,"minecraft:sugar_cane":231,"minecraft:diorite":32,"minecraft:wall_torch":13,"minecraft:amethyst_block":13,"minecraft:birch_planks":5,"minecraft:birch_log":4,"minecraft:birch_leaves":1,"minecraft:jungle_fence":1,"minecraft:grass":31,"minecraft:oak_log":22,"minecraft:coal_ore":4,"minecraft:dirt":43,"minecraft:sand":50,"minecraft:cobweb":29,"minecraft:smooth_basalt":7,"minecraft:netherrack":1,"minecraft:oak_leaves":6,"minecraft:deepslate":186},"minecraft:custom":{"minecraft:mob_kills":115,"minecraft:interact_with_crafting_table":24,"minecraft:leave_game":7,"minecraft:time_since_death":77504,"minecraft:climb_one_cm":2889,"minecraft:sprint_one_cm":676345,"minecraft:walk_one_cm":479840,"minecraft:damage_blocked_by_shield":5101,"minecraft:drop":110,"minecraft:damage_dealt_absorbed":111,"minecraft:talked_to_villager":19,"minecraft:play_time":311993,"minecraft:sneak_time":18249,"minecraft:deaths":11,"minecraft:walk_under_water_one_cm":36778,"minecraft:boat_one_cm":142378,"minecraft:jump":6940,"minecraft:interact_with_blast_furnace":2,"minecraft:enchant_item":1,"minecraft:walk_on_water_one_cm":62861,"minecraft:total_world_time":311993,"minecraft:interact_with_furnace":27,"minecraft:interact_with_stonecutter":1,"minecraft:interact_with_grindstone":2,"minecraft:sleep_in_bed":1,"minecraft:time_since_rest":77511,"minecraft:damage_taken":7721,"minecraft:damage_dealt":20209,"minecraft:swim_one_cm":95073,"minecraft:fly_one_cm":2047308,"minecraft:open_chest":90,"minecraft:crouch_one_cm":49958,"minecraft:fall_one_cm":212322},"minecraft:dropped":{"minecraft:iron_ingot":21,"minecraft:wheat_seeds":8,"minecraft:oak_log":15,"minecraft:diamond":2,"minecraft:crafting_table":1,"minecraft:oak_fence":2,"minecraft:feather":3,"minecraft:cobblestone":95,"minecraft:apple":1,"minecraft:leather":2,"minecraft:granite":2,"minecraft:rail":2,"minecraft:stick":14,"minecraft:dirt":25,"d_remake_mod:cuchara":1,"minecraft:mutton":6,"minecraft:zombie_head":3,"minecraft:sand":40,"minecraft:iron_pickaxe":1,"minecraft:string":7,"minecraft:white_wool":1,"nethertitan:arambulo_pata":29,"minecraft:smooth_basalt":7,"minecraft:bone":4,"minecraft:furnace":1,"minecraft:stone_axe":4,"minecraft:sugar_cane":9,"minecraft:stone_sword":1,"minecraft:tuff":5,"minecraft:obsidian":5,"minecraft:chicken":3,"minecraft:rotten_flesh":9,"minecraft:light_gray_wool":1,"minecraft:oak_planks":14,"minecraft:iron_boots":1,"minecraft:mossy_stone_brick_slab":1,"minecraft:totem_of_undying":1,"minecraft:oak_sign":3,"minecraft:stone":23,"minecraft:shield":5,"minecraft:skeleton_skull":1,"minecraft:iron_chestplate":1,"minecraft:diamond_pickaxe":2,"nethertitan:arambulo_pata_2":1,"minecraft:andesite":35,"minecraft:melon_seeds":2,"minecraft:spider_eye":1,"minecraft:arrow":3,"minecraft:stone_pickaxe":4,"minecraft:beef":3,"minecraft:wooden_pickaxe":4,"minecraft:calcite":10},"minecraft:killed":{"minecraft:cave_spider":39,"minecraft:spider":7,"minecraft:skeleton":17,"minecraft:chicken":3,"nethertitan:arambulo":3,"minecraft:drowned":1,"minecraft:pig":1,"minecraft:zombie_villager":1,"minecraft:bat":1,"minecraft:creeper":1,"minecraft:sheep":4,"nethertitan:arambulo_verde":3,"minecraft:zombie":22,"minecraft:glow_squid":2,"nethertitan:arambulo_morado":5,"minecraft:cow":3}},"DataVersion":2975}