{"stats":{"minecraft:killed_by":{"nethertitan:arambulo":1,"nethertitan:arambulo_verde":2},"minecraft:custom":{"minecraft:time_since_rest":1721,"minecraft:interact_with_furnace":1,"minecraft:sprint_one_cm":75485,"minecraft:damage_taken":1230,"minecraft:walk_one_cm":111107,"minecraft:mob_kills":3,"minecraft:drop":17,"minecraft:damage_dealt":720,"minecraft:swim_one_cm":32757,"minecraft:interact_with_crafting_table":4,"minecraft:fly_one_cm":177321,"minecraft:deaths":4,"minecraft:crouch_one_cm":11387,"minecraft:play_time":33732,"minecraft:sneak_time":4392,"minecraft:walk_under_water_one_cm":1212,"minecraft:boat_one_cm":3028,"minecraft:jump":644,"minecraft:walk_on_water_one_cm":8541,"minecraft:time_since_death":3592,"minecraft:sleep_in_bed":1,"minecraft:total_world_time":33732,"minecraft:fall_one_cm":17661},"minecraft:mined":{"minecraft:birch_planks":5,"minecraft:iron_ore":11,"minecraft:birch_log":2,"minecraft:andesite":11,"minecraft:crafting_table":2,"minecraft:granite":4,"minecraft:grass":4,"minecraft:coal_ore":2,"minecraft:grass_block":3,"minecraft:oak_log":4,"minecraft:dirt":10,"minecraft:cobblestone":2,"minecraft:stone":57,"minecraft:oak_planks":2,"minecraft:diorite":3,"minecraft:oak_leaves":1},"minecraft:used":{"minecraft:birch_planks":9,"minecraft:stone_pickaxe":93,"minecraft:oak_planks":2,"minecraft:sandstone":1,"minecraft:sand":2,"minecraft:rotten_flesh":1,"minecraft:stone_axe":10,"minecraft:cobblestone":6,"minecraft:dirt":15,"minecraft:crafting_table":3,"minecraft:andesite":3,"minecraft:oak_boat":1},"minecraft:dropped":{"minecraft:furnace":1,"minecraft:stone_axe":2,"minecraft:wheat_seeds":2,"minecraft:crafting_table":1,"minecraft:andesite":1,"minecraft:cobblestone":22,"minecraft:sand":2,"minecraft:wooden_pickaxe":2,"minecraft:stone_pickaxe":3,"nethertitan:arambulo_pata":3},"minecraft:killed":{"minecraft:zombie":1,"nethertitan:arambulo":1},"minecraft:picked_up":{"minecraft:birch_log":2,"minecraft:sandstone":1,"minecraft:raw_iron":9,"minecraft:stick":2,"minecraft:crafting_table":3,"minecraft:andesite":57,"minecraft:wooden_pickaxe":2,"minecraft:birch_planks":13,"minecraft:sand":4,"minecraft:oak_log":4,"minecraft:diorite":3,"minecraft:shield":1,"minecraft:dirt":22,"nethertitan:arambulo_pata":6,"minecraft:rotten_flesh":1,"minecraft:stone_axe":3,"minecraft:wheat_seeds":2,"minecraft:granite":5,"minecraft:stone_pickaxe":4,"minecraft:oak_planks":2,"minecraft:coal":1,"minecraft:cobblestone":91,"minecraft:furnace":1},"minecraft:crafted":{"minecraft:oak_boat":1,"minecraft:oak_planks":16,"minecraft:crafting_table":1,"minecraft:stick":8,"minecraft:stone_pickaxe":1,"minecraft:stone_sword":1,"minecraft:birch_planks":8,"minecraft:stone_axe":1}},"DataVersion":2975}