{"stats":{"minecraft:dropped":{"minecraft:iron_ingot":21,"minecraft:wheat_seeds":2,"minecraft:diamond":2,"minecraft:crafting_table":1,"minecraft:cobblestone":89,"minecraft:granite":2,"minecraft:rail":2,"minecraft:stick":14,"minecraft:dirt":16,"minecraft:sand":2,"minecraft:iron_pickaxe":1,"minecraft:string":7,"nethertitan:arambulo_pata":3,"minecraft:smooth_basalt":7,"minecraft:furnace":1,"minecraft:stone_axe":4,"minecraft:stone_sword":1,"minecraft:obsidian":5,"minecraft:rotten_flesh":3,"minecraft:iron_boots":1,"minecraft:mossy_stone_brick_slab":1,"minecraft:iron_chestplate":1,"minecraft:andesite":35,"minecraft:melon_seeds":2,"minecraft:spider_eye":1,"minecraft:arrow":1,"minecraft:stone_pickaxe":4,"minecraft:wooden_pickaxe":3,"minecraft:calcite":10},"minecraft:killed":{"minecraft:spider":3,"minecraft:skeleton":4,"minecraft:drowned":1,"nethertitan:arambulo":1,"minecraft:sheep":1,"nethertitan:arambulo_verde":1,"minecraft:zombie":6},"minecraft:mined":{"minecraft:tuff":17,"minecraft:deepslate_diamond_ore":40,"minecraft:dark_oak_log":2,"minecraft:obsidian":5,"minecraft:glow_lichen":2,"minecraft:cave_vines_plant":1,"minecraft:granite":7,"minecraft:grass_block":4,"minecraft:furnace":3,"minecraft:iron_ore":21,"minecraft:cobbled_deepslate":5,"minecraft:andesite":33,"minecraft:deepslate_iron_ore":22,"minecraft:stone":105,"minecraft:amethyst_cluster":2,"minecraft:crafting_table":8,"minecraft:clay":1,"minecraft:torch":1,"minecraft:calcite":10,"minecraft:cobblestone":6,"minecraft:tall_grass":1,"minecraft:oak_planks":2,"minecraft:diorite":3,"minecraft:wall_torch":1,"minecraft:amethyst_block":13,"minecraft:birch_planks":5,"minecraft:birch_log":2,"minecraft:birch_leaves":1,"minecraft:grass":6,"minecraft:coal_ore":2,"minecraft:oak_log":4,"minecraft:dirt":17,"minecraft:cobweb":4,"minecraft:smooth_basalt":7,"minecraft:oak_leaves":1,"minecraft:deepslate":160},"minecraft:custom":{"minecraft:mob_kills":18,"minecraft:interact_with_crafting_table":12,"minecraft:leave_game":2,"minecraft:time_since_death":4374,"minecraft:climb_one_cm":1436,"minecraft:sprint_one_cm":224641,"minecraft:walk_one_cm":206178,"minecraft:damage_blocked_by_shield":1325,"minecraft:drop":50,"minecraft:play_time":119206,"minecraft:deaths":6,"minecraft:sneak_time":9514,"minecraft:walk_under_water_one_cm":2667,"minecraft:boat_one_cm":27959,"minecraft:jump":2132,"minecraft:walk_on_water_one_cm":14388,"minecraft:total_world_time":119206,"minecraft:interact_with_furnace":20,"minecraft:sleep_in_bed":1,"minecraft:time_since_rest":4380,"minecraft:damage_taken":2550,"minecraft:damage_dealt":3932,"minecraft:swim_one_cm":43685,"minecraft:fly_one_cm":417442,"minecraft:crouch_one_cm":22315,"minecraft:fall_one_cm":60778},"minecraft:crafted":{"minecraft:oak_planks":16,"minecraft:dark_oak_boat":1,"minecraft:furnace":1,"minecraft:diamond_helmet":1,"minecraft:diamond_leggings":1,"minecraft:stone_pickaxe":1,"minecraft:diamond_boots":1,"minecraft:dark_oak_planks":8,"minecraft:diamond_sword":1,"minecraft:diamond_axe":1,"minecraft:crafting_table":1,"minecraft:birch_planks":8,"minecraft:stone_axe":1,"minecraft:air":0,"minecraft:oak_boat":1,"minecraft:diamond_pickaxe":1,"minecraft:stick":20,"minecraft:iron_ingot":23,"minecraft:iron_pickaxe":1,"minecraft:stone_sword":1,"minecraft:diamond_chestplate":1},"minecraft:picked_up":{"minecraft:iron_chestplate":1,"minecraft:crafting_table":10,"nethertitan:arambulo_pata_2":3,"minecraft:clay_ball":4,"minecraft:wooden_pickaxe":3,"minecraft:shield":3,"minecraft:amethyst_block":13,"minecraft:string":7,"minecraft:zombie_head":1,"minecraft:cobbled_deepslate":166,"minecraft:calcite":10,"minecraft:iron_pickaxe":1,"minecraft:iron_boots":1,"minecraft:furnace":4,"minecraft:raw_iron":70,"minecraft:stick":16,"minecraft:sandstone":1,"minecraft:birch_trapdoor":2,"minecraft:torch":9,"minecraft:diorite":3,"minecraft:arrow":1,"minecraft:stone_sword":2,"nethertitan:arambulo_pata":6,"minecraft:rotten_flesh":10,"minecraft:mutton":1,"minecraft:glow_berries":2,"minecraft:obsidian":10,"minecraft:white_wool":1,"minecraft:rail":2,"minecraft:cobblestone":496,"minecraft:birch_log":2,"minecraft:andesite":114,"minecraft:dark_oak_boat":1,"minecraft:birch_planks":39,"minecraft:oak_log":4,"minecraft:tuff":19,"minecraft:dirt":38,"minecraft:bone":2,"minecraft:bow":1,"minecraft:wheat_seeds":2,"minecraft:stone_pickaxe":6,"minecraft:iron_ingot":1,"minecraft:oak_planks":2,"minecraft:smooth_basalt":7,"minecraft:sand":4,"minecraft:amethyst_shard":8,"minecraft:dark_oak_log":2,"minecraft:mossy_stone_brick_slab":1,"minecraft:spider_eye":1,"minecraft:diamond":42,"minecraft:stone_axe":6,"minecraft:granite":9,"minecraft:golden_apple":5,"minecraft:coal":5},"minecraft:used":{"minecraft:stone_sword":13,"minecraft:shield":17,"minecraft:rotten_flesh":1,"minecraft:torch":5,"minecraft:dirt":15,"minecraft:tuff":11,"minecraft:birch_trapdoor":1,"minecraft:dark_oak_boat":2,"minecraft:furnace":3,"minecraft:cooked_beef":12,"minecraft:cobbled_deepslate":145,"minecraft:birch_planks":9,"minecraft:stone_pickaxe":135,"minecraft:oak_planks":2,"minecraft:sandstone":1,"minecraft:diamond_axe":4,"minecraft:sand":2,"minecraft:crafting_table":9,"minecraft:diamond_pickaxe":301,"minecraft:iron_pickaxe":39,"minecraft:stone_axe":16,"minecraft:diamond_sword":44,"minecraft:cobblestone":139,"minecraft:andesite":13,"minecraft:oak_boat":1},"minecraft:killed_by":{"nethertitan:arambulo":2,"nethertitan:arambulo_verde":2}},"DataVersion":2975}