{"stats":{"minecraft:killed_by":{"nethertitan:arambulo":1,"nethertitan:arambulo_verde":2},"minecraft:custom":{"minecraft:interact_with_furnace":4,"minecraft:mob_kills":10,"minecraft:interact_with_crafting_table":9,"minecraft:leave_game":1,"minecraft:time_since_death":20061,"minecraft:sleep_in_bed":1,"minecraft:time_since_rest":20067,"minecraft:sprint_one_cm":133065,"minecraft:damage_taken":1656,"minecraft:walk_one_cm":163743,"minecraft:damage_blocked_by_shield":220,"minecraft:drop":28,"minecraft:damage_dealt":2000,"minecraft:swim_one_cm":33305,"minecraft:fly_one_cm":272237,"minecraft:crouch_one_cm":18114,"minecraft:play_time":58003,"minecraft:deaths":5,"minecraft:sneak_time":7593,"minecraft:walk_under_water_one_cm":1552,"minecraft:boat_one_cm":3028,"minecraft:jump":1125,"minecraft:walk_on_water_one_cm":10652,"minecraft:total_world_time":58003,"minecraft:fall_one_cm":30628},"minecraft:mined":{"minecraft:tuff":3,"minecraft:deepslate_diamond_ore":32,"minecraft:crafting_table":6,"minecraft:glow_lichen":2,"minecraft:granite":7,"minecraft:grass_block":3,"minecraft:cobblestone":4,"minecraft:oak_planks":2,"minecraft:diorite":3,"minecraft:birch_planks":5,"minecraft:furnace":1,"minecraft:birch_log":2,"minecraft:iron_ore":11,"minecraft:cobbled_deepslate":3,"minecraft:andesite":21,"minecraft:grass":4,"minecraft:oak_log":4,"minecraft:coal_ore":2,"minecraft:deepslate_iron_ore":6,"minecraft:dirt":10,"minecraft:cobweb":3,"minecraft:stone":61,"minecraft:oak_leaves":1,"minecraft:deepslate":90},"minecraft:used":{"minecraft:stone_sword":13,"minecraft:birch_planks":9,"minecraft:stone_pickaxe":135,"minecraft:oak_planks":2,"minecraft:shield":6,"minecraft:sandstone":1,"minecraft:rotten_flesh":1,"minecraft:torch":3,"minecraft:dirt":15,"minecraft:sand":2,"minecraft:crafting_table":7,"minecraft:diamond_pickaxe":74,"minecraft:iron_pickaxe":39,"minecraft:diamond_sword":8,"minecraft:stone_axe":16,"minecraft:cobblestone":42,"minecraft:furnace":1,"minecraft:andesite":13,"minecraft:oak_boat":1,"minecraft:cooked_beef":3,"minecraft:cobbled_deepslate":27},"minecraft:dropped":{"minecraft:iron_ingot":1,"minecraft:furnace":1,"minecraft:stone_axe":2,"minecraft:wheat_seeds":2,"minecraft:stone_sword":1,"minecraft:diamond":2,"minecraft:crafting_table":1,"minecraft:cobblestone":86,"minecraft:iron_boots":1,"minecraft:stick":14,"minecraft:iron_chestplate":1,"minecraft:andesite":1,"minecraft:sand":2,"minecraft:stone_pickaxe":4,"minecraft:wooden_pickaxe":3,"minecraft:iron_pickaxe":1,"nethertitan:arambulo_pata":3},"minecraft:killed":{"minecraft:spider":3,"minecraft:skeleton":3,"minecraft:zombie":2,"nethertitan:arambulo":1},"minecraft:picked_up":{"minecraft:birch_log":2,"minecraft:iron_chestplate":1,"minecraft:crafting_table":9,"minecraft:andesite":90,"minecraft:wooden_pickaxe":3,"minecraft:birch_planks":39,"minecraft:tuff":5,"minecraft:oak_log":4,"minecraft:shield":3,"minecraft:string":6,"minecraft:dirt":22,"minecraft:bone":1,"minecraft:bow":1,"minecraft:wheat_seeds":2,"minecraft:cobbled_deepslate":102,"minecraft:iron_ingot":1,"minecraft:stone_pickaxe":6,"minecraft:iron_pickaxe":1,"minecraft:oak_planks":2,"minecraft:iron_boots":1,"minecraft:furnace":2,"minecraft:stick":16,"minecraft:raw_iron":15,"minecraft:sandstone":1,"minecraft:birch_trapdoor":2,"minecraft:torch":5,"minecraft:sand":4,"minecraft:diorite":3,"minecraft:spider_eye":1,"minecraft:arrow":1,"minecraft:stone_sword":2,"nethertitan:arambulo_pata":6,"minecraft:rotten_flesh":1,"minecraft:diamond":34,"minecraft:stone_axe":5,"minecraft:granite":9,"minecraft:coal":1,"minecraft:cobblestone":450},"minecraft:crafted":{"minecraft:oak_planks":16,"minecraft:diamond_sword":1,"minecraft:crafting_table":1,"minecraft:furnace":1,"minecraft:birch_planks":8,"minecraft:stone_axe":1,"minecraft:air":0,"minecraft:oak_boat":1,"minecraft:diamond_helmet":1,"minecraft:diamond_leggings":1,"minecraft:diamond_pickaxe":1,"minecraft:stick":20,"minecraft:iron_ingot":6,"minecraft:iron_pickaxe":1,"minecraft:stone_pickaxe":1,"minecraft:diamond_boots":1,"minecraft:stone_sword":1,"minecraft:diamond_chestplate":1}},"DataVersion":2975}