{"stats":{"minecraft:custom":{"minecraft:time_since_rest":9732,"minecraft:crouch_one_cm":1128,"minecraft:play_time":9732,"minecraft:sprint_one_cm":27761,"minecraft:damage_taken":60,"minecraft:walk_one_cm":40246,"minecraft:sneak_time":364,"minecraft:walk_under_water_one_cm":907,"minecraft:mob_kills":1,"minecraft:boat_one_cm":3028,"minecraft:drop":2,"minecraft:jump":281,"minecraft:damage_dealt":119,"minecraft:time_since_death":9732,"minecraft:walk_on_water_one_cm":3547,"minecraft:total_world_time":9732,"minecraft:swim_one_cm":19823,"minecraft:interact_with_crafting_table":3,"minecraft:fall_one_cm":9602,"minecraft:fly_one_cm":48121},"minecraft:mined":{"minecraft:grass":4,"minecraft:grass_block":1,"minecraft:oak_log":4,"minecraft:birch_log":2,"minecraft:crafting_table":1},"minecraft:used":{"minecraft:crafting_table":1,"minecraft:oak_boat":1},"minecraft:dropped":{"minecraft:wheat_seeds":2},"minecraft:picked_up":{"minecraft:birch_log":2,"minecraft:crafting_table":1,"minecraft:wheat_seeds":2,"minecraft:oak_log":4,"minecraft:cobblestone":16},"minecraft:crafted":{"minecraft:oak_boat":1,"minecraft:oak_planks":16,"minecraft:birch_planks":8,"minecraft:crafting_table":1,"minecraft:stick":8}},"DataVersion":2975}