{"stats":{"minecraft:used":{"minecraft:water_bucket":23,"minecraft:stone_sword":85,"minecraft:stone_pickaxe":192,"minecraft:oak_planks":102,"minecraft:wooden_pickaxe":21,"minecraft:chest":2,"minecraft:shield":26,"minecraft:iron_sword":11,"minecraft:dirt":8,"minecraft:crafting_table":4,"minecraft:shulker_box":1,"minecraft:granite":3,"minecraft:oak_log":7,"minecraft:iron_pickaxe":8,"minecraft:stone_axe":22,"minecraft:cobblestone":48,"minecraft:furnace":1,"minecraft:cooked_porkchop":19,"minecraft:bucket":23,"minecraft:andesite":17,"minecraft:cobbled_deepslate":28},"minecraft:picked_up":{"minecraft:crafting_table":4,"nethertitan:arambulo_pata_2":5,"minecraft:azure_bluet":12,"minecraft:andesite":17,"nethertitan:arambulo_pata_3":1,"minecraft:oak_log":13,"minecraft:dirt":11,"minecraft:string":2,"minecraft:raw_copper":7,"minecraft:bone":2,"minecraft:bow":1,"minecraft:wheat_seeds":3,"minecraft:cobbled_deepslate":28,"minecraft:sugar_cane":2,"minecraft:oak_planks":6,"minecraft:furnace":1,"minecraft:raw_iron":36,"minecraft:cooked_porkchop":8,"minecraft:torch":1,"minecraft:dandelion":12,"minecraft:gravel":3,"minecraft:porkchop":35,"minecraft:shulker_box":2,"nethertitan:arambulo_pata":5,"minecraft:arrow":1,"minecraft:rotten_flesh":4,"minecraft:diamond":3,"minecraft:granite":7,"minecraft:oak_sapling":2,"minecraft:mutton":7,"minecraft:coal":105,"minecraft:white_wool":3,"minecraft:cobblestone":68},"minecraft:killed_by":{"nethertitan:arambulo":1,"minecraft:player":1,"nethertitan:arambulo_verde":1,"minecraft:creeper":1},"minecraft:crafted":{"minecraft:oak_planks":160,"minecraft:crafting_table":1,"minecraft:wooden_pickaxe":1,"minecraft:iron_sword":1,"minecraft:furnace":1,"minecraft:stone_axe":1,"minecraft:air":0,"minecraft:iron_boots":1,"minecraft:iron_chestplate":1,"minecraft:stick":16,"minecraft:iron_ingot":24,"minecraft:iron_pickaxe":1,"minecraft:stone_pickaxe":1,"minecraft:stone_sword":1,"minecraft:chest":2,"minecraft:iron_leggings":1},"minecraft:mined":{"minecraft:deepslate_diamond_ore":3,"minecraft:shulker_box":1,"minecraft:crafting_table":4,"minecraft:granite":6,"minecraft:grass_block":3,"minecraft:copper_ore":2,"minecraft:cobblestone":2,"minecraft:oak_planks":6,"minecraft:deepslate_copper_ore":1,"minecraft:spawner":2,"minecraft:furnace":1,"minecraft:iron_ore":18,"minecraft:andesite":14,"minecraft:grass":9,"minecraft:oak_log":13,"minecraft:coal_ore":51,"minecraft:deepslate_iron_ore":8,"minecraft:gravel":3,"minecraft:dirt":9,"minecraft:stone":76,"minecraft:oak_leaves":3,"minecraft:deepslate":31},"minecraft:dropped":{"minecraft:wheat_seeds":2,"minecraft:stone_sword":2,"minecraft:raw_copper":7,"minecraft:rotten_flesh":7,"minecraft:azure_bluet":12,"minecraft:stick":1,"minecraft:dirt":3,"minecraft:melon_seeds":2,"minecraft:wooden_pickaxe":1,"minecraft:chainmail_leggings":1,"minecraft:dandelion":12},"minecraft:custom":{"minecraft:interact_with_furnace":30,"minecraft:mob_kills":31,"minecraft:interact_with_crafting_table":32,"minecraft:open_shulker_box":13,"minecraft:leave_game":6,"minecraft:time_since_death":13613,"minecraft:climb_one_cm":1186,"minecraft:time_since_rest":13622,"minecraft:sprint_one_cm":253925,"minecraft:damage_taken":2771,"minecraft:walk_one_cm":123227,"minecraft:damage_blocked_by_shield":980,"minecraft:drop":22,"minecraft:damage_dealt":3863,"minecraft:swim_one_cm":32626,"minecraft:talked_to_villager":8,"minecraft:fly_one_cm":969795,"minecraft:open_chest":19,"minecraft:crouch_one_cm":11401,"minecraft:play_time":90124,"minecraft:deaths":5,"minecraft:sneak_time":8404,"minecraft:walk_under_water_one_cm":9640,"minecraft:jump":1856,"minecraft:walk_on_water_one_cm":13324,"minecraft:total_world_time":90124,"minecraft:fall_one_cm":61021},"minecraft:killed":{"minecraft:wolf":1,"minecraft:pig":22,"minecraft:sheep":4,"minecraft:skeleton":1,"minecraft:zombie":2,"minecraft:chicken":1},"minecraft:broken":{"minecraft:stone_pickaxe":1}},"DataVersion":2975}