{"stats":{"minecraft:used":{"minecraft:cooked_mutton":6,"minecraft:stone_sword":41,"minecraft:birch_planks":30,"minecraft:stone_pickaxe":93,"minecraft:oak_planks":6,"minecraft:chest":3,"minecraft:wooden_pickaxe":16,"minecraft:shield":15,"minecraft:diamond_axe":31,"minecraft:cooked_salmon":9,"minecraft:rotten_flesh":9,"minecraft:dirt":2,"minecraft:crafting_table":9,"minecraft:tuff":1,"minecraft:iron_pickaxe":335,"minecraft:iron_boots":1,"minecraft:totem_of_undying":1,"minecraft:stone_axe":30,"minecraft:diamond_sword":67,"minecraft:cobblestone":85,"minecraft:furnace":12,"minecraft:cooked_porkchop":4,"minecraft:enchanted_golden_apple":1,"minecraft:cobbled_deepslate":121},"minecraft:killed_by":{"minecraft:player":1,"nethertitan:arambulo_verde":3,"minecraft:creeper":2},"minecraft:picked_up":{"minecraft:birch_log":18,"minecraft:crafting_table":8,"nethertitan:arambulo_pata_2":2,"minecraft:feather":13,"minecraft:chicken":10,"minecraft:salmon":9,"minecraft:leather":5,"minecraft:brown_wool":1,"minecraft:jungle_fence":1,"minecraft:diamond_sword":1,"minecraft:birch_planks":9,"nethertitan:arambulo_pata_3":3,"minecraft:tuff":2,"minecraft:oak_log":20,"minecraft:gunpowder":3,"minecraft:lapis_lazuli":47,"minecraft:dirt":15,"minecraft:string":1,"minecraft:cooked_salmon":4,"minecraft:bone":3,"minecraft:apple":15,"minecraft:cobbled_deepslate":135,"minecraft:raw_gold":45,"minecraft:beef":7,"minecraft:iron_ingot":2,"minecraft:iron_pickaxe":1,"minecraft:enchanted_golden_apple":2,"minecraft:chest":1,"minecraft:birch_sapling":5,"minecraft:oak_planks":1,"minecraft:egg":1,"minecraft:furnace":9,"minecraft:raw_iron":39,"minecraft:cooked_porkchop":4,"minecraft:porkchop":7,"d_remake_mod:deditas":15,"minecraft:arrow":2,"minecraft:rotten_flesh":14,"minecraft:diamond":7,"minecraft:granite":1,"minecraft:golden_apple":1,"minecraft:emerald":1,"minecraft:gold_ingot":15,"minecraft:oak_sapling":1,"minecraft:black_wool":1,"minecraft:mutton":6,"minecraft:coal":231,"minecraft:white_wool":2,"minecraft:cobblestone":128,"minecraft:ender_pearl":1},"minecraft:crafted":{"minecraft:oak_planks":80,"minecraft:diamond_sword":1,"minecraft:diamond_axe":1,"minecraft:crafting_table":1,"minecraft:iron_helmet":1,"minecraft:wooden_pickaxe":1,"minecraft:furnace":3,"minecraft:cooked_salmon":5,"minecraft:birch_planks":72,"minecraft:stone_axe":1,"minecraft:cooked_mutton":6,"minecraft:air":0,"minecraft:totem_of_undying":1,"minecraft:golden_apple":1,"minecraft:iron_boots":1,"minecraft:iron_chestplate":1,"minecraft:shield":1,"minecraft:stick":28,"minecraft:iron_ingot":31,"minecraft:iron_pickaxe":2,"minecraft:stone_pickaxe":1,"minecraft:stone_sword":1,"minecraft:chest":3,"minecraft:iron_leggings":1},"minecraft:mined":{"minecraft:tuff":2,"minecraft:deepslate_diamond_ore":7,"minecraft:powder_snow":1,"minecraft:crafting_table":8,"minecraft:granite":1,"minecraft:emerald_ore":1,"minecraft:grass_block":2,"minecraft:cobblestone":22,"minecraft:lapis_ore":2,"minecraft:deepslate_gold_ore":45,"minecraft:oak_planks":1,"minecraft:spawner":2,"minecraft:birch_planks":9,"minecraft:furnace":9,"minecraft:birch_log":18,"minecraft:iron_ore":29,"minecraft:cobbled_deepslate":8,"minecraft:fire":1,"minecraft:birch_leaves":45,"minecraft:jungle_fence":1,"minecraft:deepslate_lapis_ore":5,"minecraft:grass":1,"minecraft:oak_log":20,"minecraft:coal_ore":38,"minecraft:deepslate_iron_ore":4,"minecraft:gravel":1,"minecraft:dirt":12,"minecraft:stone":139,"minecraft:oak_leaves":6,"minecraft:deepslate":130},"minecraft:dropped":{"minecraft:tuff":1,"minecraft:jungle_fence":1,"minecraft:cobblestone":1,"minecraft:granite":1,"minecraft:golden_apple":2,"minecraft:diamond_sword":1,"minecraft:dirt":13,"minecraft:chest":1,"minecraft:wooden_pickaxe":1,"minecraft:iron_pickaxe":1},"minecraft:custom":{"minecraft:interact_with_furnace":43,"minecraft:mob_kills":49,"minecraft:traded_with_villager":1,"minecraft:interact_with_crafting_table":24,"minecraft:leave_game":4,"minecraft:time_since_death":74909,"minecraft:damage_resisted":16,"minecraft:time_since_rest":74916,"minecraft:sprint_one_cm":265905,"minecraft:damage_taken":3274,"minecraft:walk_one_cm":259456,"minecraft:damage_blocked_by_shield":782,"minecraft:drop":11,"minecraft:damage_dealt":5966,"minecraft:talked_to_villager":8,"minecraft:swim_one_cm":48972,"minecraft:fly_one_cm":853349,"minecraft:open_chest":47,"minecraft:crouch_one_cm":24476,"minecraft:play_time":152379,"minecraft:deaths":6,"minecraft:sneak_time":10591,"minecraft:walk_under_water_one_cm":30485,"minecraft:jump":2364,"minecraft:walk_on_water_one_cm":19772,"minecraft:total_world_time":152379,"minecraft:fall_one_cm":52351},"minecraft:killed":{"minecraft:pig":3,"minecraft:salmon":10,"minecraft:spider":1,"minecraft:creeper":5,"minecraft:sheep":4,"minecraft:skeleton":2,"minecraft:zombie":9,"minecraft:chicken":10,"minecraft:cow":4,"minecraft:enderman":1},"minecraft:broken":{"minecraft:iron_pickaxe":1}},"DataVersion":2975}