{"stats":{"minecraft:custom":{"minecraft:time_since_rest":9574,"minecraft:interact_with_furnace":2,"minecraft:sprint_one_cm":10497,"minecraft:damage_taken":220,"minecraft:walk_one_cm":15492,"minecraft:mob_kills":3,"minecraft:drop":2,"minecraft:damage_dealt":90,"minecraft:swim_one_cm":12867,"minecraft:interact_with_crafting_table":7,"minecraft:fly_one_cm":16871,"minecraft:crouch_one_cm":2871,"minecraft:play_time":9574,"minecraft:sneak_time":773,"minecraft:walk_under_water_one_cm":4713,"minecraft:jump":109,"minecraft:leave_game":1,"minecraft:time_since_death":9574,"minecraft:walk_on_water_one_cm":2130,"minecraft:total_world_time":9574,"minecraft:fall_one_cm":5446},"minecraft:mined":{"minecraft:birch_log":6,"minecraft:crafting_table":1,"minecraft:grass_block":1,"minecraft:coal_ore":32,"minecraft:stone":16,"minecraft:oak_leaves":1},"minecraft:dropped":{"minecraft:cobblestone":1,"minecraft:wooden_pickaxe":1},"minecraft:used":{"minecraft:stone_sword":3,"minecraft:stone_pickaxe":32,"minecraft:wooden_pickaxe":16,"minecraft:cooked_salmon":2,"minecraft:stone_axe":1,"minecraft:dirt":1,"minecraft:crafting_table":1,"minecraft:furnace":1},"minecraft:killed":{"minecraft:salmon":3},"minecraft:picked_up":{"minecraft:birch_log":6,"minecraft:crafting_table":1,"minecraft:salmon":2,"minecraft:dirt":1,"minecraft:coal":32,"minecraft:cobblestone":17},"minecraft:crafted":{"minecraft:crafting_table":1,"minecraft:stick":28,"minecraft:wooden_pickaxe":1,"minecraft:stone_pickaxe":1,"minecraft:stone_sword":1,"minecraft:furnace":1,"minecraft:cooked_salmon":2,"minecraft:birch_planks":24,"minecraft:stone_axe":1,"minecraft:air":0}},"DataVersion":2975}