{"stats":{"minecraft:crafted":{"minecraft:oak_planks":28},"minecraft:picked_up":{"minecraft:stick":2,"minecraft:oak_log":7,"minecraft:oak_sapling":2},"minecraft:used":{"minecraft:cooked_beef":1},"minecraft:mined":{"minecraft:oak_log":9,"minecraft:oak_leaves":2},"minecraft:custom":{"minecraft:jump":33,"minecraft:time_since_rest":7475,"minecraft:damage_taken":20,"minecraft:leave_game":2,"minecraft:crouch_one_cm":92,"minecraft:play_time":7475,"minecraft:sprint_one_cm":16135,"minecraft:time_since_death":7475,"minecraft:walk_one_cm":7632,"minecraft:total_world_time":7475,"minecraft:sneak_time":19,"minecraft:climb_one_cm":644,"minecraft:fall_one_cm":1078,"minecraft:fly_one_cm":4609}},"DataVersion":2975}