{"stats":{"minecraft:custom":{"minecraft:time_since_rest":56537,"minecraft:open_chest":3,"minecraft:crouch_one_cm":2501,"minecraft:sprint_one_cm":32771,"minecraft:play_time":56537,"minecraft:walk_one_cm":75141,"minecraft:sneak_time":2593,"minecraft:walk_under_water_one_cm":35,"minecraft:drop":8,"minecraft:jump":259,"minecraft:damage_dealt":10,"minecraft:walk_on_water_one_cm":291,"minecraft:time_since_death":56537,"minecraft:total_world_time":56537,"minecraft:swim_one_cm":369,"minecraft:fly_one_cm":516528},"minecraft:mined":{"minecraft:oak_leaves":3},"minecraft:used":{"minecraft:light":40,"minecraft:moss_block":110,"minecraft:moss_carpet":30,"minecraft:mossy_cobblestone":39,"minecraft:dirt":3,"minecraft:apple":1,"minecraft:writable_book":2,"minecraft:flint_and_steel":156,"minecraft:grass_block":464,"minecraft:jungle_fence":47,"minecraft:gold_block":4,"minecraft:mossy_stone_brick_slab":180},"minecraft:dropped":{"minecraft:gold_block":1,"minecraft:apple":1,"minecraft:grass_block":2,"minecraft:oak_sapling":1,"minecraft:stick":3},"minecraft:picked_up":{"minecraft:stick":3,"minecraft:apple":1,"minecraft:oak_sapling":1}},"DataVersion":2975}