{"stats":{"minecraft:custom":{"minecraft:time_since_rest":98537,"minecraft:sprint_one_cm":41325,"minecraft:walk_one_cm":153618,"minecraft:drop":9,"minecraft:damage_dealt":30,"minecraft:swim_one_cm":369,"minecraft:fly_one_cm":591177,"minecraft:open_chest":5,"minecraft:crouch_one_cm":5702,"minecraft:play_time":98537,"minecraft:walk_under_water_one_cm":35,"minecraft:sneak_time":3636,"minecraft:jump":406,"minecraft:time_since_death":98537,"minecraft:walk_on_water_one_cm":291,"minecraft:climb_one_cm":986,"minecraft:total_world_time":98537},"minecraft:mined":{"minecraft:oak_leaves":3},"minecraft:used":{"minecraft:moss_block":110,"minecraft:water_bucket":3,"minecraft:moss_carpet":30,"minecraft:light":46,"minecraft:flowering_azalea":71,"minecraft:writable_book":2,"minecraft:apple":1,"minecraft:bricks":163,"minecraft:granite_stairs":5,"minecraft:flint_and_steel":273,"minecraft:armor_stand":2,"minecraft:grass_block":484,"minecraft:brick_stairs":59,"minecraft:jungle_fence":47,"minecraft:ladder":12,"minecraft:ender_pearl":1,"minecraft:chest":4,"minecraft:stone_slab":6,"minecraft:mossy_stone_brick_stairs":46,"minecraft:stone":42,"minecraft:spruce_trapdoor":6,"minecraft:deepslate":24,"minecraft:sugar_cane":3,"minecraft:mossy_stone_brick_slab":204,"minecraft:item_frame":2,"minecraft:bedrock":1,"d_remake_mod:bloque_ruleta":1,"minecraft:mossy_cobblestone":61,"minecraft:dirt":5,"minecraft:light_blue_concrete":8,"minecraft:tall_grass":11,"d_remake_mod:fogata":4,"minecraft:gold_block":4,"minecraft:mossy_cobblestone_wall":27,"minecraft:bone_meal":47},"minecraft:dropped":{"minecraft:gold_block":1,"minecraft:oak_sapling":1,"minecraft:apple":1,"d_remake_mod:fogata":64,"minecraft:grass_block":2,"minecraft:stick":3},"minecraft:picked_up":{"minecraft:stick":3,"d_remake_mod:fogata":64,"minecraft:azure_bluet":4,"minecraft:dandelion":2,"minecraft:bone":2,"minecraft:arrow":4,"minecraft:apple":1,"minecraft:wheat_seeds":1,"minecraft:azalea":1,"minecraft:oak_sapling":1}},"DataVersion":2975}