{"stats":{"minecraft:used":{"minecraft:azalea":4,"minecraft:moss_block":115,"minecraft:water_bucket":3,"minecraft:moss_carpet":30,"minecraft:writable_book":2,"minecraft:granite_stairs":5,"minecraft:flint_and_steel":273,"minecraft:armor_stand":2,"minecraft:jungle_fence":47,"minecraft:ladder":12,"minecraft:ender_pearl":4,"minecraft:chest":5,"minecraft:mossy_stone_brick_stairs":46,"minecraft:stone":43,"minecraft:sugar_cane":3,"minecraft:mossy_stone_brick_slab":241,"d_remake_mod:bloque_ruleta":1,"minecraft:mossy_cobblestone":61,"minecraft:dirt":11,"minecraft:light_blue_concrete":8,"nethertitan:arambulo_verde_spawn_egg":46,"nethertitan:arambulo_morado_spawn_egg":11,"minecraft:creeper_spawn_egg":76,"minecraft:light":72,"minecraft:flowering_azalea":96,"minecraft:apple":1,"minecraft:bricks":190,"minecraft:grass_block":557,"minecraft:brick_stairs":70,"minecraft:spawner":2,"minecraft:stone_slab":6,"minecraft:spruce_trapdoor":6,"minecraft:deepslate":29,"minecraft:flowering_azalea_leaves":1,"minecraft:item_frame":2,"minecraft:crimson_sign":1,"minecraft:bedrock":1,"minecraft:cobblestone":1,"minecraft:tall_grass":11,"d_remake_mod:fogata":4,"minecraft:gold_block":4,"minecraft:mossy_cobblestone_wall":27,"minecraft:bone_meal":404},"minecraft:killed_by":{"nethertitan:arambulo_verde":1},"minecraft:picked_up":{"minecraft:azure_bluet":4,"d_remake_mod:fogata":64,"minecraft:creeper_head":1,"minecraft:ladder":1,"minecraft:dirt":1,"minecraft:bone":2,"minecraft:apple":1,"minecraft:wheat_seeds":2,"minecraft:iron_ingot":20,"minecraft:azalea":1,"minecraft:iron_pickaxe":1,"minecraft:stick":3,"minecraft:dandelion":4,"minecraft:arrow":4,"minecraft:deepslate":1,"minecraft:oak_sapling":1,"minecraft:cobblestone":1},"minecraft:crafted":{"minecraft:air":0,"d_remake_mod:deditas":12},"minecraft:mined":{"minecraft:oak_leaves":3},"minecraft:dropped":{"minecraft:bricks":2,"minecraft:diamond":9,"minecraft:ender_pearl":1,"minecraft:deepslate":3,"minecraft:cobblestone":2,"minecraft:apple":1,"minecraft:mossy_stone_brick_slab":1,"minecraft:grass_block":5,"minecraft:stick":3,"minecraft:gold_block":1,"minecraft:dirt":1,"minecraft:brick_stairs":1,"minecraft:oak_sapling":1,"minecraft:ladder":1,"minecraft:iron_pickaxe":1,"d_remake_mod:fogata":64,"minecraft:flowering_azalea_leaves":1},"minecraft:custom":{"minecraft:interact_with_furnace":1,"minecraft:traded_with_villager":4,"minecraft:leave_game":5,"minecraft:time_since_death":28747,"minecraft:climb_one_cm":8797,"minecraft:time_since_rest":28753,"minecraft:sprint_one_cm":102355,"minecraft:damage_taken":820,"minecraft:walk_one_cm":248349,"minecraft:drop":35,"minecraft:damage_dealt":133,"minecraft:damage_dealt_absorbed":8,"minecraft:fly_one_cm":1959170,"minecraft:talked_to_villager":4,"minecraft:swim_one_cm":369,"minecraft:open_chest":18,"minecraft:crouch_one_cm":14207,"minecraft:play_time":350512,"minecraft:deaths":2,"minecraft:sneak_time":10970,"minecraft:walk_under_water_one_cm":15184,"minecraft:jump":1053,"minecraft:interact_with_blast_furnace":1,"minecraft:walk_on_water_one_cm":4508,"minecraft:total_world_time":350512,"minecraft:fall_one_cm":5746}},"DataVersion":2975}