{"stats":{"minecraft:dropped":{"minecraft:gold_block":1,"minecraft:dirt":1,"minecraft:bricks":2,"minecraft:brick_stairs":1,"minecraft:ender_pearl":1,"minecraft:diamond":9,"minecraft:oak_sapling":1,"minecraft:ladder":1,"minecraft:cobblestone":1,"minecraft:apple":1,"minecraft:mossy_stone_brick_slab":1,"d_remake_mod:fogata":64,"minecraft:flowering_azalea_leaves":1,"minecraft:grass_block":5,"minecraft:stick":3},"minecraft:mined":{"minecraft:oak_leaves":3},"minecraft:custom":{"minecraft:time_since_rest":249219,"minecraft:sprint_one_cm":79511,"minecraft:damage_taken":150,"minecraft:walk_one_cm":221435,"minecraft:drop":30,"minecraft:damage_dealt":39,"minecraft:swim_one_cm":369,"minecraft:fly_one_cm":1291734,"minecraft:open_chest":5,"minecraft:crouch_one_cm":10029,"minecraft:play_time":249219,"minecraft:sneak_time":7502,"minecraft:walk_under_water_one_cm":4264,"minecraft:jump":808,"minecraft:leave_game":2,"minecraft:walk_on_water_one_cm":1725,"minecraft:time_since_death":249219,"minecraft:climb_one_cm":8067,"minecraft:total_world_time":249219,"minecraft:fall_one_cm":3740},"minecraft:picked_up":{"minecraft:stick":3,"d_remake_mod:fogata":64,"minecraft:azure_bluet":4,"minecraft:ladder":1,"minecraft:dandelion":4,"minecraft:dirt":1,"minecraft:arrow":4,"minecraft:bone":2,"minecraft:apple":1,"minecraft:wheat_seeds":2,"minecraft:iron_ingot":20,"minecraft:azalea":1,"minecraft:oak_sapling":1,"minecraft:cobblestone":1},"minecraft:used":{"minecraft:moss_block":115,"minecraft:flowering_azalea":96,"minecraft:moss_carpet":30,"minecraft:water_bucket":3,"minecraft:light":72,"minecraft:writable_book":2,"minecraft:apple":1,"minecraft:bricks":190,"minecraft:granite_stairs":5,"minecraft:flint_and_steel":273,"minecraft:armor_stand":2,"minecraft:grass_block":557,"minecraft:brick_stairs":70,"minecraft:jungle_fence":47,"minecraft:ladder":12,"minecraft:ender_pearl":4,"minecraft:chest":4,"minecraft:stone_slab":6,"minecraft:mossy_stone_brick_stairs":46,"minecraft:stone":42,"minecraft:spruce_trapdoor":6,"minecraft:deepslate":24,"minecraft:sugar_cane":3,"minecraft:flowering_azalea_leaves":1,"minecraft:mossy_stone_brick_slab":241,"minecraft:item_frame":2,"minecraft:crimson_sign":1,"minecraft:bedrock":1,"d_remake_mod:bloque_ruleta":1,"minecraft:mossy_cobblestone":61,"minecraft:dirt":11,"minecraft:tall_grass":11,"minecraft:light_blue_concrete":8,"nethertitan:arambulo_verde_spawn_egg":2,"d_remake_mod:fogata":4,"minecraft:gold_block":4,"minecraft:mossy_cobblestone_wall":27,"minecraft:bone_meal":404,"minecraft:azalea":4}},"DataVersion":2975}