{"stats":{"minecraft:custom":{"minecraft:time_since_rest":80537,"minecraft:sprint_one_cm":37261,"minecraft:walk_one_cm":123102,"minecraft:drop":8,"minecraft:damage_dealt":10,"minecraft:swim_one_cm":369,"minecraft:fly_one_cm":525001,"minecraft:open_chest":5,"minecraft:crouch_one_cm":4292,"minecraft:play_time":80537,"minecraft:walk_under_water_one_cm":35,"minecraft:sneak_time":3142,"minecraft:jump":332,"minecraft:time_since_death":80537,"minecraft:walk_on_water_one_cm":291,"minecraft:climb_one_cm":986,"minecraft:total_world_time":80537},"minecraft:mined":{"minecraft:oak_leaves":3},"minecraft:used":{"minecraft:moss_block":110,"minecraft:water_bucket":3,"minecraft:moss_carpet":30,"minecraft:light":46,"minecraft:writable_book":2,"minecraft:apple":1,"minecraft:bricks":151,"minecraft:granite_stairs":5,"minecraft:flint_and_steel":172,"minecraft:armor_stand":2,"minecraft:grass_block":477,"minecraft:brick_stairs":17,"minecraft:jungle_fence":47,"minecraft:ladder":12,"minecraft:ender_pearl":1,"minecraft:chest":4,"minecraft:stone_slab":6,"minecraft:stone":42,"minecraft:spruce_trapdoor":6,"minecraft:sugar_cane":3,"minecraft:mossy_stone_brick_slab":180,"minecraft:item_frame":2,"minecraft:mossy_cobblestone":39,"minecraft:dirt":5,"minecraft:light_blue_concrete":8,"minecraft:tall_grass":11,"minecraft:gold_block":4},"minecraft:dropped":{"minecraft:gold_block":1,"minecraft:oak_sapling":1,"minecraft:apple":1,"minecraft:grass_block":2,"minecraft:stick":3},"minecraft:picked_up":{"minecraft:stick":3,"minecraft:azure_bluet":4,"minecraft:dandelion":2,"minecraft:apple":1,"minecraft:oak_sapling":1}},"DataVersion":2975}