{"stats":{"minecraft:custom":{"minecraft:time_since_rest":158537,"minecraft:sprint_one_cm":58232,"minecraft:damage_taken":130,"minecraft:walk_one_cm":192369,"minecraft:drop":16,"minecraft:damage_dealt":39,"minecraft:swim_one_cm":369,"minecraft:fly_one_cm":1005828,"minecraft:open_chest":5,"minecraft:crouch_one_cm":6791,"minecraft:play_time":158537,"minecraft:walk_under_water_one_cm":3848,"minecraft:sneak_time":5347,"minecraft:jump":546,"minecraft:time_since_death":158537,"minecraft:walk_on_water_one_cm":1661,"minecraft:climb_one_cm":5208,"minecraft:total_world_time":158537,"minecraft:fall_one_cm":2515},"minecraft:mined":{"minecraft:oak_leaves":3},"minecraft:used":{"minecraft:azalea":4,"minecraft:moss_block":115,"minecraft:water_bucket":3,"minecraft:moss_carpet":30,"minecraft:light":72,"minecraft:flowering_azalea":96,"minecraft:writable_book":2,"minecraft:apple":1,"minecraft:bricks":190,"minecraft:granite_stairs":5,"minecraft:flint_and_steel":273,"minecraft:armor_stand":2,"minecraft:grass_block":541,"minecraft:brick_stairs":70,"minecraft:jungle_fence":47,"minecraft:ladder":12,"minecraft:ender_pearl":4,"minecraft:chest":4,"minecraft:stone_slab":6,"minecraft:mossy_stone_brick_stairs":46,"minecraft:stone":42,"minecraft:spruce_trapdoor":6,"minecraft:deepslate":24,"minecraft:sugar_cane":3,"minecraft:mossy_stone_brick_slab":241,"minecraft:item_frame":2,"minecraft:bedrock":1,"d_remake_mod:bloque_ruleta":1,"minecraft:mossy_cobblestone":61,"minecraft:dirt":9,"minecraft:light_blue_concrete":8,"minecraft:tall_grass":11,"d_remake_mod:fogata":4,"minecraft:gold_block":4,"minecraft:mossy_cobblestone_wall":27,"minecraft:bone_meal":404},"minecraft:dropped":{"minecraft:gold_block":1,"minecraft:bricks":2,"minecraft:brick_stairs":1,"minecraft:ender_pearl":1,"minecraft:ladder":1,"minecraft:oak_sapling":1,"minecraft:cobblestone":1,"minecraft:apple":1,"d_remake_mod:fogata":64,"minecraft:grass_block":3,"minecraft:stick":3},"minecraft:picked_up":{"minecraft:ladder":1,"minecraft:stick":3,"d_remake_mod:fogata":64,"minecraft:azure_bluet":4,"minecraft:dandelion":4,"minecraft:bone":2,"minecraft:arrow":4,"minecraft:apple":1,"minecraft:wheat_seeds":2,"minecraft:iron_ingot":20,"minecraft:azalea":1,"minecraft:oak_sapling":1,"minecraft:cobblestone":1}},"DataVersion":2975}