{"stats":{"minecraft:custom":{"minecraft:time_since_rest":68537,"minecraft:open_chest":3,"minecraft:crouch_one_cm":2804,"minecraft:sprint_one_cm":36879,"minecraft:play_time":68537,"minecraft:walk_one_cm":93711,"minecraft:sneak_time":2664,"minecraft:walk_under_water_one_cm":35,"minecraft:drop":8,"minecraft:jump":312,"minecraft:damage_dealt":10,"minecraft:walk_on_water_one_cm":291,"minecraft:time_since_death":68537,"minecraft:total_world_time":68537,"minecraft:swim_one_cm":369,"minecraft:fly_one_cm":523230},"minecraft:mined":{"minecraft:oak_leaves":3},"minecraft:used":{"minecraft:light":40,"minecraft:moss_block":110,"minecraft:moss_carpet":30,"minecraft:mossy_cobblestone":39,"minecraft:dirt":3,"minecraft:apple":1,"minecraft:writable_book":2,"minecraft:flint_and_steel":172,"minecraft:grass_block":466,"minecraft:jungle_fence":47,"minecraft:gold_block":4,"minecraft:bricks":70,"minecraft:mossy_stone_brick_slab":180},"minecraft:dropped":{"minecraft:gold_block":1,"minecraft:apple":1,"minecraft:grass_block":2,"minecraft:oak_sapling":1,"minecraft:stick":3},"minecraft:picked_up":{"minecraft:azure_bluet":4,"minecraft:stick":3,"minecraft:apple":1,"minecraft:dandelion":2,"minecraft:oak_sapling":1}},"DataVersion":2975}