{"stats":{"minecraft:dropped":{"minecraft:iron_ingot":20,"minecraft:iron_sword":1,"minecraft:porkchop":3,"minecraft:cooked_beef":10,"minecraft:diamond":12,"minecraft:cooked_porkchop":6,"minecraft:feather":1,"minecraft:iron_helmet":1,"minecraft:oak_fence":1,"minecraft:cobblestone":9,"minecraft:apple":2,"minecraft:granite":18,"minecraft:stick":6,"minecraft:dirt":131,"minecraft:diorite":13,"minecraft:torch":1,"minecraft:mutton":1,"minecraft:iron_leggings":1,"minecraft:pumpkin":1,"minecraft:iron_axe":1,"minecraft:iron_pickaxe":3,"minecraft:white_wool":1,"minecraft:gravel":5,"minecraft:oak_door":1,"minecraft:cobbled_deepslate":83,"minecraft:birch_sapling":2,"minecraft:rotten_flesh":4,"minecraft:iron_boots":1,"nethertitan:arambulo_pata_3":2,"minecraft:iron_chestplate":1,"minecraft:ladder":1,"minecraft:wooden_pickaxe":1,"minecraft:arrow":6,"minecraft:beef":1,"minecraft:stone_pickaxe":1,"minecraft:egg":1},"minecraft:killed":{"minecraft:skeleton":7,"minecraft:chicken":3,"minecraft:drowned":1,"nethertitan:arambulo":2,"minecraft:pig":12,"minecraft:bat":1,"minecraft:sheep":1,"minecraft:zombie":4,"nethertitan:arambulo_morado":2,"minecraft:cow":7},"minecraft:broken":{"minecraft:stone_pickaxe":1,"minecraft:stone_axe":1},"minecraft:mined":{"minecraft:diamond_ore":7,"minecraft:tuff":6,"minecraft:deepslate_diamond_ore":37,"minecraft:oak_door":1,"minecraft:obsidian":4,"minecraft:granite":52,"minecraft:grass_block":17,"minecraft:spruce_leaves":1,"minecraft:furnace":7,"minecraft:iron_ore":54,"minecraft:andesite":6,"minecraft:pumpkin":1,"minecraft:enchanting_table":2,"minecraft:deepslate_iron_ore":2,"minecraft:flowering_azalea_leaves":1,"minecraft:azalea_leaves":1,"minecraft:stone":172,"minecraft:deepslate_redstone_ore":1,"minecraft:flowering_azalea":1,"minecraft:powder_snow":3,"minecraft:oak_fence":2,"minecraft:crafting_table":6,"minecraft:tall_grass":2,"minecraft:cobblestone":2,"minecraft:lapis_ore":5,"minecraft:sugar_cane":4,"minecraft:oak_planks":1,"minecraft:diorite":42,"minecraft:birch_log":53,"minecraft:sweet_berry_bush":12,"minecraft:birch_leaves":6,"minecraft:birch_door":3,"minecraft:grass":8,"minecraft:oak_log":22,"minecraft:coal_ore":22,"minecraft:gravel":1,"minecraft:dirt":37,"minecraft:oak_leaves":12,"minecraft:deepslate":96},"minecraft:custom":{"minecraft:mob_kills":39,"minecraft:interact_with_crafting_table":48,"minecraft:leave_game":4,"minecraft:time_since_death":62071,"minecraft:climb_one_cm":746,"minecraft:sprint_one_cm":336495,"minecraft:walk_one_cm":112413,"minecraft:damage_blocked_by_shield":1540,"minecraft:drop":77,"minecraft:play_time":118373,"minecraft:sneak_time":5923,"minecraft:deaths":1,"minecraft:walk_under_water_one_cm":33149,"minecraft:boat_one_cm":6860,"minecraft:jump":2410,"minecraft:walk_on_water_one_cm":32269,"minecraft:enchant_item":9,"minecraft:total_world_time":118373,"minecraft:interact_with_furnace":68,"minecraft:time_since_rest":62077,"minecraft:damage_taken":2163,"minecraft:damage_dealt":6361,"minecraft:swim_one_cm":88006,"minecraft:fly_one_cm":388379,"minecraft:open_chest":3,"minecraft:crouch_one_cm":7619,"minecraft:fall_one_cm":78455},"minecraft:crafted":{"minecraft:oak_door":6,"minecraft:oak_planks":92,"minecraft:stone_shovel":1,"minecraft:leather_boots":1,"minecraft:furnace":16,"minecraft:diamond_helmet":1,"minecraft:diamond_leggings":1,"minecraft:iron_boots":1,"minecraft:stone_pickaxe":4,"minecraft:chest":2,"minecraft:diamond_boots":1,"minecraft:birch_door":3,"minecraft:cooked_beef":10,"minecraft:diamond_sword":1,"minecraft:cooked_porkchop":16,"minecraft:diamond_axe":1,"minecraft:crafting_table":10,"minecraft:enchanting_table":1,"minecraft:wooden_pickaxe":2,"minecraft:iron_helmet":1,"minecraft:iron_sword":1,"minecraft:bucket":1,"minecraft:birch_planks":208,"minecraft:stone_axe":2,"minecraft:air":0,"minecraft:iron_chestplate":1,"minecraft:book":2,"minecraft:paper":6,"minecraft:diamond_pickaxe":1,"minecraft:shield":1,"minecraft:stick":32,"minecraft:iron_ingot":56,"minecraft:iron_pickaxe":2,"minecraft:wooden_axe":2,"minecraft:iron_leggings":1,"minecraft:diamond_chestplate":1},"minecraft:picked_up":{"minecraft:wooden_axe":1,"minecraft:crafting_table":6,"minecraft:iron_chestplate":1,"minecraft:birch_door":3,"minecraft:chicken":6,"minecraft:ladder":1,"minecraft:wooden_pickaxe":1,"nethertitan:arambulo_pata_3":6,"minecraft:shield":1,"minecraft:iron_axe":1,"minecraft:iron_leggings":1,"minecraft:cobbled_deepslate":124,"minecraft:beef":11,"minecraft:oak_boat":3,"minecraft:iron_pickaxe":3,"minecraft:sugar_cane":16,"minecraft:birch_sapling":2,"minecraft:furnace":7,"minecraft:iron_boots":1,"minecraft:egg":2,"minecraft:stick":8,"minecraft:raw_iron":63,"minecraft:oak_door":6,"minecraft:oak_fence":1,"minecraft:torch":3,"minecraft:porkchop":27,"minecraft:diorite":13,"minecraft:rotten_flesh":6,"minecraft:arrow":19,"nethertitan:arambulo_pata":6,"minecraft:stone_shovel":1,"minecraft:brick_stairs":1,"minecraft:obsidian":4,"minecraft:mutton":3,"minecraft:white_wool":1,"minecraft:cobblestone":246,"minecraft:birch_log":52,"minecraft:enchanting_table":2,"minecraft:feather":1,"minecraft:cooked_beef":39,"minecraft:andesite":6,"minecraft:leather":18,"minecraft:birch_planks":184,"minecraft:flint":6,"minecraft:tuff":2,"minecraft:oak_log":23,"minecraft:lapis_lazuli":66,"minecraft:dirt":264,"minecraft:bone":6,"minecraft:apple":3,"minecraft:stone_pickaxe":2,"minecraft:iron_sword":1,"minecraft:oak_planks":35,"minecraft:flowering_azalea":1,"minecraft:cooked_porkchop":13,"minecraft:pumpkin":1,"minecraft:sweet_berries":30,"minecraft:gravel":18,"minecraft:grass_block":1,"minecraft:diamond":50,"minecraft:stone_axe":1,"minecraft:iron_helmet":1,"minecraft:granite":39,"minecraft:golden_apple":10,"minecraft:coal":46,"minecraft:ender_pearl":1},"minecraft:used":{"minecraft:enchanting_table":2,"minecraft:stone_shovel":22,"minecraft:chest":2,"minecraft:shield":20,"minecraft:oak_door":3,"minecraft:iron_chestplate":1,"minecraft:torch":1,"minecraft:dirt":46,"minecraft:mutton":1,"minecraft:tuff":1,"minecraft:granite":15,"minecraft:birch_door":6,"minecraft:wooden_axe":26,"minecraft:flowering_azalea":1,"minecraft:grass_block":1,"minecraft:brick_stairs":1,"minecraft:furnace":11,"minecraft:cooked_beef":22,"minecraft:cobbled_deepslate":12,"minecraft:water_bucket":21,"minecraft:birch_planks":7,"minecraft:stone_pickaxe":306,"minecraft:oak_planks":18,"minecraft:ender_pearl":1,"minecraft:wooden_pickaxe":16,"minecraft:crafting_table":16,"minecraft:diamond_pickaxe":15,"minecraft:iron_pickaxe":192,"minecraft:gravel":13,"minecraft:stone_axe":128,"minecraft:diamond_sword":64,"minecraft:cobblestone":25,"minecraft:cooked_porkchop":5,"minecraft:bucket":22,"minecraft:oak_boat":1}},"DataVersion":2975}