{"stats":{"minecraft:custom":{"minecraft:interact_with_furnace":44,"minecraft:mob_kills":30,"minecraft:interact_with_crafting_table":14,"minecraft:time_since_death":46101,"minecraft:time_since_rest":46101,"minecraft:sprint_one_cm":137486,"minecraft:damage_taken":820,"minecraft:walk_one_cm":57935,"minecraft:damage_blocked_by_shield":515,"minecraft:drop":15,"minecraft:damage_dealt":3600,"minecraft:swim_one_cm":26601,"minecraft:fly_one_cm":149384,"minecraft:crouch_one_cm":3787,"minecraft:play_time":46101,"minecraft:sneak_time":1729,"minecraft:walk_under_water_one_cm":4216,"minecraft:boat_one_cm":6860,"minecraft:jump":1063,"minecraft:walk_on_water_one_cm":6877,"minecraft:total_world_time":46101,"minecraft:fall_one_cm":30568},"minecraft:mined":{"minecraft:crafting_table":5,"minecraft:granite":4,"minecraft:grass_block":12,"minecraft:tall_grass":1,"minecraft:lapis_ore":5,"minecraft:sugar_cane":4,"minecraft:diorite":7,"minecraft:furnace":6,"minecraft:birch_log":53,"minecraft:iron_ore":44,"minecraft:birch_leaves":6,"minecraft:pumpkin":1,"minecraft:grass":5,"minecraft:coal_ore":13,"minecraft:oak_log":14,"minecraft:dirt":31,"minecraft:stone":76,"minecraft:oak_leaves":12},"minecraft:used":{"minecraft:birch_planks":4,"minecraft:stone_pickaxe":159,"minecraft:stone_shovel":22,"minecraft:oak_planks":2,"minecraft:ender_pearl":1,"minecraft:wooden_pickaxe":5,"minecraft:shield":7,"minecraft:torch":1,"minecraft:dirt":18,"minecraft:mutton":1,"minecraft:crafting_table":8,"minecraft:wooden_axe":16,"minecraft:grass_block":1,"minecraft:brick_stairs":1,"minecraft:stone_axe":125,"minecraft:cobblestone":16,"minecraft:furnace":8,"minecraft:cooked_porkchop":4,"minecraft:oak_boat":1,"minecraft:cooked_beef":7},"minecraft:dropped":{"minecraft:iron_ingot":20,"minecraft:diamond":9,"minecraft:rotten_flesh":4,"minecraft:dirt":11,"minecraft:white_wool":1},"minecraft:killed":{"minecraft:pig":12,"minecraft:sheep":1,"minecraft:skeleton":4,"minecraft:zombie":3,"minecraft:chicken":3,"minecraft:cow":7},"minecraft:broken":{"minecraft:stone_pickaxe":1,"minecraft:stone_axe":1},"minecraft:picked_up":{"minecraft:birch_log":52,"minecraft:crafting_table":5,"minecraft:feather":1,"minecraft:chicken":3,"minecraft:ladder":1,"minecraft:leather":9,"minecraft:birch_planks":2,"minecraft:oak_log":15,"minecraft:lapis_lazuli":33,"minecraft:dirt":92,"minecraft:bone":3,"minecraft:apple":1,"minecraft:beef":11,"minecraft:oak_boat":2,"minecraft:sugar_cane":8,"minecraft:birch_sapling":1,"minecraft:egg":1,"minecraft:furnace":5,"minecraft:stick":4,"minecraft:raw_iron":49,"minecraft:cooked_porkchop":1,"minecraft:pumpkin":1,"minecraft:torch":2,"minecraft:porkchop":27,"minecraft:grass_block":1,"minecraft:arrow":6,"minecraft:rotten_flesh":4,"minecraft:diamond":9,"minecraft:golden_apple":5,"minecraft:brick_stairs":1,"minecraft:mutton":2,"minecraft:coal":21,"minecraft:white_wool":1,"minecraft:cobblestone":91,"minecraft:ender_pearl":1},"minecraft:crafted":{"minecraft:cooked_beef":10,"minecraft:oak_planks":60,"minecraft:stone_shovel":1,"minecraft:cooked_porkchop":16,"minecraft:crafting_table":3,"minecraft:wooden_pickaxe":1,"minecraft:furnace":4,"minecraft:birch_planks":208,"minecraft:stone_axe":2,"minecraft:air":0,"minecraft:shield":1,"minecraft:stick":12,"minecraft:iron_ingot":21,"minecraft:stone_pickaxe":3,"minecraft:wooden_axe":1}},"DataVersion":2975}