{"stats":{"minecraft:custom":{"minecraft:interact_with_furnace":65,"minecraft:mob_kills":30,"minecraft:interact_with_crafting_table":34,"minecraft:leave_game":1,"minecraft:time_since_death":6687,"minecraft:time_since_rest":6693,"minecraft:sprint_one_cm":158027,"minecraft:damage_taken":1160,"minecraft:walk_one_cm":67024,"minecraft:damage_blocked_by_shield":515,"minecraft:drop":30,"minecraft:damage_dealt":3600,"minecraft:swim_one_cm":36433,"minecraft:fly_one_cm":189794,"minecraft:crouch_one_cm":4039,"minecraft:play_time":62989,"minecraft:deaths":1,"minecraft:sneak_time":2341,"minecraft:walk_under_water_one_cm":11276,"minecraft:boat_one_cm":6860,"minecraft:jump":1170,"minecraft:walk_on_water_one_cm":10658,"minecraft:total_world_time":62989,"minecraft:fall_one_cm":35479},"minecraft:mined":{"minecraft:oak_door":1,"minecraft:crafting_table":6,"minecraft:granite":52,"minecraft:grass_block":12,"minecraft:cobblestone":1,"minecraft:tall_grass":1,"minecraft:lapis_ore":5,"minecraft:sugar_cane":4,"minecraft:diorite":20,"minecraft:furnace":7,"minecraft:birch_log":53,"minecraft:iron_ore":54,"minecraft:andesite":6,"minecraft:birch_leaves":6,"minecraft:pumpkin":1,"minecraft:grass":6,"minecraft:coal_ore":22,"minecraft:oak_log":22,"minecraft:gravel":1,"minecraft:dirt":35,"minecraft:stone":162,"minecraft:deepslate":3,"minecraft:oak_leaves":12},"minecraft:used":{"minecraft:birch_planks":4,"minecraft:stone_pickaxe":306,"minecraft:stone_shovel":22,"minecraft:oak_planks":3,"minecraft:ender_pearl":1,"minecraft:wooden_pickaxe":16,"minecraft:shield":7,"minecraft:iron_chestplate":1,"minecraft:oak_door":3,"minecraft:torch":1,"minecraft:dirt":46,"minecraft:mutton":1,"minecraft:crafting_table":12,"minecraft:granite":15,"minecraft:wooden_axe":23,"minecraft:grass_block":1,"minecraft:brick_stairs":1,"minecraft:iron_pickaxe":22,"minecraft:gravel":1,"minecraft:stone_axe":126,"minecraft:cobblestone":25,"minecraft:furnace":9,"minecraft:cooked_porkchop":5,"minecraft:oak_boat":1,"minecraft:cooked_beef":7},"minecraft:dropped":{"minecraft:iron_ingot":20,"minecraft:porkchop":3,"minecraft:diamond":9,"minecraft:birch_sapling":1,"minecraft:feather":1,"minecraft:rotten_flesh":4,"minecraft:granite":18,"minecraft:stick":2,"minecraft:dirt":51,"minecraft:torch":1,"minecraft:diorite":13,"minecraft:mutton":1,"minecraft:ladder":1,"minecraft:pumpkin":1,"minecraft:wooden_pickaxe":1,"minecraft:beef":1,"minecraft:white_wool":1,"minecraft:egg":1},"minecraft:killed":{"minecraft:pig":12,"minecraft:sheep":1,"minecraft:skeleton":4,"minecraft:zombie":3,"minecraft:chicken":3,"minecraft:cow":7},"minecraft:broken":{"minecraft:stone_pickaxe":1,"minecraft:stone_axe":1},"minecraft:picked_up":{"minecraft:birch_log":52,"minecraft:iron_chestplate":1,"minecraft:crafting_table":6,"minecraft:feather":1,"minecraft:cooked_beef":35,"minecraft:chicken":6,"minecraft:ladder":1,"minecraft:andesite":6,"minecraft:leather":18,"minecraft:wooden_pickaxe":1,"minecraft:birch_planks":184,"minecraft:oak_log":23,"minecraft:shield":1,"minecraft:lapis_lazuli":66,"minecraft:dirt":176,"minecraft:iron_leggings":1,"minecraft:bone":6,"minecraft:apple":2,"minecraft:stone_pickaxe":2,"minecraft:beef":11,"minecraft:oak_boat":3,"minecraft:iron_pickaxe":2,"minecraft:sugar_cane":16,"minecraft:iron_sword":1,"minecraft:birch_sapling":1,"minecraft:oak_planks":34,"minecraft:iron_boots":1,"minecraft:egg":2,"minecraft:furnace":7,"minecraft:stick":5,"minecraft:raw_iron":61,"minecraft:oak_door":5,"minecraft:cooked_porkchop":13,"minecraft:pumpkin":1,"minecraft:torch":3,"minecraft:gravel":1,"minecraft:porkchop":27,"minecraft:diorite":13,"minecraft:grass_block":1,"minecraft:arrow":12,"minecraft:stone_shovel":1,"minecraft:rotten_flesh":4,"minecraft:diamond":9,"minecraft:stone_axe":1,"minecraft:iron_helmet":1,"minecraft:granite":39,"minecraft:golden_apple":10,"minecraft:brick_stairs":1,"minecraft:wooden_axe":1,"minecraft:mutton":3,"minecraft:coal":46,"minecraft:white_wool":1,"minecraft:cobblestone":205,"minecraft:ender_pearl":1},"minecraft:crafted":{"minecraft:cooked_beef":10,"minecraft:oak_door":6,"minecraft:oak_planks":92,"minecraft:stone_shovel":1,"minecraft:cooked_porkchop":16,"minecraft:crafting_table":6,"minecraft:wooden_pickaxe":2,"minecraft:iron_helmet":1,"minecraft:iron_sword":1,"minecraft:furnace":4,"minecraft:birch_planks":208,"minecraft:stone_axe":2,"minecraft:air":0,"minecraft:iron_boots":1,"minecraft:iron_chestplate":1,"minecraft:shield":1,"minecraft:stick":28,"minecraft:iron_ingot":53,"minecraft:iron_pickaxe":2,"minecraft:stone_pickaxe":4,"minecraft:wooden_axe":2,"minecraft:iron_leggings":1}},"DataVersion":2975}