{"stats":{"minecraft:custom":{"minecraft:interact_with_furnace":44,"minecraft:mob_kills":28,"minecraft:interact_with_crafting_table":13,"minecraft:time_since_death":34101,"minecraft:time_since_rest":34101,"minecraft:sprint_one_cm":105118,"minecraft:damage_taken":710,"minecraft:walk_one_cm":48870,"minecraft:damage_blocked_by_shield":505,"minecraft:drop":1,"minecraft:damage_dealt":3400,"minecraft:swim_one_cm":11683,"minecraft:fly_one_cm":116660,"minecraft:crouch_one_cm":1261,"minecraft:play_time":34101,"minecraft:sneak_time":946,"minecraft:walk_under_water_one_cm":1341,"minecraft:boat_one_cm":6860,"minecraft:jump":808,"minecraft:walk_on_water_one_cm":2957,"minecraft:total_world_time":34101,"minecraft:fall_one_cm":23650},"minecraft:mined":{"minecraft:crafting_table":5,"minecraft:grass_block":7,"minecraft:tall_grass":1,"minecraft:sugar_cane":4,"minecraft:furnace":6,"minecraft:birch_log":53,"minecraft:iron_ore":26,"minecraft:birch_leaves":6,"minecraft:pumpkin":1,"minecraft:grass":4,"minecraft:coal_ore":13,"minecraft:oak_log":14,"minecraft:dirt":20,"minecraft:stone":61,"minecraft:oak_leaves":12},"minecraft:used":{"minecraft:birch_planks":4,"minecraft:stone_pickaxe":105,"minecraft:stone_shovel":13,"minecraft:oak_planks":2,"minecraft:ender_pearl":1,"minecraft:wooden_pickaxe":5,"minecraft:shield":6,"minecraft:dirt":10,"minecraft:mutton":1,"minecraft:crafting_table":7,"minecraft:wooden_axe":16,"minecraft:stone_axe":121,"minecraft:furnace":8,"minecraft:cooked_porkchop":3,"minecraft:oak_boat":1,"minecraft:cooked_beef":7},"minecraft:dropped":{"minecraft:iron_ingot":20},"minecraft:broken":{"minecraft:stone_axe":1},"minecraft:killed":{"minecraft:pig":10,"minecraft:sheep":1,"minecraft:skeleton":4,"minecraft:zombie":3,"minecraft:chicken":3,"minecraft:cow":7},"minecraft:picked_up":{"minecraft:birch_log":52,"minecraft:crafting_table":5,"minecraft:feather":1,"minecraft:chicken":3,"minecraft:leather":9,"minecraft:birch_planks":2,"minecraft:oak_log":15,"minecraft:dirt":52,"minecraft:bone":3,"minecraft:apple":1,"minecraft:beef":11,"minecraft:oak_boat":2,"minecraft:sugar_cane":8,"minecraft:birch_sapling":1,"minecraft:egg":1,"minecraft:furnace":5,"minecraft:stick":4,"minecraft:raw_iron":31,"minecraft:cooked_porkchop":1,"minecraft:pumpkin":1,"minecraft:porkchop":25,"minecraft:arrow":6,"minecraft:rotten_flesh":4,"minecraft:mutton":2,"minecraft:coal":21,"minecraft:white_wool":1,"minecraft:cobblestone":75,"minecraft:ender_pearl":1},"minecraft:crafted":{"minecraft:cooked_beef":10,"minecraft:oak_planks":60,"minecraft:stone_shovel":1,"minecraft:cooked_porkchop":16,"minecraft:crafting_table":3,"minecraft:wooden_pickaxe":1,"minecraft:furnace":4,"minecraft:birch_planks":208,"minecraft:stone_axe":2,"minecraft:air":0,"minecraft:shield":1,"minecraft:stick":8,"minecraft:iron_ingot":21,"minecraft:stone_pickaxe":1,"minecraft:wooden_axe":1}},"DataVersion":2975}