{"stats":{"minecraft:custom":{"minecraft:time_since_rest":10101,"minecraft:sprint_one_cm":25727,"minecraft:damage_taken":60,"minecraft:walk_one_cm":10967,"minecraft:mob_kills":3,"minecraft:damage_dealt":280,"minecraft:interact_with_crafting_table":3,"minecraft:swim_one_cm":3854,"minecraft:fly_one_cm":26210,"minecraft:crouch_one_cm":430,"minecraft:play_time":10101,"minecraft:sneak_time":324,"minecraft:walk_under_water_one_cm":622,"minecraft:boat_one_cm":6860,"minecraft:jump":228,"minecraft:time_since_death":10101,"minecraft:walk_on_water_one_cm":498,"minecraft:total_world_time":10101,"minecraft:fall_one_cm":7596},"minecraft:mined":{"minecraft:birch_log":43,"minecraft:birch_leaves":1,"minecraft:crafting_table":2,"minecraft:grass":2,"minecraft:oak_log":14,"minecraft:grass_block":1,"minecraft:coal_ore":5,"minecraft:tall_grass":1,"minecraft:stone":21,"minecraft:oak_leaves":12},"minecraft:used":{"minecraft:wooden_axe":7,"minecraft:stone_pickaxe":21,"minecraft:oak_planks":2,"minecraft:wooden_pickaxe":5,"minecraft:stone_axe":66,"minecraft:dirt":1,"minecraft:crafting_table":3,"minecraft:oak_boat":1},"minecraft:killed":{"minecraft:sheep":1,"minecraft:cow":2},"minecraft:picked_up":{"minecraft:birch_log":43,"minecraft:stick":4,"minecraft:crafting_table":2,"minecraft:leather":3,"minecraft:oak_log":15,"minecraft:dirt":1,"minecraft:apple":1,"minecraft:beef":3,"minecraft:oak_boat":2,"minecraft:mutton":2,"minecraft:birch_sapling":1,"minecraft:coal":5,"minecraft:white_wool":1,"minecraft:cobblestone":21},"minecraft:crafted":{"minecraft:oak_planks":60,"minecraft:crafting_table":2,"minecraft:stick":8,"minecraft:wooden_pickaxe":1,"minecraft:stone_pickaxe":1,"minecraft:wooden_axe":1,"minecraft:birch_planks":128,"minecraft:stone_axe":1}},"DataVersion":2975}