{"stats":{"minecraft:custom":{"minecraft:time_since_rest":22101,"minecraft:interact_with_furnace":19,"minecraft:sprint_one_cm":58730,"minecraft:damage_taken":385,"minecraft:walk_one_cm":38249,"minecraft:damage_blocked_by_shield":160,"minecraft:mob_kills":24,"minecraft:damage_dealt":2609,"minecraft:interact_with_crafting_table":11,"minecraft:swim_one_cm":9207,"minecraft:fly_one_cm":59820,"minecraft:crouch_one_cm":903,"minecraft:play_time":22101,"minecraft:sneak_time":606,"minecraft:walk_under_water_one_cm":1200,"minecraft:boat_one_cm":6860,"minecraft:jump":498,"minecraft:time_since_death":22101,"minecraft:walk_on_water_one_cm":2155,"minecraft:total_world_time":22101,"minecraft:fall_one_cm":14326},"minecraft:mined":{"minecraft:furnace":4,"minecraft:iron_ore":9,"minecraft:birch_log":53,"minecraft:birch_leaves":6,"minecraft:crafting_table":5,"minecraft:grass":4,"minecraft:oak_log":14,"minecraft:grass_block":6,"minecraft:coal_ore":13,"minecraft:dirt":20,"minecraft:tall_grass":1,"minecraft:stone":41,"minecraft:sugar_cane":4,"minecraft:oak_leaves":12},"minecraft:used":{"minecraft:wooden_axe":16,"minecraft:stone_shovel":13,"minecraft:stone_pickaxe":65,"minecraft:oak_planks":2,"minecraft:shield":4,"minecraft:wooden_pickaxe":5,"minecraft:stone_axe":111,"minecraft:dirt":10,"minecraft:mutton":1,"minecraft:crafting_table":6,"minecraft:furnace":6,"minecraft:cooked_porkchop":2,"minecraft:oak_boat":1,"minecraft:cooked_beef":3},"minecraft:broken":{"minecraft:stone_axe":1},"minecraft:killed":{"minecraft:skeleton":4,"minecraft:sheep":1,"minecraft:pig":10,"minecraft:chicken":3,"minecraft:cow":6},"minecraft:picked_up":{"minecraft:birch_log":52,"minecraft:raw_iron":9,"minecraft:stick":4,"minecraft:crafting_table":5,"minecraft:feather":1,"minecraft:chicken":3,"minecraft:cooked_porkchop":1,"minecraft:leather":7,"minecraft:birch_planks":2,"minecraft:porkchop":25,"minecraft:oak_log":15,"minecraft:dirt":35,"minecraft:bone":3,"minecraft:arrow":6,"minecraft:apple":1,"minecraft:beef":10,"minecraft:oak_boat":2,"minecraft:sugar_cane":8,"minecraft:mutton":2,"minecraft:birch_sapling":1,"minecraft:coal":17,"minecraft:furnace":4,"minecraft:white_wool":1,"minecraft:cobblestone":46,"minecraft:egg":1},"minecraft:crafted":{"minecraft:cooked_beef":10,"minecraft:oak_planks":60,"minecraft:stone_shovel":1,"minecraft:cooked_porkchop":16,"minecraft:shield":1,"minecraft:crafting_table":2,"minecraft:stick":8,"minecraft:iron_ingot":2,"minecraft:wooden_pickaxe":1,"minecraft:stone_pickaxe":1,"minecraft:wooden_axe":1,"minecraft:furnace":4,"minecraft:birch_planks":208,"minecraft:stone_axe":2,"minecraft:air":0}},"DataVersion":2975}