{"stats":{"minecraft:custom":{"minecraft:interact_with_furnace":65,"minecraft:mob_kills":30,"minecraft:interact_with_crafting_table":33,"minecraft:time_since_death":1799,"minecraft:time_since_rest":1805,"minecraft:sprint_one_cm":144491,"minecraft:damage_taken":1110,"minecraft:walk_one_cm":64881,"minecraft:damage_blocked_by_shield":515,"minecraft:drop":23,"minecraft:damage_dealt":3600,"minecraft:swim_one_cm":27497,"minecraft:fly_one_cm":177588,"minecraft:crouch_one_cm":4039,"minecraft:play_time":58101,"minecraft:deaths":1,"minecraft:sneak_time":2097,"minecraft:walk_under_water_one_cm":7622,"minecraft:boat_one_cm":6860,"minecraft:jump":1091,"minecraft:walk_on_water_one_cm":10110,"minecraft:total_world_time":58101,"minecraft:fall_one_cm":32693},"minecraft:mined":{"minecraft:crafting_table":6,"minecraft:granite":40,"minecraft:grass_block":12,"minecraft:tall_grass":1,"minecraft:lapis_ore":5,"minecraft:sugar_cane":4,"minecraft:diorite":8,"minecraft:furnace":7,"minecraft:birch_log":53,"minecraft:iron_ore":54,"minecraft:birch_leaves":6,"minecraft:pumpkin":1,"minecraft:grass":6,"minecraft:coal_ore":22,"minecraft:oak_log":22,"minecraft:dirt":34,"minecraft:stone":118,"minecraft:oak_leaves":12},"minecraft:used":{"minecraft:birch_planks":4,"minecraft:stone_pickaxe":244,"minecraft:stone_shovel":22,"minecraft:oak_planks":2,"minecraft:ender_pearl":1,"minecraft:wooden_pickaxe":5,"minecraft:shield":7,"minecraft:iron_chestplate":1,"minecraft:torch":1,"minecraft:dirt":45,"minecraft:mutton":1,"minecraft:crafting_table":11,"minecraft:granite":15,"minecraft:wooden_axe":22,"minecraft:grass_block":1,"minecraft:brick_stairs":1,"minecraft:iron_pickaxe":15,"minecraft:stone_axe":126,"minecraft:cobblestone":18,"minecraft:furnace":9,"minecraft:cooked_porkchop":5,"minecraft:oak_boat":1,"minecraft:cooked_beef":7},"minecraft:dropped":{"minecraft:iron_ingot":20,"minecraft:porkchop":3,"minecraft:diamond":9,"minecraft:birch_sapling":1,"minecraft:feather":1,"minecraft:rotten_flesh":4,"minecraft:stick":2,"minecraft:dirt":11,"minecraft:diorite":1,"minecraft:ladder":1,"minecraft:pumpkin":1,"minecraft:beef":1,"minecraft:white_wool":1},"minecraft:killed":{"minecraft:pig":12,"minecraft:sheep":1,"minecraft:skeleton":4,"minecraft:zombie":3,"minecraft:chicken":3,"minecraft:cow":7},"minecraft:broken":{"minecraft:stone_pickaxe":1,"minecraft:stone_axe":1},"minecraft:picked_up":{"minecraft:birch_log":52,"minecraft:crafting_table":6,"minecraft:feather":1,"minecraft:chicken":3,"minecraft:ladder":1,"minecraft:leather":9,"minecraft:birch_planks":2,"minecraft:oak_log":23,"minecraft:lapis_lazuli":33,"minecraft:dirt":95,"minecraft:bone":3,"minecraft:apple":1,"minecraft:beef":11,"minecraft:oak_boat":2,"minecraft:sugar_cane":8,"minecraft:birch_sapling":1,"minecraft:egg":1,"minecraft:furnace":6,"minecraft:stick":4,"minecraft:raw_iron":60,"minecraft:cooked_porkchop":1,"minecraft:pumpkin":1,"minecraft:torch":2,"minecraft:porkchop":27,"minecraft:diorite":1,"minecraft:grass_block":1,"minecraft:arrow":6,"minecraft:rotten_flesh":4,"minecraft:diamond":9,"minecraft:granite":21,"minecraft:golden_apple":5,"minecraft:brick_stairs":1,"minecraft:mutton":2,"minecraft:coal":38,"minecraft:white_wool":1,"minecraft:cobblestone":130,"minecraft:ender_pearl":1},"minecraft:crafted":{"minecraft:cooked_beef":10,"minecraft:oak_door":6,"minecraft:oak_planks":92,"minecraft:stone_shovel":1,"minecraft:cooked_porkchop":16,"minecraft:crafting_table":5,"minecraft:wooden_pickaxe":2,"minecraft:iron_helmet":1,"minecraft:iron_sword":1,"minecraft:furnace":4,"minecraft:birch_planks":208,"minecraft:stone_axe":2,"minecraft:air":0,"minecraft:iron_boots":1,"minecraft:iron_chestplate":1,"minecraft:shield":1,"minecraft:stick":24,"minecraft:iron_ingot":53,"minecraft:iron_pickaxe":2,"minecraft:stone_pickaxe":3,"minecraft:wooden_axe":2,"minecraft:iron_leggings":1}},"DataVersion":2975}