{"stats":{"minecraft:used":{"minecraft:cooked_mutton":2,"minecraft:diorite":2,"minecraft:stone_sword":5,"minecraft:birch_planks":16,"minecraft:stone_pickaxe":12,"minecraft:wooden_pickaxe":36,"minecraft:stone_axe":13,"minecraft:dirt":5,"minecraft:crafting_table":3,"minecraft:furnace":2},"minecraft:picked_up":{"minecraft:birch_log":4,"minecraft:crafting_table":3,"minecraft:oak_log":6,"minecraft:diorite":9,"minecraft:spruce_log":5,"minecraft:spider_eye":2,"minecraft:dirt":14,"minecraft:cooked_mutton":1,"minecraft:wheat_seeds":6,"minecraft:spruce_planks":7,"minecraft:black_wool":1,"minecraft:coal":2,"minecraft:mutton":3,"minecraft:white_wool":2,"minecraft:cobblestone":23,"minecraft:furnace":1},"minecraft:crafted":{"minecraft:crafting_table":1,"minecraft:spruce_planks":20,"minecraft:stick":8,"minecraft:wooden_pickaxe":1,"minecraft:stone_pickaxe":1,"minecraft:stone_sword":1,"minecraft:furnace":1,"minecraft:birch_planks":16,"minecraft:stone_axe":1,"minecraft:air":0,"minecraft:cooked_mutton":1},"minecraft:mined":{"minecraft:furnace":1,"minecraft:birch_log":4,"minecraft:spruce_log":5,"minecraft:powder_snow":10,"minecraft:crafting_table":3,"minecraft:oak_log":6,"minecraft:grass":2,"minecraft:grass_block":1,"minecraft:coal_ore":2,"minecraft:dirt":13,"minecraft:spruce_leaves":1,"minecraft:stone":23,"minecraft:diorite":9,"minecraft:oak_leaves":4},"minecraft:dropped":{"minecraft:wheat_seeds":6,"minecraft:diorite":7,"minecraft:spider_eye":2},"minecraft:custom":{"minecraft:time_since_rest":20904,"minecraft:interact_with_furnace":3,"minecraft:sprint_one_cm":40673,"minecraft:damage_taken":170,"minecraft:walk_one_cm":24655,"minecraft:mob_kills":6,"minecraft:drop":4,"minecraft:damage_dealt":650,"minecraft:talked_to_villager":4,"minecraft:swim_one_cm":2401,"minecraft:interact_with_crafting_table":5,"minecraft:fly_one_cm":48680,"minecraft:crouch_one_cm":748,"minecraft:play_time":20904,"minecraft:sneak_time":337,"minecraft:walk_under_water_one_cm":473,"minecraft:jump":377,"minecraft:leave_game":5,"minecraft:time_since_death":20904,"minecraft:walk_on_water_one_cm":365,"minecraft:total_world_time":20904,"minecraft:climb_one_cm":640,"minecraft:fall_one_cm":10964},"minecraft:killed":{"minecraft:sheep":3,"minecraft:spider":3}},"DataVersion":2975}