{"stats":{"minecraft:killed":{"minecraft:sheep":1,"minecraft:skeleton":2,"nethertitan:arambulo_verde":1,"minecraft:zombie":2},"minecraft:crafted":{"minecraft:crafting_table":1,"minecraft:stick":4,"minecraft:wooden_pickaxe":1,"minecraft:stone_pickaxe":1,"minecraft:torch":4,"minecraft:birch_planks":64,"minecraft:stone_axe":1},"minecraft:picked_up":{"minecraft:birch_log":16,"minecraft:stick":3,"minecraft:crafting_table":1,"nethertitan:arambulo_pata_2":2,"minecraft:torch":1,"minecraft:dirt":1,"minecraft:arrow":2,"minecraft:bone":2,"minecraft:rotten_flesh":2,"minecraft:bow":1,"minecraft:mutton":1,"minecraft:coal":17,"minecraft:white_wool":1,"minecraft:cobblestone":38},"minecraft:dropped":{"minecraft:wooden_pickaxe":1},"minecraft:used":{"minecraft:birch_planks":4,"minecraft:stone_pickaxe":50,"minecraft:wooden_pickaxe":6,"minecraft:stone_axe":32,"minecraft:torch":2,"minecraft:dirt":1,"minecraft:bow":2,"minecraft:crafting_table":1,"minecraft:cooked_beef":9},"minecraft:mined":{"minecraft:birch_log":16,"minecraft:birch_leaves":2,"minecraft:torch":1,"minecraft:crafting_table":1,"minecraft:grass_block":1,"minecraft:coal_ore":18,"minecraft:stone":38},"minecraft:custom":{"minecraft:time_since_rest":21240,"minecraft:sprint_one_cm":40804,"minecraft:damage_taken":754,"minecraft:walk_one_cm":30359,"minecraft:mob_kills":6,"minecraft:drop":1,"minecraft:damage_dealt":1562,"minecraft:talked_to_villager":1,"minecraft:swim_one_cm":27989,"minecraft:interact_with_crafting_table":2,"minecraft:fly_one_cm":46539,"minecraft:player_kills":1,"minecraft:crouch_one_cm":2872,"minecraft:play_time":21240,"minecraft:sneak_time":1743,"minecraft:walk_under_water_one_cm":3310,"minecraft:jump":389,"minecraft:leave_game":1,"minecraft:walk_on_water_one_cm":9325,"minecraft:time_since_death":21240,"minecraft:total_world_time":21240,"minecraft:fall_one_cm":6626}},"DataVersion":2975}