{"stats":{"minecraft:crafted":{"minecraft:birch_planks":20},"minecraft:picked_up":{"minecraft:birch_log":5,"minecraft:stick":3,"minecraft:dirt":1},"minecraft:used":{"minecraft:dirt":1,"minecraft:cooked_beef":2},"minecraft:mined":{"minecraft:grass_block":1,"minecraft:birch_log":5},"minecraft:custom":{"minecraft:time_since_rest":9240,"minecraft:crouch_one_cm":553,"minecraft:sprint_one_cm":16666,"minecraft:play_time":9240,"minecraft:damage_taken":180,"minecraft:walk_one_cm":17070,"minecraft:sneak_time":414,"minecraft:walk_under_water_one_cm":998,"minecraft:jump":123,"minecraft:damage_dealt":161,"minecraft:leave_game":1,"minecraft:time_since_death":9240,"minecraft:walk_on_water_one_cm":1414,"minecraft:total_world_time":9240,"minecraft:swim_one_cm":11891,"minecraft:talked_to_villager":1,"minecraft:fall_one_cm":1402,"minecraft:fly_one_cm":14938}},"DataVersion":2975}