{"stats":{"minecraft:killed":{"minecraft:sheep":1,"minecraft:skeleton":3,"nethertitan:arambulo_verde":1,"minecraft:zombie":4},"minecraft:crafted":{"minecraft:crafting_table":1,"minecraft:iron_pickaxe":1,"minecraft:stick":16,"minecraft:iron_ingot":6,"minecraft:wooden_pickaxe":1,"minecraft:stone_pickaxe":1,"minecraft:furnace":1,"minecraft:bucket":1,"minecraft:torch":36,"minecraft:birch_planks":64,"minecraft:stone_axe":1,"minecraft:air":0},"minecraft:picked_up":{"minecraft:birch_log":16,"minecraft:raw_iron":36,"minecraft:stick":3,"minecraft:crafting_table":2,"nethertitan:arambulo_pata_2":2,"minecraft:torch":2,"minecraft:diorite":9,"minecraft:dirt":2,"minecraft:arrow":2,"minecraft:bone":2,"minecraft:rotten_flesh":5,"minecraft:bow":1,"minecraft:cobbled_deepslate":3,"minecraft:raw_gold":2,"minecraft:iron_ingot":1,"minecraft:mutton":1,"minecraft:coal":34,"minecraft:white_wool":1,"minecraft:cobblestone":128,"minecraft:furnace":1},"minecraft:dropped":{"minecraft:rotten_flesh":4,"minecraft:wooden_pickaxe":1},"minecraft:used":{"minecraft:birch_planks":6,"minecraft:stone_pickaxe":132,"minecraft:iron_pickaxe":73,"minecraft:wooden_pickaxe":6,"minecraft:stone_axe":43,"minecraft:torch":10,"minecraft:dirt":2,"minecraft:cobblestone":11,"minecraft:bow":2,"minecraft:crafting_table":2,"minecraft:furnace":1,"minecraft:cooked_beef":15},"minecraft:broken":{"minecraft:stone_pickaxe":1},"minecraft:mined":{"minecraft:furnace":1,"minecraft:iron_ore":36,"minecraft:birch_log":16,"minecraft:birch_leaves":3,"minecraft:torch":1,"minecraft:crafting_table":2,"minecraft:grass_block":2,"minecraft:coal_ore":31,"minecraft:cobblestone":9,"minecraft:deepslate_gold_ore":1,"minecraft:stone":119,"minecraft:gold_ore":1,"minecraft:deepslate":3,"minecraft:diorite":9,"minecraft:wall_torch":1},"minecraft:custom":{"minecraft:time_since_rest":37253,"minecraft:interact_with_furnace":7,"minecraft:sprint_one_cm":86323,"minecraft:damage_taken":1234,"minecraft:walk_one_cm":45882,"minecraft:mob_kills":9,"minecraft:drop":5,"minecraft:damage_dealt":2163,"minecraft:talked_to_villager":1,"minecraft:swim_one_cm":31229,"minecraft:interact_with_crafting_table":6,"minecraft:fly_one_cm":74383,"minecraft:player_kills":1,"minecraft:crouch_one_cm":3941,"minecraft:play_time":37253,"minecraft:sneak_time":2665,"minecraft:walk_under_water_one_cm":3968,"minecraft:jump":634,"minecraft:leave_game":2,"minecraft:walk_on_water_one_cm":9424,"minecraft:time_since_death":37253,"minecraft:total_world_time":37253,"minecraft:fall_one_cm":15147}},"DataVersion":2975}