{"stats":{"minecraft:killed":{"minecraft:sheep":1,"minecraft:skeleton":3,"nethertitan:arambulo_verde":1,"minecraft:zombie":4},"minecraft:crafted":{"minecraft:crafting_table":1,"minecraft:iron_pickaxe":1,"minecraft:stick":16,"minecraft:iron_ingot":6,"minecraft:wooden_pickaxe":1,"minecraft:stone_pickaxe":1,"minecraft:furnace":1,"minecraft:bucket":1,"minecraft:torch":36,"minecraft:birch_planks":64,"minecraft:stone_axe":1,"minecraft:air":0},"minecraft:picked_up":{"minecraft:birch_log":16,"minecraft:raw_iron":36,"minecraft:stick":3,"minecraft:crafting_table":2,"nethertitan:arambulo_pata_2":2,"minecraft:torch":2,"minecraft:diorite":9,"minecraft:dirt":2,"minecraft:arrow":2,"minecraft:bone":2,"minecraft:rotten_flesh":5,"minecraft:bow":1,"minecraft:raw_gold":2,"minecraft:iron_ingot":1,"minecraft:mutton":1,"minecraft:coal":34,"minecraft:white_wool":1,"minecraft:cobblestone":119,"minecraft:furnace":1},"minecraft:dropped":{"minecraft:rotten_flesh":4,"minecraft:wooden_pickaxe":1},"minecraft:used":{"minecraft:birch_planks":6,"minecraft:stone_pickaxe":132,"minecraft:iron_pickaxe":62,"minecraft:wooden_pickaxe":6,"minecraft:stone_axe":43,"minecraft:torch":10,"minecraft:dirt":2,"minecraft:cobblestone":10,"minecraft:bow":2,"minecraft:crafting_table":2,"minecraft:furnace":1,"minecraft:cooked_beef":14},"minecraft:broken":{"minecraft:stone_pickaxe":1},"minecraft:mined":{"minecraft:furnace":1,"minecraft:iron_ore":36,"minecraft:birch_log":16,"minecraft:birch_leaves":3,"minecraft:torch":1,"minecraft:crafting_table":2,"minecraft:grass_block":2,"minecraft:coal_ore":31,"minecraft:cobblestone":1,"minecraft:deepslate_gold_ore":1,"minecraft:stone":119,"minecraft:gold_ore":1,"minecraft:diorite":9,"minecraft:wall_torch":1},"minecraft:custom":{"minecraft:time_since_rest":33240,"minecraft:interact_with_furnace":7,"minecraft:sprint_one_cm":83404,"minecraft:damage_taken":1234,"minecraft:walk_one_cm":44851,"minecraft:mob_kills":9,"minecraft:drop":5,"minecraft:damage_dealt":2163,"minecraft:talked_to_villager":1,"minecraft:swim_one_cm":31229,"minecraft:interact_with_crafting_table":6,"minecraft:fly_one_cm":73238,"minecraft:player_kills":1,"minecraft:crouch_one_cm":3916,"minecraft:play_time":33240,"minecraft:sneak_time":2534,"minecraft:walk_under_water_one_cm":3968,"minecraft:jump":618,"minecraft:leave_game":1,"minecraft:walk_on_water_one_cm":9424,"minecraft:time_since_death":33240,"minecraft:total_world_time":33240,"minecraft:fall_one_cm":15147}},"DataVersion":2975}