{"stats":{"minecraft:killed":{"minecraft:skeleton":3,"minecraft:zombie":3},"minecraft:killed_by":{"minecraft:player":2},"minecraft:crafted":{"minecraft:wooden_sword":1,"minecraft:oak_planks":68,"minecraft:crafting_table":2,"minecraft:wooden_pickaxe":1,"minecraft:iron_helmet":1,"minecraft:iron_sword":1,"minecraft:furnace":1,"minecraft:birch_planks":20,"minecraft:stone_axe":1,"minecraft:air":0,"minecraft:iron_boots":1,"minecraft:iron_chestplate":1,"minecraft:shield":1,"minecraft:iron_axe":1,"minecraft:stick":16,"minecraft:iron_ingot":53,"minecraft:iron_pickaxe":3,"minecraft:stone_pickaxe":1,"minecraft:stone_sword":1,"minecraft:iron_leggings":1,"minecraft:birch_door":3,"minecraft:torch":4},"minecraft:picked_up":{"minecraft:birch_log":5,"minecraft:birch_door":5,"minecraft:crafting_table":4,"minecraft:cooked_beef":1,"minecraft:oxidized_copper":3,"minecraft:andesite":44,"minecraft:birch_planks":1,"nethertitan:arambulo_pata_3":3,"minecraft:tuff":16,"minecraft:oak_log":19,"minecraft:dirt":16,"minecraft:bone":2,"minecraft:zombie_head":1,"minecraft:apple":1,"minecraft:cobbled_deepslate":20,"minecraft:iron_ingot":1,"minecraft:furnace":2,"minecraft:stick":3,"minecraft:raw_iron":86,"minecraft:torch":3,"minecraft:dandelion":1,"minecraft:weathered_copper":2,"minecraft:gravel":8,"minecraft:diorite":72,"minecraft:waxed_exposed_cut_copper_slab":1,"minecraft:arrow":3,"minecraft:rotten_flesh":2,"minecraft:diamond":9,"minecraft:honey_block":2,"minecraft:granite":5,"minecraft:emerald":1,"minecraft:oak_sapling":4,"minecraft:coal":36,"minecraft:cobblestone":220},"minecraft:used":{"minecraft:diorite":7,"minecraft:stone_sword":48,"minecraft:birch_planks":4,"minecraft:stone_pickaxe":118,"minecraft:oak_planks":6,"minecraft:wooden_pickaxe":7,"minecraft:shield":25,"minecraft:iron_sword":9,"minecraft:torch":5,"minecraft:weathered_copper":2,"minecraft:dirt":14,"minecraft:crafting_table":5,"minecraft:birch_door":6,"minecraft:apple":1,"minecraft:iron_axe":2,"minecraft:iron_pickaxe":385,"minecraft:stone_axe":33,"minecraft:cobblestone":28,"minecraft:furnace":2,"minecraft:oak_sapling":2,"minecraft:cooked_beef":16},"minecraft:dropped":{"minecraft:gravel":4,"minecraft:stone_axe":1,"minecraft:stone_sword":1,"minecraft:rotten_flesh":2,"minecraft:diorite":28,"minecraft:waxed_exposed_cut_copper_slab":1,"minecraft:andesite":15,"minecraft:oak_sapling":2,"minecraft:zombie_head":1,"minecraft:wooden_sword":1,"minecraft:arrow":3,"minecraft:wooden_pickaxe":1,"minecraft:stone_pickaxe":1,"minecraft:oxidized_copper":3,"minecraft:bone":2},"minecraft:broken":{"minecraft:iron_pickaxe":1},"minecraft:mined":{"minecraft:diamond_ore":5,"minecraft:tuff":16,"minecraft:deepslate_diamond_ore":4,"minecraft:dandelion":1,"minecraft:powder_snow":1,"minecraft:crafting_table":4,"minecraft:torch":2,"minecraft:granite":5,"minecraft:honey_block":2,"minecraft:emerald_ore":1,"minecraft:grass_block":7,"minecraft:oxidized_copper":3,"minecraft:weathered_copper":2,"minecraft:cobblestone":3,"minecraft:diorite":73,"minecraft:birch_planks":1,"minecraft:furnace":2,"minecraft:birch_log":5,"minecraft:iron_ore":71,"minecraft:fire":2,"minecraft:birch_leaves":2,"minecraft:andesite":44,"minecraft:birch_door":4,"minecraft:grass":1,"minecraft:oak_log":19,"minecraft:coal_ore":20,"minecraft:gravel":9,"minecraft:dirt":11,"minecraft:waxed_exposed_cut_copper_slab":1,"minecraft:azalea_leaves":4,"minecraft:stone":217,"minecraft:oak_leaves":3,"minecraft:deepslate":21},"minecraft:custom":{"minecraft:interact_with_furnace":16,"minecraft:mob_kills":7,"minecraft:interact_with_crafting_table":14,"minecraft:leave_game":2,"minecraft:time_since_death":14829,"minecraft:climb_one_cm":616,"minecraft:time_since_rest":14835,"minecraft:sprint_one_cm":127039,"minecraft:damage_taken":2354,"minecraft:walk_one_cm":67875,"minecraft:damage_blocked_by_shield":1820,"minecraft:drop":25,"minecraft:damage_dealt":1817,"minecraft:swim_one_cm":39466,"minecraft:talked_to_villager":3,"minecraft:fly_one_cm":121788,"minecraft:play_time":56913,"minecraft:crouch_one_cm":10375,"minecraft:deaths":3,"minecraft:sneak_time":5240,"minecraft:walk_under_water_one_cm":5008,"minecraft:jump":686,"minecraft:walk_on_water_one_cm":13526,"minecraft:total_world_time":56913,"minecraft:fall_one_cm":27022}},"DataVersion":2975}