{"stats":{"minecraft:killed":{"minecraft:skeleton":3,"minecraft:zombie":3},"minecraft:killed_by":{"minecraft:player":2},"minecraft:crafted":{"minecraft:wooden_sword":1,"minecraft:oak_planks":20,"minecraft:iron_chestplate":1,"minecraft:shield":1,"minecraft:crafting_table":2,"minecraft:stick":8,"minecraft:iron_helmet":1,"minecraft:wooden_pickaxe":1,"minecraft:iron_ingot":24,"minecraft:stone_pickaxe":1,"minecraft:stone_sword":1,"minecraft:iron_leggings":1,"minecraft:furnace":1,"minecraft:birch_door":3,"minecraft:birch_planks":20,"minecraft:stone_axe":1,"minecraft:air":0},"minecraft:picked_up":{"minecraft:birch_log":5,"minecraft:birch_door":5,"minecraft:crafting_table":1,"minecraft:raw_iron":50,"minecraft:cooked_beef":1,"minecraft:birch_planks":1,"minecraft:gravel":1,"minecraft:oak_log":5,"minecraft:diorite":7,"minecraft:dirt":12,"minecraft:bone":2,"minecraft:zombie_head":1,"minecraft:arrow":3,"minecraft:rotten_flesh":2,"minecraft:coal":11,"minecraft:cobblestone":37},"minecraft:used":{"minecraft:birch_door":6,"minecraft:diorite":7,"minecraft:stone_sword":48,"minecraft:stone_pickaxe":108,"minecraft:birch_planks":4,"minecraft:oak_planks":2,"minecraft:wooden_pickaxe":7,"minecraft:shield":9,"minecraft:stone_axe":10,"minecraft:cobblestone":21,"minecraft:dirt":11,"minecraft:crafting_table":3,"minecraft:furnace":1,"minecraft:cooked_beef":10},"minecraft:mined":{"minecraft:birch_planks":1,"minecraft:birch_log":5,"minecraft:iron_ore":50,"minecraft:birch_leaves":2,"minecraft:birch_door":4,"minecraft:crafting_table":1,"minecraft:grass_block":6,"minecraft:oak_log":5,"minecraft:coal_ore":11,"minecraft:gravel":1,"minecraft:dirt":8,"minecraft:stone":37,"minecraft:diorite":8},"minecraft:custom":{"minecraft:time_since_rest":17340,"minecraft:sprint_one_cm":84206,"minecraft:interact_with_furnace":8,"minecraft:damage_taken":1511,"minecraft:walk_one_cm":33930,"minecraft:damage_blocked_by_shield":845,"minecraft:mob_kills":6,"minecraft:damage_dealt":1324,"minecraft:swim_one_cm":39466,"minecraft:interact_with_crafting_table":11,"minecraft:talked_to_villager":1,"minecraft:fly_one_cm":90033,"minecraft:play_time":32912,"minecraft:crouch_one_cm":3760,"minecraft:deaths":2,"minecraft:sneak_time":2487,"minecraft:walk_under_water_one_cm":5008,"minecraft:jump":490,"minecraft:leave_game":1,"minecraft:time_since_death":17333,"minecraft:walk_on_water_one_cm":13526,"minecraft:total_world_time":32912,"minecraft:fall_one_cm":14491}},"DataVersion":2975}