{"stats":{"minecraft:killed":{"minecraft:skeleton":1,"minecraft:zombie":2},"minecraft:killed_by":{"minecraft:player":2},"minecraft:crafted":{"minecraft:wooden_sword":1,"minecraft:oak_planks":20,"minecraft:iron_chestplate":1,"minecraft:shield":1,"minecraft:crafting_table":2,"minecraft:stick":8,"minecraft:iron_ingot":9,"minecraft:wooden_pickaxe":1,"minecraft:stone_pickaxe":1,"minecraft:stone_sword":1,"minecraft:furnace":1,"minecraft:birch_door":3,"minecraft:birch_planks":20,"minecraft:stone_axe":1,"minecraft:air":0},"minecraft:picked_up":{"minecraft:birch_log":5,"minecraft:raw_iron":25,"minecraft:birch_door":5,"minecraft:crafting_table":1,"minecraft:cooked_beef":1,"minecraft:birch_planks":1,"minecraft:oak_log":5,"minecraft:diorite":7,"minecraft:dirt":11,"minecraft:arrow":1,"minecraft:coal":11,"minecraft:cobblestone":31},"minecraft:used":{"minecraft:birch_door":6,"minecraft:diorite":3,"minecraft:stone_sword":24,"minecraft:birch_planks":4,"minecraft:stone_pickaxe":76,"minecraft:oak_planks":2,"minecraft:shield":2,"minecraft:wooden_pickaxe":7,"minecraft:stone_axe":10,"minecraft:cobblestone":13,"minecraft:dirt":11,"minecraft:crafting_table":3,"minecraft:furnace":1,"minecraft:cooked_beef":8},"minecraft:mined":{"minecraft:birch_planks":1,"minecraft:iron_ore":25,"minecraft:birch_log":5,"minecraft:birch_leaves":2,"minecraft:birch_door":4,"minecraft:crafting_table":1,"minecraft:coal_ore":11,"minecraft:grass_block":5,"minecraft:oak_log":5,"minecraft:dirt":8,"minecraft:stone":31,"minecraft:diorite":8},"minecraft:custom":{"minecraft:time_since_rest":8724,"minecraft:interact_with_furnace":5,"minecraft:sprint_one_cm":56124,"minecraft:damage_taken":1281,"minecraft:walk_one_cm":26436,"minecraft:damage_blocked_by_shield":605,"minecraft:mob_kills":3,"minecraft:damage_dealt":764,"minecraft:talked_to_villager":1,"minecraft:swim_one_cm":39466,"minecraft:interact_with_crafting_table":9,"minecraft:fly_one_cm":73893,"minecraft:crouch_one_cm":2169,"minecraft:play_time":24296,"minecraft:deaths":2,"minecraft:sneak_time":1735,"minecraft:walk_under_water_one_cm":5008,"minecraft:jump":339,"minecraft:time_since_death":8717,"minecraft:walk_on_water_one_cm":13526,"minecraft:total_world_time":24296,"minecraft:fall_one_cm":13314}},"DataVersion":2975}