{"stats":{"minecraft:killed_by":{"minecraft:player":1},"minecraft:crafted":{"minecraft:wooden_sword":1,"minecraft:oak_planks":4,"minecraft:crafting_table":1,"minecraft:stick":8,"minecraft:wooden_pickaxe":1,"minecraft:stone_pickaxe":1,"minecraft:stone_sword":1,"minecraft:birch_planks":20,"minecraft:stone_axe":1},"minecraft:picked_up":{"minecraft:birch_log":5,"minecraft:crafting_table":1,"minecraft:cooked_beef":1,"minecraft:oak_log":1,"minecraft:dirt":7,"minecraft:cobblestone":9},"minecraft:used":{"minecraft:stone_pickaxe":3,"minecraft:oak_planks":2,"minecraft:wooden_pickaxe":7,"minecraft:stone_axe":1,"minecraft:dirt":6,"minecraft:crafting_table":1,"minecraft:cooked_beef":4},"minecraft:mined":{"minecraft:birch_log":5,"minecraft:birch_leaves":2,"minecraft:crafting_table":1,"minecraft:grass_block":5,"minecraft:oak_log":1,"minecraft:dirt":2,"minecraft:stone":9},"minecraft:custom":{"minecraft:time_since_rest":5358,"minecraft:sprint_one_cm":21190,"minecraft:damage_taken":621,"minecraft:walk_one_cm":14054,"minecraft:damage_dealt":170,"minecraft:talked_to_villager":1,"minecraft:swim_one_cm":2274,"minecraft:interact_with_crafting_table":4,"minecraft:fly_one_cm":23596,"minecraft:crouch_one_cm":1632,"minecraft:play_time":12296,"minecraft:deaths":1,"minecraft:sneak_time":564,"minecraft:walk_under_water_one_cm":867,"minecraft:jump":127,"minecraft:time_since_death":5351,"minecraft:walk_on_water_one_cm":3224,"minecraft:total_world_time":12296,"minecraft:fall_one_cm":6821}},"DataVersion":2975}