{"stats":{"minecraft:killed":{"minecraft:skeleton":3,"minecraft:zombie":3},"minecraft:killed_by":{"minecraft:player":2},"minecraft:crafted":{"minecraft:wooden_sword":1,"minecraft:oak_planks":68,"minecraft:crafting_table":2,"minecraft:wooden_pickaxe":1,"minecraft:iron_helmet":1,"minecraft:iron_sword":1,"minecraft:furnace":1,"minecraft:birch_planks":20,"minecraft:stone_axe":1,"minecraft:air":0,"minecraft:iron_boots":1,"minecraft:iron_chestplate":1,"minecraft:shield":1,"minecraft:iron_axe":1,"minecraft:stick":16,"minecraft:iron_ingot":47,"minecraft:iron_pickaxe":1,"minecraft:stone_pickaxe":1,"minecraft:stone_sword":1,"minecraft:iron_leggings":1,"minecraft:birch_door":3,"minecraft:torch":4},"minecraft:picked_up":{"minecraft:birch_log":5,"minecraft:crafting_table":3,"minecraft:birch_door":5,"minecraft:oxidized_copper":3,"minecraft:cooked_beef":1,"minecraft:andesite":15,"minecraft:birch_planks":1,"nethertitan:arambulo_pata_3":3,"minecraft:oak_log":19,"minecraft:dirt":13,"minecraft:zombie_head":1,"minecraft:bone":2,"minecraft:apple":1,"minecraft:iron_ingot":1,"minecraft:furnace":1,"minecraft:stick":3,"minecraft:raw_iron":52,"minecraft:torch":3,"minecraft:weathered_copper":2,"minecraft:gravel":4,"minecraft:diorite":35,"minecraft:waxed_exposed_cut_copper_slab":1,"minecraft:arrow":3,"minecraft:rotten_flesh":2,"minecraft:honey_block":2,"minecraft:oak_sapling":4,"minecraft:coal":15,"minecraft:cobblestone":91},"minecraft:dropped":{"minecraft:oak_sapling":2},"minecraft:used":{"minecraft:diorite":7,"minecraft:stone_sword":48,"minecraft:birch_planks":4,"minecraft:stone_pickaxe":118,"minecraft:oak_planks":6,"minecraft:shield":25,"minecraft:wooden_pickaxe":7,"minecraft:iron_sword":7,"minecraft:torch":5,"minecraft:dirt":13,"minecraft:weathered_copper":2,"minecraft:crafting_table":4,"minecraft:birch_door":6,"minecraft:apple":1,"minecraft:iron_axe":1,"minecraft:iron_pickaxe":101,"minecraft:stone_axe":33,"minecraft:cobblestone":22,"minecraft:furnace":1,"minecraft:oak_sapling":2,"minecraft:cooked_beef":14},"minecraft:mined":{"minecraft:crafting_table":3,"minecraft:torch":2,"minecraft:honey_block":2,"minecraft:grass_block":6,"minecraft:weathered_copper":2,"minecraft:oxidized_copper":3,"minecraft:diorite":36,"minecraft:birch_planks":1,"minecraft:furnace":1,"minecraft:birch_log":5,"minecraft:iron_ore":50,"minecraft:fire":2,"minecraft:andesite":15,"minecraft:birch_leaves":2,"minecraft:birch_door":4,"minecraft:coal_ore":11,"minecraft:oak_log":19,"minecraft:gravel":5,"minecraft:dirt":9,"minecraft:waxed_exposed_cut_copper_slab":1,"minecraft:azalea_leaves":4,"minecraft:stone":91,"minecraft:oak_leaves":3},"minecraft:custom":{"minecraft:interact_with_furnace":12,"minecraft:mob_kills":7,"minecraft:interact_with_crafting_table":13,"minecraft:leave_game":1,"minecraft:time_since_death":2828,"minecraft:climb_one_cm":616,"minecraft:time_since_rest":2834,"minecraft:sprint_one_cm":103831,"minecraft:damage_taken":2207,"minecraft:walk_one_cm":55094,"minecraft:damage_blocked_by_shield":1820,"minecraft:drop":2,"minecraft:damage_dealt":1719,"minecraft:talked_to_villager":1,"minecraft:swim_one_cm":39466,"minecraft:fly_one_cm":105153,"minecraft:crouch_one_cm":4647,"minecraft:play_time":44912,"minecraft:deaths":3,"minecraft:sneak_time":2827,"minecraft:walk_under_water_one_cm":5008,"minecraft:jump":595,"minecraft:walk_on_water_one_cm":13526,"minecraft:total_world_time":44912,"minecraft:fall_one_cm":22858}},"DataVersion":2975}