{"stats":{"minecraft:used":{"minecraft:diorite":3,"minecraft:stone_sword":30,"minecraft:stone_pickaxe":78,"minecraft:oak_planks":3,"minecraft:wooden_pickaxe":19,"minecraft:shield":50,"minecraft:iron_sword":42,"minecraft:iron_chestplate":1,"minecraft:dirt":22,"minecraft:crafting_table":6,"minecraft:granite":3,"minecraft:obsidian":4,"minecraft:oak_log":4,"minecraft:iron_pickaxe":295,"minecraft:iron_boots":1,"minecraft:gravel":4,"minecraft:stone_axe":32,"minecraft:cobblestone":59,"minecraft:bow":2,"minecraft:end_crystal":11,"minecraft:oak_sapling":2,"minecraft:furnace":6,"minecraft:cooked_beef":28,"minecraft:iron_leggings":1},"minecraft:killed":{"minecraft:spider":2,"minecraft:creeper":4,"minecraft:skeleton":4,"minecraft:zombie":6,"nethertitan:arambulo_morado":1},"minecraft:crafted":{"minecraft:oak_planks":24,"minecraft:crafting_table":1,"minecraft:wooden_pickaxe":1,"minecraft:iron_helmet":1,"minecraft:iron_sword":1,"minecraft:furnace":1,"minecraft:stone_axe":1,"minecraft:iron_chestplate":1,"minecraft:iron_boots":1,"minecraft:shield":1,"minecraft:stick":20,"minecraft:iron_ingot":49,"minecraft:iron_pickaxe":2,"minecraft:stone_pickaxe":1,"minecraft:stone_sword":1,"minecraft:gold_ingot":10,"minecraft:iron_leggings":1},"minecraft:custom":{"minecraft:interact_with_furnace":41,"minecraft:mob_kills":18,"minecraft:interact_with_crafting_table":15,"minecraft:leave_game":2,"minecraft:time_since_death":18396,"minecraft:climb_one_cm":2186,"minecraft:time_since_rest":18401,"minecraft:sprint_one_cm":135959,"minecraft:damage_taken":9540,"minecraft:walk_one_cm":301922,"minecraft:damage_blocked_by_shield":4660,"minecraft:drop":47,"minecraft:damage_dealt":4127,"minecraft:swim_one_cm":13298,"minecraft:fly_one_cm":236522,"minecraft:crouch_one_cm":11961,"minecraft:play_time":116492,"minecraft:deaths":23,"minecraft:sneak_time":8059,"minecraft:walk_under_water_one_cm":5292,"minecraft:jump":1645,"minecraft:walk_on_water_one_cm":9884,"minecraft:total_world_time":116492,"minecraft:fall_one_cm":53003},"minecraft:dropped":{"minecraft:wheat_seeds":2,"minecraft:cooked_beef":2,"minecraft:oak_log":1,"minecraft:stone_sword":1,"minecraft:cobbled_deepslate":11,"minecraft:obsidian":54,"minecraft:cobblestone":43,"minecraft:rotten_flesh":6,"minecraft:dirt":3,"minecraft:diorite":11,"minecraft:wooden_pickaxe":1,"minecraft:stone_pickaxe":1,"minecraft:end_crystal":57},"minecraft:killed_by":{"minecraft:creeper":10,"nethertitan:arambulo_morado":1},"minecraft:mined":{"minecraft:crafting_table":7,"minecraft:granite":3,"minecraft:emerald_ore":4,"minecraft:grass_block":12,"minecraft:cobblestone":25,"minecraft:lapis_ore":5,"minecraft:deepslate_gold_ore":5,"minecraft:oak_planks":3,"minecraft:diorite":14,"minecraft:wall_torch":5,"minecraft:furnace":6,"minecraft:iron_ore":56,"minecraft:azure_bluet":1,"minecraft:grass":2,"minecraft:oak_log":15,"minecraft:coal_ore":39,"minecraft:deepslate_iron_ore":3,"minecraft:gravel":4,"minecraft:dirt":11,"minecraft:azalea_leaves":1,"minecraft:stone":209,"minecraft:gold_ore":5,"minecraft:oak_leaves":9,"minecraft:deepslate":11},"minecraft:broken":{"minecraft:shield":1,"minecraft:iron_pickaxe":1},"minecraft:picked_up":{"minecraft:crafting_table":6,"minecraft:creeper_head":7,"nethertitan:arambulo_pata_3":3,"minecraft:oak_log":19,"minecraft:shield":1,"minecraft:gunpowder":26,"minecraft:lapis_lazuli":31,"minecraft:dirt":25,"minecraft:bone":6,"minecraft:bow":1,"minecraft:wheat_seeds":2,"minecraft:cobbled_deepslate":11,"minecraft:raw_gold":10,"minecraft:iron_ingot":10,"minecraft:oak_planks":3,"minecraft:furnace":6,"minecraft:stick":1,"minecraft:raw_iron":60,"minecraft:torch":5,"minecraft:gravel":4,"minecraft:diorite":14,"minecraft:end_crystal":68,"minecraft:arrow":2,"minecraft:rotten_flesh":6,"minecraft:granite":3,"minecraft:emerald":4,"minecraft:oak_sapling":2,"minecraft:obsidian":79,"minecraft:coal":142,"minecraft:cobblestone":281}},"DataVersion":2975}