{"stats":{"minecraft:used":{"minecraft:moss_block":1,"minecraft:stone_sword":30,"minecraft:tropical_fish":1,"minecraft:stone_shovel":75,"minecraft:oak_sign":2,"minecraft:chest":2,"minecraft:shield":89,"minecraft:iron_sword":130,"minecraft:iron_chestplate":2,"minecraft:torch":10,"minecraft:dirt":119,"minecraft:shulker_box":8,"minecraft:granite":3,"minecraft:azure_bluet":11,"minecraft:obsidian":4,"minecraft:iron_boots":1,"minecraft:bow":2,"minecraft:oak_sapling":5,"minecraft:furnace":10,"minecraft:cooked_beef":34,"minecraft:iron_leggings":1,"minecraft:water_bucket":43,"minecraft:diorite":4,"minecraft:stone_pickaxe":90,"minecraft:oak_planks":79,"minecraft:wooden_pickaxe":19,"minecraft:sugar_cane":8,"minecraft:golden_apple":1,"minecraft:oak_slab":1,"minecraft:crafting_table":11,"minecraft:oak_log":60,"minecraft:iron_pickaxe":748,"minecraft:gravel":4,"minecraft:stone_axe":87,"minecraft:cobblestone":189,"minecraft:end_crystal":11,"minecraft:porkchop":1,"minecraft:cooked_porkchop":29,"minecraft:bucket":43,"minecraft:chainmail_leggings":1},"minecraft:killed_by":{"minecraft:player":2,"minecraft:creeper":12,"nethertitan:arambulo":1,"nethertitan:arambulo_verde":3,"nethertitan:arambulo_morado":1},"minecraft:picked_up":{"minecraft:iron_chestplate":1,"minecraft:crafting_table":9,"nethertitan:arambulo_pata_2":4,"minecraft:azure_bluet":25,"minecraft:creeper_head":8,"nethertitan:arambulo_pata_3":5,"minecraft:shield":1,"minecraft:string":2,"minecraft:iron_leggings":1,"minecraft:oak_sign":4,"minecraft:cobbled_deepslate":49,"minecraft:beef":8,"minecraft:sugar_cane":14,"minecraft:chest":2,"minecraft:furnace":7,"minecraft:stick":1,"minecraft:raw_iron":83,"minecraft:torch":13,"minecraft:porkchop":1,"minecraft:diorite":33,"minecraft:end_crystal":68,"nethertitan:arambulo_pata":3,"minecraft:arrow":3,"minecraft:rotten_flesh":9,"minecraft:tropical_fish":1,"minecraft:obsidian":79,"minecraft:cobblestone":567,"minecraft:leather":5,"minecraft:flint":1,"minecraft:oak_log":54,"minecraft:gunpowder":26,"minecraft:lapis_lazuli":31,"minecraft:dirt":140,"minecraft:bone":6,"minecraft:apple":1,"minecraft:bow":1,"minecraft:wheat_seeds":10,"minecraft:raw_gold":11,"minecraft:iron_ingot":10,"minecraft:moss_block":2,"minecraft:oak_planks":5,"minecraft:oak_slab":1,"minecraft:cooked_porkchop":8,"minecraft:dandelion":6,"minecraft:dripstone_block":1,"minecraft:gravel":17,"minecraft:shulker_box":8,"minecraft:diamond":1,"minecraft:chainmail_leggings":1,"minecraft:iron_helmet":1,"minecraft:granite":6,"minecraft:emerald":4,"minecraft:oak_sapling":5,"minecraft:coal":224,"minecraft:ender_pearl":1},"minecraft:crafted":{"minecraft:oak_planks":128,"minecraft:stone_shovel":1,"minecraft:oak_sign":3,"minecraft:furnace":3,"minecraft:iron_boots":3,"minecraft:stone_pickaxe":2,"minecraft:chest":1,"minecraft:oak_button":4,"minecraft:cooked_beef":8,"minecraft:crafting_table":2,"minecraft:wooden_pickaxe":1,"minecraft:iron_helmet":3,"minecraft:iron_sword":1,"minecraft:stone_axe":1,"minecraft:iron_chestplate":2,"minecraft:golden_apple":1,"minecraft:shield":1,"minecraft:stick":36,"minecraft:iron_ingot":65,"minecraft:iron_pickaxe":4,"minecraft:stone_sword":1,"minecraft:iron_leggings":2,"minecraft:gold_ingot":10,"minecraft:torch":20},"minecraft:mined":{"minecraft:dark_oak_leaves":10,"minecraft:deepslate_diamond_ore":3,"minecraft:shulker_box":7,"minecraft:granite":8,"minecraft:grass_block":105,"minecraft:moss_block":1,"minecraft:spawner":3,"minecraft:furnace":8,"minecraft:iron_ore":65,"minecraft:azure_bluet":25,"minecraft:oak_sign":2,"minecraft:deepslate_iron_ore":6,"minecraft:azalea_leaves":1,"minecraft:stone":529,"minecraft:oak_slab":1,"minecraft:dandelion":3,"minecraft:powder_snow":1,"minecraft:crafting_table":10,"minecraft:torch":1,"minecraft:emerald_ore":4,"minecraft:chest":2,"minecraft:tall_grass":1,"minecraft:cobblestone":27,"minecraft:lapis_ore":5,"minecraft:deepslate_gold_ore":6,"minecraft:sugar_cane":8,"minecraft:oak_planks":5,"minecraft:diorite":33,"minecraft:wall_torch":25,"minecraft:birch_leaves":3,"minecraft:bee_nest":2,"minecraft:grass":57,"minecraft:oak_log":50,"minecraft:coal_ore":63,"minecraft:gravel":11,"minecraft:dripstone_block":2,"minecraft:dirt":26,"minecraft:gold_ore":5,"minecraft:oak_leaves":55,"minecraft:deepslate":63},"minecraft:custom":{"minecraft:mob_kills":36,"minecraft:interact_with_crafting_table":27,"minecraft:open_shulker_box":31,"minecraft:leave_game":9,"minecraft:time_since_death":21308,"minecraft:climb_one_cm":5645,"minecraft:sprint_one_cm":438995,"minecraft:walk_one_cm":799454,"minecraft:damage_blocked_by_shield":7700,"minecraft:drop":156,"minecraft:damage_dealt_absorbed":87,"minecraft:talked_to_villager":28,"minecraft:play_time":278392,"minecraft:deaths":32,"minecraft:sneak_time":18135,"minecraft:walk_under_water_one_cm":26911,"minecraft:jump":4440,"minecraft:walk_on_water_one_cm":31975,"minecraft:total_world_time":278392,"minecraft:interact_with_furnace":71,"minecraft:time_since_rest":21316,"minecraft:damage_taken":14972,"minecraft:damage_absorbed":40,"minecraft:damage_dealt":8751,"minecraft:swim_one_cm":57548,"minecraft:fly_one_cm":730859,"minecraft:open_chest":15,"minecraft:crouch_one_cm":29740,"minecraft:fall_one_cm":135596},"minecraft:dropped":{"minecraft:iron_ingot":2,"minecraft:moss_block":1,"minecraft:wheat_seeds":11,"minecraft:cooked_beef":6,"minecraft:oak_log":1,"minecraft:dripstone_block":1,"minecraft:cooked_porkchop":30,"minecraft:iron_helmet":2,"minecraft:cobblestone":323,"minecraft:granite":2,"minecraft:flint":1,"minecraft:dirt":21,"minecraft:diorite":29,"minecraft:torch":14,"minecraft:iron_leggings":2,"minecraft:iron_pickaxe":1,"minecraft:string":2,"minecraft:end_crystal":57,"minecraft:dandelion":6,"minecraft:gravel":13,"minecraft:creeper_head":1,"minecraft:sugar_cane":6,"minecraft:stone_sword":1,"minecraft:cobbled_deepslate":49,"minecraft:obsidian":75,"minecraft:raw_iron":5,"minecraft:rotten_flesh":9,"minecraft:iron_boots":1,"minecraft:azure_bluet":13,"minecraft:oak_sign":2,"nethertitan:arambulo_pata_3":6,"minecraft:iron_chestplate":1,"minecraft:wooden_pickaxe":1,"minecraft:stone_pickaxe":1},"minecraft:killed":{"minecraft:spider":4,"minecraft:skeleton":5,"minecraft:pig":1,"minecraft:creeper":4,"nethertitan:arambulo_verde":1,"minecraft:zombie":12,"nethertitan:arambulo_morado":3,"minecraft:cow":4,"minecraft:enderman":2},"minecraft:broken":{"minecraft:iron_boots":1,"minecraft:iron_chestplate":1,"minecraft:iron_leggings":1,"minecraft:shield":1,"minecraft:iron_pickaxe":3,"minecraft:iron_helmet":1}},"DataVersion":2975}