{"stats":{"minecraft:killed_by":{"minecraft:creeper":10,"nethertitan:arambulo_morado":1},"minecraft:custom":{"minecraft:interact_with_furnace":48,"minecraft:mob_kills":24,"minecraft:interact_with_crafting_table":17,"minecraft:leave_game":4,"minecraft:time_since_death":2102,"minecraft:climb_one_cm":2186,"minecraft:time_since_rest":2109,"minecraft:sprint_one_cm":179506,"minecraft:damage_taken":10360,"minecraft:walk_one_cm":354124,"minecraft:damage_blocked_by_shield":4795,"minecraft:drop":60,"minecraft:damage_dealt":5111,"minecraft:swim_one_cm":22863,"minecraft:talked_to_villager":8,"minecraft:fly_one_cm":271805,"minecraft:crouch_one_cm":14104,"minecraft:play_time":132812,"minecraft:deaths":24,"minecraft:sneak_time":9541,"minecraft:walk_under_water_one_cm":7525,"minecraft:jump":1842,"minecraft:walk_on_water_one_cm":10848,"minecraft:fall_one_cm":64275,"minecraft:total_world_time":132812},"minecraft:mined":{"minecraft:dark_oak_leaves":10,"minecraft:crafting_table":8,"minecraft:granite":3,"minecraft:emerald_ore":4,"minecraft:grass_block":12,"minecraft:cobblestone":25,"minecraft:lapis_ore":5,"minecraft:deepslate_gold_ore":5,"minecraft:sugar_cane":2,"minecraft:oak_planks":4,"minecraft:diorite":14,"minecraft:wall_torch":5,"minecraft:furnace":7,"minecraft:iron_ore":58,"minecraft:bee_nest":2,"minecraft:azure_bluet":1,"minecraft:grass":3,"minecraft:oak_log":15,"minecraft:coal_ore":39,"minecraft:deepslate_iron_ore":3,"minecraft:gravel":4,"minecraft:dirt":11,"minecraft:azalea_leaves":1,"minecraft:stone":235,"minecraft:gold_ore":5,"minecraft:oak_leaves":55,"minecraft:deepslate":11},"minecraft:used":{"minecraft:diorite":3,"minecraft:stone_sword":30,"minecraft:stone_pickaxe":78,"minecraft:oak_planks":4,"minecraft:wooden_pickaxe":19,"minecraft:shield":53,"minecraft:iron_sword":52,"minecraft:iron_chestplate":1,"minecraft:dirt":22,"minecraft:crafting_table":7,"minecraft:granite":3,"minecraft:obsidian":4,"minecraft:oak_log":4,"minecraft:iron_pickaxe":324,"minecraft:iron_boots":1,"minecraft:gravel":4,"minecraft:stone_axe":40,"minecraft:cobblestone":70,"minecraft:bow":2,"minecraft:end_crystal":11,"minecraft:furnace":7,"minecraft:oak_sapling":5,"minecraft:porkchop":1,"minecraft:cooked_beef":31,"minecraft:iron_leggings":1},"minecraft:dropped":{"minecraft:iron_ingot":2,"minecraft:wheat_seeds":2,"minecraft:cooked_beef":6,"minecraft:oak_log":1,"minecraft:stone_sword":1,"minecraft:cobbled_deepslate":11,"minecraft:obsidian":54,"minecraft:iron_helmet":2,"minecraft:rotten_flesh":6,"minecraft:cobblestone":43,"minecraft:iron_boots":1,"nethertitan:arambulo_pata_3":6,"minecraft:dirt":4,"minecraft:diorite":11,"minecraft:iron_chestplate":1,"minecraft:iron_leggings":2,"minecraft:wooden_pickaxe":1,"minecraft:stone_pickaxe":1,"minecraft:end_crystal":57},"minecraft:killed":{"minecraft:pig":1,"minecraft:spider":2,"minecraft:creeper":4,"minecraft:skeleton":4,"minecraft:zombie":6,"minecraft:enderman":1,"nethertitan:arambulo_morado":1,"minecraft:cow":4},"minecraft:broken":{"minecraft:shield":1,"minecraft:iron_pickaxe":1},"minecraft:picked_up":{"minecraft:crafting_table":7,"minecraft:creeper_head":7,"minecraft:leather":5,"nethertitan:arambulo_pata_3":3,"minecraft:oak_log":19,"minecraft:shield":1,"minecraft:gunpowder":26,"minecraft:lapis_lazuli":31,"minecraft:dirt":26,"minecraft:iron_leggings":1,"minecraft:bone":6,"minecraft:apple":1,"minecraft:bow":1,"minecraft:wheat_seeds":2,"minecraft:cobbled_deepslate":11,"minecraft:raw_gold":10,"minecraft:iron_ingot":10,"minecraft:beef":8,"minecraft:sugar_cane":6,"minecraft:oak_planks":4,"minecraft:furnace":7,"minecraft:stick":1,"minecraft:raw_iron":61,"minecraft:torch":5,"minecraft:gravel":4,"minecraft:porkchop":1,"minecraft:diorite":14,"minecraft:end_crystal":68,"minecraft:arrow":2,"minecraft:rotten_flesh":6,"minecraft:iron_helmet":1,"minecraft:granite":3,"minecraft:emerald":4,"minecraft:oak_sapling":5,"minecraft:obsidian":79,"minecraft:coal":164,"minecraft:cobblestone":296},"minecraft:crafted":{"minecraft:cooked_beef":8,"minecraft:oak_planks":24,"minecraft:crafting_table":1,"minecraft:wooden_pickaxe":1,"minecraft:iron_helmet":2,"minecraft:iron_sword":1,"minecraft:furnace":1,"minecraft:stone_axe":1,"minecraft:iron_chestplate":2,"minecraft:iron_boots":2,"minecraft:golden_apple":1,"minecraft:shield":1,"minecraft:stick":20,"minecraft:iron_ingot":49,"minecraft:iron_pickaxe":2,"minecraft:stone_pickaxe":1,"minecraft:stone_sword":1,"minecraft:iron_leggings":2,"minecraft:gold_ingot":10}},"DataVersion":2975}