{"stats":{"minecraft:dropped":{"minecraft:wheat_seeds":2,"minecraft:oak_log":1,"minecraft:stone_sword":1,"minecraft:stone_pickaxe":1,"minecraft:wooden_pickaxe":1},"minecraft:killed":{"minecraft:spider":2,"minecraft:creeper":4,"minecraft:skeleton":4,"minecraft:zombie":6,"nethertitan:arambulo_morado":1},"minecraft:mined":{"minecraft:crafting_table":6,"minecraft:granite":3,"minecraft:emerald_ore":4,"minecraft:grass_block":10,"minecraft:cobblestone":25,"minecraft:deepslate_gold_ore":5,"minecraft:lapis_ore":5,"minecraft:oak_planks":3,"minecraft:wall_torch":4,"minecraft:furnace":4,"minecraft:iron_ore":29,"minecraft:azure_bluet":1,"minecraft:grass":2,"minecraft:oak_log":15,"minecraft:coal_ore":22,"minecraft:deepslate_iron_ore":3,"minecraft:gravel":4,"minecraft:dirt":4,"minecraft:azalea_leaves":1,"minecraft:stone":59,"minecraft:gold_ore":5,"minecraft:oak_leaves":8,"minecraft:deepslate":11},"minecraft:broken":{"minecraft:shield":1},"minecraft:custom":{"minecraft:interact_with_furnace":13,"minecraft:mob_kills":18,"minecraft:interact_with_crafting_table":14,"minecraft:leave_game":2,"minecraft:time_since_death":774,"minecraft:climb_one_cm":2186,"minecraft:time_since_rest":779,"minecraft:sprint_one_cm":124453,"minecraft:damage_taken":9440,"minecraft:walk_one_cm":266403,"minecraft:damage_blocked_by_shield":4660,"minecraft:drop":6,"minecraft:damage_dealt":3737,"minecraft:swim_one_cm":13298,"minecraft:fly_one_cm":230443,"minecraft:crouch_one_cm":9138,"minecraft:play_time":98870,"minecraft:deaths":23,"minecraft:sneak_time":6261,"minecraft:walk_under_water_one_cm":5292,"minecraft:jump":1450,"minecraft:walk_on_water_one_cm":9036,"minecraft:total_world_time":98870,"minecraft:fall_one_cm":51396},"minecraft:crafted":{"minecraft:oak_planks":24,"minecraft:crafting_table":1,"minecraft:wooden_pickaxe":1,"minecraft:iron_helmet":1,"minecraft:iron_sword":1,"minecraft:furnace":1,"minecraft:stone_axe":1,"minecraft:iron_boots":1,"minecraft:iron_chestplate":1,"minecraft:shield":1,"minecraft:stick":20,"minecraft:iron_ingot":25,"minecraft:iron_pickaxe":1,"minecraft:stone_pickaxe":1,"minecraft:stone_sword":1,"minecraft:iron_leggings":1},"minecraft:picked_up":{"minecraft:crafting_table":5,"minecraft:creeper_head":7,"nethertitan:arambulo_pata_3":3,"minecraft:oak_log":19,"minecraft:shield":1,"minecraft:gunpowder":26,"minecraft:lapis_lazuli":31,"minecraft:dirt":16,"minecraft:bone":6,"minecraft:bow":1,"minecraft:wheat_seeds":2,"minecraft:cobbled_deepslate":11,"minecraft:raw_gold":10,"minecraft:iron_ingot":5,"minecraft:oak_planks":3,"minecraft:furnace":4,"minecraft:stick":1,"minecraft:raw_iron":33,"minecraft:torch":4,"minecraft:gravel":4,"minecraft:end_crystal":68,"minecraft:arrow":2,"minecraft:rotten_flesh":6,"minecraft:granite":3,"minecraft:emerald":4,"minecraft:oak_sapling":2,"minecraft:obsidian":73,"minecraft:coal":77,"minecraft:cobblestone":93},"minecraft:used":{"minecraft:stone_sword":30,"minecraft:stone_pickaxe":78,"minecraft:oak_planks":3,"minecraft:wooden_pickaxe":19,"minecraft:shield":50,"minecraft:iron_sword":40,"minecraft:iron_chestplate":1,"minecraft:dirt":15,"minecraft:crafting_table":5,"minecraft:granite":3,"minecraft:obsidian":3,"minecraft:oak_log":4,"minecraft:iron_pickaxe":81,"minecraft:iron_boots":1,"minecraft:gravel":4,"minecraft:stone_axe":29,"minecraft:cobblestone":48,"minecraft:bow":2,"minecraft:end_crystal":11,"minecraft:furnace":4,"minecraft:cooked_beef":25,"minecraft:iron_leggings":1},"minecraft:killed_by":{"minecraft:creeper":10,"nethertitan:arambulo_morado":1}},"DataVersion":2975}