{"stats":{"minecraft:custom":{"minecraft:time_since_rest":9186,"minecraft:crouch_one_cm":262,"minecraft:play_time":9186,"minecraft:sprint_one_cm":4476,"minecraft:walk_one_cm":11119,"minecraft:sneak_time":96,"minecraft:walk_under_water_one_cm":589,"minecraft:jump":54,"minecraft:time_since_death":9186,"minecraft:walk_on_water_one_cm":1204,"minecraft:total_world_time":9186,"minecraft:swim_one_cm":1521,"minecraft:interact_with_crafting_table":1,"minecraft:fall_one_cm":627,"minecraft:fly_one_cm":9328},"minecraft:mined":{"minecraft:grass_block":10,"minecraft:coal_ore":8,"minecraft:flowering_azalea_leaves":1,"minecraft:dirt":8,"minecraft:birch_log":7,"minecraft:tall_grass":2,"minecraft:stone":29,"minecraft:birch_leaves":2},"minecraft:used":{"minecraft:moss_block":1,"minecraft:dirt":3,"minecraft:crafting_table":1,"minecraft:wooden_pickaxe":41},"minecraft:picked_up":{"minecraft:birch_log":7,"minecraft:moss_block":1,"minecraft:coal":8,"minecraft:birch_sapling":1,"minecraft:dirt":11,"minecraft:cobblestone":27},"minecraft:crafted":{"minecraft:birch_planks":28,"minecraft:crafting_table":1,"minecraft:stick":4,"minecraft:wooden_pickaxe":1}},"DataVersion":2975}