{"stats":{"minecraft:custom":{"minecraft:time_since_rest":31308,"minecraft:sprint_one_cm":18323,"minecraft:damage_taken":150,"minecraft:walk_one_cm":38782,"minecraft:swim_one_cm":1521,"minecraft:interact_with_crafting_table":4,"minecraft:fly_one_cm":24003,"minecraft:crouch_one_cm":382,"minecraft:play_time":31308,"minecraft:sneak_time":142,"minecraft:walk_under_water_one_cm":589,"minecraft:jump":336,"minecraft:leave_game":1,"minecraft:walk_on_water_one_cm":1204,"minecraft:time_since_death":31308,"minecraft:total_world_time":31308,"minecraft:fall_one_cm":7675},"minecraft:mined":{"minecraft:birch_log":21,"minecraft:birch_leaves":5,"minecraft:grass":1,"minecraft:grass_block":12,"minecraft:coal_ore":20,"minecraft:flowering_azalea_leaves":1,"minecraft:dirt":53,"minecraft:tall_grass":2,"minecraft:stone":29},"minecraft:used":{"minecraft:moss_block":1,"minecraft:birch_planks":4,"minecraft:stone_pickaxe":9,"minecraft:wooden_pickaxe":44,"minecraft:stone_axe":15,"minecraft:torch":1,"minecraft:dirt":52,"minecraft:crafting_table":2},"minecraft:picked_up":{"minecraft:birch_log":21,"minecraft:stick":3,"minecraft:dirt":56,"minecraft:moss_block":1,"minecraft:birch_sapling":9,"minecraft:coal":19,"minecraft:cobblestone":27},"minecraft:crafted":{"minecraft:crafting_table":2,"minecraft:stick":8,"minecraft:wooden_pickaxe":1,"minecraft:stone_pickaxe":1,"minecraft:stone_sword":1,"minecraft:torch":4,"minecraft:birch_planks":84,"minecraft:stone_axe":1}},"DataVersion":2975}