{"stats":{"minecraft:custom":{"minecraft:time_since_rest":19308,"minecraft:crouch_one_cm":325,"minecraft:play_time":19308,"minecraft:sprint_one_cm":7418,"minecraft:damage_taken":40,"minecraft:walk_one_cm":23838,"minecraft:sneak_time":110,"minecraft:walk_under_water_one_cm":589,"minecraft:jump":146,"minecraft:leave_game":1,"minecraft:time_since_death":19308,"minecraft:walk_on_water_one_cm":1204,"minecraft:total_world_time":19308,"minecraft:swim_one_cm":1521,"minecraft:interact_with_crafting_table":4,"minecraft:fly_one_cm":11637,"minecraft:fall_one_cm":2794},"minecraft:mined":{"minecraft:grass_block":10,"minecraft:coal_ore":8,"minecraft:flowering_azalea_leaves":1,"minecraft:dirt":25,"minecraft:birch_log":7,"minecraft:tall_grass":2,"minecraft:stone":29,"minecraft:birch_leaves":2},"minecraft:used":{"minecraft:moss_block":1,"minecraft:dirt":24,"minecraft:crafting_table":2,"minecraft:wooden_pickaxe":41},"minecraft:picked_up":{"minecraft:birch_log":7,"minecraft:moss_block":1,"minecraft:birch_sapling":2,"minecraft:coal":8,"minecraft:dirt":28,"minecraft:cobblestone":27},"minecraft:crafted":{"minecraft:stone_sword":1,"minecraft:birch_planks":28,"minecraft:stone_axe":1,"minecraft:crafting_table":2,"minecraft:stick":8,"minecraft:wooden_pickaxe":1,"minecraft:stone_pickaxe":1}},"DataVersion":2975}