{"stats":{"minecraft:custom":{"minecraft:time_since_rest":43308,"minecraft:sprint_one_cm":22189,"minecraft:damage_taken":150,"minecraft:walk_one_cm":52753,"minecraft:swim_one_cm":1521,"minecraft:interact_with_crafting_table":4,"minecraft:fly_one_cm":26789,"minecraft:crouch_one_cm":1049,"minecraft:play_time":43308,"minecraft:sneak_time":478,"minecraft:walk_under_water_one_cm":589,"minecraft:jump":484,"minecraft:leave_game":1,"minecraft:walk_on_water_one_cm":1204,"minecraft:time_since_death":43308,"minecraft:total_world_time":43308,"minecraft:fall_one_cm":8778},"minecraft:mined":{"minecraft:birch_planks":1,"minecraft:birch_log":21,"minecraft:birch_leaves":5,"minecraft:grass":1,"minecraft:grass_block":13,"minecraft:coal_ore":39,"minecraft:flowering_azalea_leaves":1,"minecraft:dirt":61,"minecraft:copper_ore":7,"minecraft:tall_grass":2,"minecraft:stone":106,"minecraft:wall_torch":1},"minecraft:used":{"minecraft:moss_block":1,"minecraft:birch_planks":7,"minecraft:stone_pickaxe":97,"minecraft:wooden_pickaxe":60,"minecraft:stone_axe":16,"minecraft:torch":5,"minecraft:dirt":59,"minecraft:crafting_table":2,"minecraft:cooked_beef":3},"minecraft:broken":{"minecraft:wooden_pickaxe":1},"minecraft:picked_up":{"minecraft:birch_log":21,"minecraft:stick":3,"minecraft:torch":1,"minecraft:dirt":65,"minecraft:raw_copper":20,"minecraft:moss_block":1,"minecraft:birch_sapling":9,"minecraft:coal":40,"minecraft:cobblestone":105},"minecraft:crafted":{"minecraft:crafting_table":2,"minecraft:stick":8,"minecraft:wooden_pickaxe":1,"minecraft:stone_pickaxe":1,"minecraft:stone_sword":1,"minecraft:torch":4,"minecraft:birch_planks":84,"minecraft:stone_axe":1}},"DataVersion":2975}