{"stats":{"minecraft:dropped":{"minecraft:stone_axe":1,"minecraft:birch_planks":31,"minecraft:cooked_beef":46,"minecraft:oak_log":17,"minecraft:stone_sword":1,"minecraft:iron_helmet":1,"minecraft:cobblestone":33,"minecraft:granite":1,"minecraft:cooked_mutton":2,"minecraft:grass_block":2,"minecraft:shield":1,"minecraft:iron_chestplate":1,"minecraft:stone_pickaxe":1,"minecraft:wooden_pickaxe":1,"minecraft:birch_log":27},"minecraft:killed":{"minecraft:sheep":3,"minecraft:zombie":3,"minecraft:cow":1},"minecraft:mined":{"minecraft:spruce_planks":2,"minecraft:crafting_table":5,"minecraft:torch":1,"minecraft:granite":1,"minecraft:blast_furnace":1,"minecraft:grass_block":20,"minecraft:chest":1,"minecraft:cobblestone":17,"minecraft:copper_ore":7,"minecraft:tall_grass":7,"minecraft:spruce_leaves":31,"minecraft:oak_planks":1,"minecraft:sugar_cane":1,"minecraft:diorite":3,"minecraft:wall_torch":2,"minecraft:birch_planks":7,"minecraft:furnace":7,"minecraft:birch_log":39,"minecraft:iron_ore":47,"minecraft:andesite":19,"minecraft:spruce_log":7,"minecraft:birch_leaves":14,"minecraft:grass":9,"minecraft:pointed_dripstone":2,"minecraft:coal_ore":83,"minecraft:oak_log":33,"minecraft:cobblestone_slab":2,"minecraft:flowering_azalea_leaves":1,"minecraft:dirt":66,"minecraft:stone":164,"minecraft:gold_ore":1,"minecraft:oak_leaves":15},"minecraft:broken":{"minecraft:stone_pickaxe":1,"minecraft:wooden_pickaxe":1},"minecraft:custom":{"minecraft:interact_with_furnace":40,"minecraft:mob_kills":7,"minecraft:interact_with_crafting_table":28,"minecraft:leave_game":6,"minecraft:time_since_death":21234,"minecraft:climb_one_cm":2196,"minecraft:time_since_rest":21238,"minecraft:sprint_one_cm":113529,"minecraft:damage_taken":1319,"minecraft:walk_one_cm":149308,"minecraft:damage_blocked_by_shield":770,"minecraft:drop":19,"minecraft:damage_dealt":1085,"minecraft:swim_one_cm":2482,"minecraft:fly_one_cm":112039,"minecraft:open_chest":1,"minecraft:crouch_one_cm":17453,"minecraft:play_time":117885,"minecraft:deaths":2,"minecraft:sneak_time":6929,"minecraft:walk_under_water_one_cm":10635,"minecraft:jump":1274,"minecraft:interact_with_blast_furnace":11,"minecraft:walk_on_water_one_cm":7954,"minecraft:total_world_time":117885,"minecraft:fall_one_cm":38016},"minecraft:crafted":{"minecraft:smooth_stone":3,"minecraft:cobblestone_slab":12,"minecraft:crafting_table":4,"minecraft:spruce_planks":28,"minecraft:iron_helmet":2,"minecraft:wooden_pickaxe":1,"minecraft:furnace":3,"minecraft:blast_furnace":1,"minecraft:stone":3,"minecraft:bucket":1,"minecraft:birch_planks":108,"minecraft:stone_axe":1,"minecraft:air":0,"minecraft:iron_chestplate":1,"minecraft:iron_boots":1,"minecraft:shield":1,"minecraft:stick":40,"minecraft:iron_ingot":30,"minecraft:iron_pickaxe":1,"minecraft:stone_pickaxe":1,"minecraft:stone_sword":1,"minecraft:white_bed":1,"minecraft:iron_leggings":1,"minecraft:torch":40},"minecraft:picked_up":{"minecraft:birch_log":78,"minecraft:iron_chestplate":1,"minecraft:crafting_table":6,"minecraft:cooked_beef":56,"minecraft:andesite":21,"minecraft:leather":4,"minecraft:wooden_pickaxe":1,"minecraft:birch_planks":48,"minecraft:oak_log":50,"minecraft:shield":1,"minecraft:dirt":87,"minecraft:raw_copper":40,"minecraft:cooked_mutton":2,"minecraft:oak_sign":1,"minecraft:wheat_seeds":2,"minecraft:raw_gold":1,"minecraft:spruce_planks":30,"minecraft:stone_pickaxe":1,"minecraft:beef":2,"minecraft:iron_ingot":17,"minecraft:cobblestone_slab":1,"minecraft:moss_block":1,"minecraft:sugar_cane":3,"minecraft:chest":1,"minecraft:birch_sapling":20,"minecraft:oak_planks":1,"minecraft:furnace":8,"minecraft:stick":37,"minecraft:raw_iron":48,"minecraft:birch_boat":2,"minecraft:torch":43,"minecraft:lava_bucket":1,"minecraft:blast_furnace":1,"minecraft:spruce_sapling":2,"minecraft:pointed_dripstone":4,"minecraft:diorite":5,"minecraft:grass_block":2,"minecraft:spruce_log":7,"minecraft:stone_sword":3,"minecraft:stone_axe":1,"minecraft:granite":1,"minecraft:oak_sapling":2,"minecraft:coal":145,"minecraft:mutton":6,"minecraft:white_wool":6,"minecraft:cobblestone":220},"minecraft:used":{"minecraft:moss_block":1,"minecraft:water_bucket":6,"minecraft:diorite":2,"minecraft:stone_sword":17,"minecraft:birch_planks":28,"minecraft:stone_pickaxe":132,"minecraft:shield":4,"minecraft:spruce_planks":2,"minecraft:wooden_pickaxe":60,"minecraft:cobblestone_slab":4,"minecraft:sugar_cane":1,"minecraft:iron_chestplate":2,"minecraft:torch":26,"minecraft:dirt":66,"minecraft:mutton":2,"minecraft:blast_furnace":1,"minecraft:crafting_table":9,"minecraft:white_bed":1,"minecraft:lava_bucket":1,"minecraft:iron_pickaxe":170,"minecraft:iron_boots":1,"minecraft:stone_axe":96,"minecraft:cobblestone":100,"minecraft:furnace":8,"minecraft:andesite":14,"minecraft:bucket":8,"minecraft:cooked_beef":8},"minecraft:killed_by":{"nethertitan:arambulo_verde":1}},"DataVersion":2975}