{"stats":{"minecraft:custom":{"minecraft:time_since_rest":11075,"minecraft:crouch_one_cm":262,"minecraft:play_time":11075,"minecraft:sprint_one_cm":4726,"minecraft:walk_one_cm":11833,"minecraft:sneak_time":96,"minecraft:walk_under_water_one_cm":589,"minecraft:jump":59,"minecraft:leave_game":1,"minecraft:time_since_death":11075,"minecraft:walk_on_water_one_cm":1204,"minecraft:total_world_time":11075,"minecraft:swim_one_cm":1521,"minecraft:interact_with_crafting_table":4,"minecraft:fall_one_cm":896,"minecraft:fly_one_cm":9376},"minecraft:mined":{"minecraft:grass_block":10,"minecraft:coal_ore":8,"minecraft:flowering_azalea_leaves":1,"minecraft:dirt":8,"minecraft:birch_log":7,"minecraft:tall_grass":2,"minecraft:stone":29,"minecraft:birch_leaves":2},"minecraft:used":{"minecraft:moss_block":1,"minecraft:dirt":8,"minecraft:crafting_table":2,"minecraft:wooden_pickaxe":41},"minecraft:picked_up":{"minecraft:birch_log":7,"minecraft:moss_block":1,"minecraft:coal":8,"minecraft:birch_sapling":2,"minecraft:dirt":11,"minecraft:cobblestone":27},"minecraft:crafted":{"minecraft:stone_sword":1,"minecraft:birch_planks":28,"minecraft:stone_axe":1,"minecraft:crafting_table":2,"minecraft:stick":8,"minecraft:stone_pickaxe":1,"minecraft:wooden_pickaxe":1}},"DataVersion":2975}