{"stats":{"minecraft:killed_by":{"nethertitan:arambulo":1,"minecraft:spider":1},"minecraft:custom":{"minecraft:time_since_rest":20779,"minecraft:interact_with_furnace":18,"minecraft:sprint_one_cm":9999,"minecraft:damage_taken":585,"minecraft:walk_one_cm":16835,"minecraft:interact_with_crafting_table":9,"minecraft:fly_one_cm":53830,"minecraft:crouch_one_cm":7319,"minecraft:play_time":22105,"minecraft:deaths":2,"minecraft:sneak_time":3647,"minecraft:jump":59,"minecraft:leave_game":3,"minecraft:time_since_death":20562,"minecraft:climb_one_cm":578,"minecraft:total_world_time":22105,"minecraft:fall_one_cm":2601},"minecraft:mined":{"minecraft:iron_ore":28,"minecraft:andesite":6,"minecraft:crafting_table":2,"minecraft:granite":17,"minecraft:grass":1,"minecraft:oak_log":7,"minecraft:coal_ore":6,"minecraft:flowering_azalea_leaves":3,"minecraft:gravel":4,"minecraft:azalea_leaves":5,"minecraft:stone":161,"minecraft:deepslate":20,"minecraft:diorite":11},"minecraft:used":{"minecraft:bricks":1,"minecraft:stone_pickaxe":131,"minecraft:iron_pickaxe":61,"minecraft:oak_planks":1,"minecraft:wooden_pickaxe":59,"minecraft:crafting_table":3,"minecraft:furnace":1},"minecraft:broken":{"minecraft:stone_pickaxe":1,"minecraft:wooden_pickaxe":1},"minecraft:picked_up":{"minecraft:stick":2,"minecraft:crafting_table":2,"minecraft:raw_iron":28,"minecraft:andesite":6,"minecraft:gravel":3,"minecraft:flint":1,"minecraft:oak_log":7,"minecraft:diorite":11,"minecraft:cobbled_deepslate":20,"minecraft:granite":17,"minecraft:bricks":1,"minecraft:coal":6,"minecraft:cobblestone":161},"minecraft:crafted":{"minecraft:oak_planks":28,"minecraft:crafting_table":1,"minecraft:stick":4,"minecraft:iron_ingot":17,"minecraft:wooden_pickaxe":1,"minecraft:iron_pickaxe":1,"minecraft:stone_pickaxe":1,"minecraft:furnace":1,"minecraft:air":0}},"DataVersion":2975}