{"stats":{"minecraft:killed_by":{"nethertitan:arambulo":1,"minecraft:spider":1},"minecraft:custom":{"minecraft:interact_with_furnace":19,"minecraft:mob_kills":4,"minecraft:interact_with_crafting_table":34,"minecraft:leave_game":3,"minecraft:time_since_death":32562,"minecraft:climb_one_cm":578,"minecraft:time_since_rest":32779,"minecraft:sprint_one_cm":39191,"minecraft:damage_taken":835,"minecraft:walk_one_cm":35100,"minecraft:damage_blocked_by_shield":170,"minecraft:drop":1,"minecraft:damage_dealt":720,"minecraft:fly_one_cm":77992,"minecraft:open_chest":2,"minecraft:crouch_one_cm":10066,"minecraft:play_time":34105,"minecraft:deaths":2,"minecraft:sneak_time":5374,"minecraft:jump":256,"minecraft:walk_on_water_one_cm":25,"minecraft:total_world_time":34105,"minecraft:fall_one_cm":7885},"minecraft:mined":{"minecraft:deepslate_diamond_ore":5,"minecraft:crafting_table":5,"minecraft:granite":17,"minecraft:cobblestone":5,"minecraft:deepslate_gold_ore":1,"minecraft:diorite":11,"minecraft:spawner":1,"minecraft:furnace":1,"minecraft:iron_ore":28,"minecraft:cobbled_deepslate":1,"minecraft:andesite":12,"minecraft:grass":1,"minecraft:coal_ore":6,"minecraft:oak_log":7,"minecraft:flowering_azalea_leaves":3,"minecraft:deepslate_iron_ore":11,"minecraft:gravel":5,"minecraft:azalea_leaves":5,"minecraft:stone":161,"minecraft:deepslate":75},"minecraft:dropped":{"minecraft:flint":1},"minecraft:used":{"minecraft:stone_pickaxe":131,"minecraft:oak_planks":1,"minecraft:wooden_pickaxe":59,"minecraft:shield":7,"minecraft:rotten_flesh":1,"minecraft:crafting_table":5,"minecraft:bricks":1,"minecraft:iron_axe":10,"minecraft:iron_pickaxe":147,"minecraft:gravel":2,"minecraft:cobblestone":16,"minecraft:furnace":1,"minecraft:andesite":11,"minecraft:bucket":1,"minecraft:cooked_beef":4,"minecraft:cobbled_deepslate":4},"minecraft:killed":{"minecraft:spider":2,"minecraft:zombie":2},"minecraft:broken":{"minecraft:stone_pickaxe":1,"minecraft:wooden_pickaxe":1},"minecraft:picked_up":{"minecraft:crafting_table":5,"minecraft:creeper_head":1,"minecraft:andesite":12,"minecraft:flint":1,"minecraft:oak_log":7,"minecraft:string":3,"minecraft:cobbled_deepslate":89,"minecraft:raw_gold":1,"minecraft:furnace":1,"minecraft:stick":2,"minecraft:raw_iron":39,"minecraft:gravel":10,"minecraft:diorite":11,"minecraft:spider_eye":1,"minecraft:rotten_flesh":2,"minecraft:diamond":5,"minecraft:granite":17,"minecraft:coal":8,"minecraft:bricks":1,"minecraft:cobblestone":165},"minecraft:crafted":{"minecraft:oak_planks":28,"minecraft:crafting_table":1,"minecraft:wooden_pickaxe":1,"minecraft:furnace":1,"minecraft:air":0,"minecraft:diamond_helmet":1,"minecraft:iron_chestplate":1,"minecraft:shield":1,"minecraft:iron_axe":1,"minecraft:stick":8,"minecraft:iron_ingot":28,"minecraft:iron_pickaxe":1,"minecraft:stone_pickaxe":1,"minecraft:iron_leggings":1}},"DataVersion":2975}