{"stats":{"minecraft:killed_by":{"nethertitan:arambulo":1,"minecraft:spider":1},"minecraft:custom":{"minecraft:time_since_rest":8779,"minecraft:crouch_one_cm":974,"minecraft:deaths":2,"minecraft:play_time":10105,"minecraft:sprint_one_cm":9634,"minecraft:damage_taken":585,"minecraft:walk_one_cm":8528,"minecraft:sneak_time":679,"minecraft:jump":50,"minecraft:leave_game":3,"minecraft:time_since_death":8562,"minecraft:total_world_time":10105,"minecraft:climb_one_cm":578,"minecraft:interact_with_crafting_table":1,"minecraft:fall_one_cm":2601,"minecraft:fly_one_cm":53798},"minecraft:mined":{"minecraft:grass":1,"minecraft:oak_log":7,"minecraft:flowering_azalea_leaves":3,"minecraft:azalea_leaves":5,"minecraft:stone":14,"minecraft:crafting_table":1},"minecraft:used":{"minecraft:bricks":1,"minecraft:crafting_table":1,"minecraft:oak_planks":1,"minecraft:wooden_pickaxe":14},"minecraft:picked_up":{"minecraft:crafting_table":1,"minecraft:stick":2,"minecraft:oak_log":7,"minecraft:bricks":1,"minecraft:cobblestone":14},"minecraft:crafted":{"minecraft:oak_planks":28,"minecraft:crafting_table":1,"minecraft:wooden_pickaxe":1}},"DataVersion":2975}