{"stats":{"minecraft:killed_by":{"minecraft:skeleton":1},"minecraft:picked_up":{"minecraft:crafting_table":1,"minecraft:birch_planks":5,"minecraft:oak_log":4},"minecraft:mined":{"minecraft:grass":2,"minecraft:oak_log":4,"minecraft:birch_planks":5,"minecraft:powder_snow":4,"minecraft:crafting_table":1},"minecraft:custom":{"minecraft:time_since_rest":6273,"minecraft:crouch_one_cm":1931,"minecraft:sprint_one_cm":40778,"minecraft:play_time":15261,"minecraft:walk_one_cm":25748,"minecraft:damage_taken":629,"minecraft:deaths":2,"minecraft:sneak_time":731,"minecraft:walk_under_water_one_cm":686,"minecraft:jump":184,"minecraft:damage_dealt":31,"minecraft:leave_game":2,"minecraft:time_since_death":6265,"minecraft:walk_on_water_one_cm":560,"minecraft:climb_one_cm":1434,"minecraft:total_world_time":15261,"minecraft:fall_one_cm":6633,"minecraft:swim_one_cm":2358,"minecraft:talked_to_villager":5,"minecraft:fly_one_cm":53230}},"DataVersion":2975}