{"stats":{"minecraft:used":{"minecraft:chainmail_boots":1,"minecraft:stone_pickaxe":1,"minecraft:chainmail_chestplate":1,"minecraft:shulker_box":1,"minecraft:chainmail_helmet":1,"minecraft:chainmail_leggings":1},"minecraft:picked_up":{"minecraft:dirt":1,"minecraft:shulker_box":2},"minecraft:mined":{"minecraft:grass_block":1,"minecraft:shulker_box":1},"minecraft:custom":{"minecraft:time_since_rest":13278,"minecraft:crouch_one_cm":108,"minecraft:play_time":13278,"minecraft:open_shulker_box":3,"minecraft:damage_taken":65,"minecraft:walk_one_cm":19689,"minecraft:sneak_time":143,"minecraft:walk_under_water_one_cm":792,"minecraft:jump":16,"minecraft:leave_game":4,"minecraft:time_since_death":13278,"minecraft:walk_on_water_one_cm":111,"minecraft:total_world_time":13278,"minecraft:swim_one_cm":3434,"minecraft:fall_one_cm":1485,"minecraft:fly_one_cm":830}},"DataVersion":2975}