{"stats":{"minecraft:broken":{"minecraft:iron_helmet":1},"minecraft:killed_by":{"minecraft:creeper":3},"minecraft:used":{"minecraft:moss_carpet":4,"minecraft:iron_axe":3,"minecraft:baked_potato":4,"minecraft:oak_planks":4,"minecraft:iron_helmet":1,"minecraft:iron_boots":1,"minecraft:totem_of_undying":3,"minecraft:iron_chestplate":1,"minecraft:golden_apple":6,"minecraft:dirt":6,"minecraft:end_crystal":8,"minecraft:crafting_table":3,"minecraft:cooked_beef":18,"minecraft:dandelion":1,"minecraft:iron_leggings":1,"minecraft:obsidian":16},"minecraft:custom":{"minecraft:time_since_rest":3295,"minecraft:damage_taken":6180,"minecraft:sprint_one_cm":111242,"minecraft:damage_absorbed":352,"minecraft:walk_one_cm":103268,"minecraft:drop":1,"minecraft:interact_with_crafting_table":3,"minecraft:fly_one_cm":152127,"minecraft:crouch_one_cm":4576,"minecraft:play_time":50892,"minecraft:deaths":11,"minecraft:sneak_time":2214,"minecraft:walk_under_water_one_cm":937,"minecraft:jump":489,"minecraft:leave_game":1,"minecraft:time_since_death":3292,"minecraft:walk_on_water_one_cm":4075,"minecraft:climb_one_cm":760,"minecraft:total_world_time":50892,"minecraft:fall_one_cm":20199},"minecraft:mined":{"minecraft:dandelion":1,"minecraft:moss_carpet":3,"minecraft:crafting_table":1,"minecraft:torch":1,"minecraft:grass":1,"minecraft:grass_block":4,"minecraft:oak_log":3,"minecraft:oak_leaves":1},"minecraft:crafted":{"minecraft:oak_planks":12,"minecraft:iron_axe":1,"minecraft:crafting_table":1,"minecraft:stick":8,"minecraft:iron_pickaxe":1,"minecraft:iron_sword":1},"minecraft:picked_up":{"minecraft:stick":5,"minecraft:crafting_table":2,"minecraft:iron_chestplate":1,"minecraft:cooked_beef":38,"minecraft:torch":1,"minecraft:dandelion":1,"minecraft:oak_log":3,"minecraft:end_crystal":8,"minecraft:dirt":6,"minecraft:moss_carpet":4,"minecraft:iron_leggings":1,"minecraft:wheat_seeds":2,"minecraft:iron_helmet":1,"minecraft:iron_ingot":56,"minecraft:golden_apple":16,"minecraft:totem_of_undying":9,"minecraft:baked_potato":32,"minecraft:obsidian":40,"minecraft:iron_boots":1},"minecraft:dropped":{"minecraft:wheat_seeds":1}},"DataVersion":2975}