{"stats":{"minecraft:broken":{"minecraft:iron_helmet":1,"minecraft:iron_leggings":1,"minecraft:netherite_helmet":1,"minecraft:iron_boots":1},"minecraft:killed_by":{"minecraft:player":1,"minecraft:creeper":3},"minecraft:used":{"minecraft:moss_carpet":4,"minecraft:iron_axe":3,"minecraft:netherite_chestplate":1,"minecraft:baked_potato":17,"minecraft:oak_planks":4,"minecraft:iron_helmet":1,"minecraft:iron_boots":1,"minecraft:totem_of_undying":9,"minecraft:netherite_boots":1,"minecraft:iron_chestplate":1,"minecraft:golden_apple":16,"minecraft:dirt":8,"minecraft:cobblestone":1,"minecraft:netherite_leggings":1,"minecraft:end_crystal":65,"minecraft:crafting_table":3,"minecraft:netherite_helmet":1,"minecraft:cooked_beef":18,"minecraft:dandelion":1,"minecraft:iron_leggings":1,"minecraft:obsidian":40},"minecraft:custom":{"minecraft:time_since_rest":3357,"minecraft:damage_taken":9626,"minecraft:sprint_one_cm":157077,"minecraft:damage_absorbed":948,"minecraft:walk_one_cm":140211,"minecraft:drop":1,"minecraft:damage_dealt":12,"minecraft:damage_dealt_absorbed":21,"minecraft:swim_one_cm":946,"minecraft:interact_with_crafting_table":3,"minecraft:fly_one_cm":183952,"minecraft:crouch_one_cm":4613,"minecraft:play_time":61633,"minecraft:deaths":13,"minecraft:sneak_time":2415,"minecraft:walk_under_water_one_cm":1892,"minecraft:jump":638,"minecraft:leave_game":2,"minecraft:time_since_death":3354,"minecraft:walk_on_water_one_cm":5268,"minecraft:climb_one_cm":760,"minecraft:total_world_time":61633,"minecraft:fall_one_cm":26199},"minecraft:mined":{"minecraft:dandelion":1,"minecraft:moss_carpet":3,"minecraft:crafting_table":1,"minecraft:torch":1,"minecraft:grass":1,"minecraft:grass_block":6,"minecraft:oak_log":3,"minecraft:oak_leaves":1},"minecraft:crafted":{"minecraft:oak_planks":12,"minecraft:iron_axe":1,"minecraft:crafting_table":1,"minecraft:stick":8,"minecraft:iron_pickaxe":1,"minecraft:iron_sword":1},"minecraft:picked_up":{"minecraft:netherite_boots":1,"minecraft:stick":5,"minecraft:crafting_table":2,"minecraft:iron_chestplate":1,"minecraft:cooked_beef":38,"minecraft:torch":1,"minecraft:dandelion":1,"minecraft:oak_log":3,"minecraft:netherite_leggings":1,"minecraft:end_crystal":67,"minecraft:dirt":9,"minecraft:moss_carpet":4,"minecraft:iron_leggings":1,"minecraft:netherite_helmet":1,"minecraft:wheat_seeds":2,"minecraft:iron_helmet":1,"minecraft:iron_ingot":56,"minecraft:golden_apple":16,"minecraft:netherite_chestplate":1,"minecraft:totem_of_undying":9,"minecraft:baked_potato":32,"minecraft:obsidian":40,"minecraft:cobblestone":1,"minecraft:iron_boots":1},"minecraft:dropped":{"minecraft:wheat_seeds":1}},"DataVersion":2975}