{"stats":{"minecraft:broken":{"minecraft:netherite_helmet":1,"minecraft:iron_boots":1,"minecraft:iron_helmet":1,"minecraft:iron_leggings":1,"minecraft:netherite_chestplate":1},"minecraft:killed_by":{"minecraft:player":17,"minecraft:creeper":3},"minecraft:used":{"minecraft:moss_carpet":4,"minecraft:netherite_sword":17,"minecraft:netherite_chestplate":1,"minecraft:baked_potato":25,"minecraft:oak_planks":17,"minecraft:wooden_pickaxe":11,"minecraft:mossy_stone_brick_stairs":2,"minecraft:iron_sword":28,"minecraft:redstone_block":18,"minecraft:iron_chestplate":1,"minecraft:torch":1,"minecraft:golden_apple":18,"minecraft:dirt":9,"minecraft:netherite_leggings":1,"minecraft:crafting_table":4,"minecraft:netherite_helmet":1,"minecraft:obsidian":40,"minecraft:bricks":1,"minecraft:command_block":16,"minecraft:iron_axe":3,"minecraft:grass_block":1,"minecraft:iron_helmet":1,"minecraft:iron_boots":1,"minecraft:totem_of_undying":9,"minecraft:waxed_exposed_cut_copper_slab":1,"minecraft:netherite_boots":1,"minecraft:cobblestone":1,"minecraft:end_crystal":66,"minecraft:cooked_beef":26,"minecraft:dandelion":1,"minecraft:iron_leggings":1},"minecraft:killed":{"minecraft:villager":8},"minecraft:custom":{"minecraft:mob_kills":8,"minecraft:traded_with_villager":65,"minecraft:interact_with_crafting_table":4,"minecraft:leave_game":7,"minecraft:time_since_death":35013,"minecraft:climb_one_cm":760,"minecraft:time_since_rest":35019,"minecraft:sprint_one_cm":263936,"minecraft:walk_one_cm":239711,"minecraft:damage_taken":15537,"minecraft:damage_absorbed":1029,"minecraft:drop":4,"minecraft:damage_dealt":3866,"minecraft:damage_dealt_absorbed":61,"minecraft:swim_one_cm":946,"minecraft:talked_to_villager":14,"minecraft:fly_one_cm":354282,"minecraft:player_kills":14,"minecraft:crouch_one_cm":6757,"minecraft:play_time":135720,"minecraft:deaths":30,"minecraft:sneak_time":4220,"minecraft:walk_under_water_one_cm":1892,"minecraft:jump":1704,"minecraft:walk_on_water_one_cm":5806,"minecraft:total_world_time":135720,"minecraft:fall_one_cm":66691},"minecraft:mined":{"minecraft:dandelion":2,"minecraft:crafting_table":1,"minecraft:torch":1,"minecraft:grass_block":6,"minecraft:bricks":1,"minecraft:moss_carpet":3,"minecraft:grass":2,"minecraft:oak_log":6,"minecraft:flowering_azalea_leaves":2,"minecraft:oak_leaves":1},"minecraft:crafted":{"minecraft:oak_planks":24,"minecraft:emerald":65,"minecraft:crafting_table":2,"minecraft:wooden_pickaxe":1,"minecraft:iron_sword":1,"minecraft:air":0,"minecraft:iron_axe":1,"minecraft:stick":12,"minecraft:iron_pickaxe":1},"minecraft:picked_up":{"minecraft:iron_chestplate":1,"minecraft:netherite_boots":1,"minecraft:crafting_table":2,"minecraft:cooked_beef":38,"minecraft:wooden_pickaxe":1,"minecraft:oak_log":6,"minecraft:netherite_leggings":1,"minecraft:dirt":9,"minecraft:moss_carpet":4,"minecraft:iron_leggings":1,"minecraft:wheat_seeds":2,"minecraft:iron_ingot":56,"minecraft:flowering_azalea":1,"minecraft:iron_boots":1,"minecraft:stick":5,"minecraft:torch":1,"minecraft:dandelion":3,"minecraft:end_crystal":67,"minecraft:netherite_helmet":1,"minecraft:iron_helmet":1,"minecraft:golden_apple":20,"minecraft:totem_of_undying":9,"minecraft:baked_potato":32,"minecraft:netherite_chestplate":1,"minecraft:obsidian":40,"minecraft:bricks":1,"minecraft:cobblestone":1},"minecraft:dropped":{"minecraft:wheat_seeds":1,"minecraft:command_block":1,"minecraft:wooden_pickaxe":1,"minecraft:dandelion":1}},"DataVersion":2975}