{"stats":{"minecraft:crafted":{"minecraft:birch_planks":12,"minecraft:stone_axe":1,"minecraft:crafting_table":1,"minecraft:stick":8,"minecraft:wooden_pickaxe":1,"minecraft:stone_pickaxe":1},"minecraft:picked_up":{"minecraft:birch_log":3,"minecraft:crafting_table":1,"minecraft:dirt":21,"minecraft:cobblestone":23},"minecraft:dropped":{"minecraft:wooden_pickaxe":1},"minecraft:used":{"minecraft:stone_axe":1,"minecraft:dirt":21,"minecraft:crafting_table":1,"minecraft:wooden_pickaxe":23,"minecraft:cooked_beef":1},"minecraft:mined":{"minecraft:grass":7,"minecraft:grass_block":15,"minecraft:dirt":6,"minecraft:birch_log":3,"minecraft:stone":23,"minecraft:crafting_table":1},"minecraft:custom":{"minecraft:time_since_rest":21161,"minecraft:crouch_one_cm":2029,"minecraft:play_time":21161,"minecraft:sprint_one_cm":22896,"minecraft:damage_taken":30,"minecraft:walk_one_cm":22248,"minecraft:sneak_time":3035,"minecraft:walk_under_water_one_cm":1181,"minecraft:drop":1,"minecraft:jump":162,"minecraft:damage_dealt":10,"minecraft:leave_game":3,"minecraft:time_since_death":21161,"minecraft:walk_on_water_one_cm":407,"minecraft:total_world_time":21161,"minecraft:climb_one_cm":602,"minecraft:swim_one_cm":2009,"minecraft:interact_with_crafting_table":2,"minecraft:fly_one_cm":15934,"minecraft:talked_to_villager":2,"minecraft:fall_one_cm":3058}},"DataVersion":2975}