{"stats":{"minecraft:crafted":{"minecraft:birch_planks":12,"minecraft:stone_axe":1,"minecraft:crafting_table":1,"minecraft:stick":8,"minecraft:stone_pickaxe":1,"minecraft:wooden_pickaxe":1},"minecraft:picked_up":{"minecraft:birch_log":3,"minecraft:crafting_table":1,"minecraft:dirt":21,"minecraft:cobblestone":23},"minecraft:dropped":{"minecraft:wooden_pickaxe":1},"minecraft:used":{"minecraft:stone_axe":1,"minecraft:dirt":21,"minecraft:crafting_table":1,"minecraft:wooden_pickaxe":23,"minecraft:cooked_beef":1},"minecraft:mined":{"minecraft:grass":5,"minecraft:grass_block":15,"minecraft:dirt":6,"minecraft:birch_log":3,"minecraft:stone":23,"minecraft:crafting_table":1},"minecraft:custom":{"minecraft:time_since_rest":15324,"minecraft:crouch_one_cm":2029,"minecraft:play_time":15324,"minecraft:sprint_one_cm":20396,"minecraft:damage_taken":30,"minecraft:walk_one_cm":14780,"minecraft:sneak_time":3035,"minecraft:walk_under_water_one_cm":1181,"minecraft:drop":1,"minecraft:jump":128,"minecraft:damage_dealt":10,"minecraft:leave_game":1,"minecraft:time_since_death":15324,"minecraft:walk_on_water_one_cm":407,"minecraft:total_world_time":15324,"minecraft:climb_one_cm":602,"minecraft:interact_with_crafting_table":2,"minecraft:swim_one_cm":2009,"minecraft:talked_to_villager":2,"minecraft:fall_one_cm":3058,"minecraft:fly_one_cm":12921}},"DataVersion":2975}