{"stats":{"minecraft:used":{"minecraft:stone_sword":17,"minecraft:stone_pickaxe":70,"minecraft:shield":4,"minecraft:stone_axe":38,"minecraft:cooked_porkchop":5,"minecraft:shulker_box":1},"minecraft:picked_up":{"minecraft:stick":1,"minecraft:raw_iron":20,"minecraft:leather":2,"minecraft:sand":29,"nethertitan:arambulo_pata_3":3,"minecraft:oak_log":11,"minecraft:shulker_box":2,"minecraft:arrow":4,"minecraft:bone":4,"minecraft:rotten_flesh":1,"minecraft:bow":1,"minecraft:stone_axe":1,"minecraft:beef":3,"minecraft:gray_wool":1,"minecraft:mutton":6,"minecraft:coal":25,"minecraft:white_wool":3,"minecraft:cobblestone":22},"minecraft:crafted":{"minecraft:oak_planks":44},"minecraft:mined":{"minecraft:iron_ore":20,"minecraft:shulker_box":1,"minecraft:grass":1,"minecraft:coal_ore":25,"minecraft:oak_log":11,"minecraft:sand":29,"minecraft:stone":24},"minecraft:dropped":{"minecraft:stone_axe":1},"minecraft:custom":{"minecraft:time_since_rest":19806,"minecraft:sprint_one_cm":53852,"minecraft:damage_taken":455,"minecraft:walk_one_cm":52660,"minecraft:damage_blocked_by_shield":155,"minecraft:mob_kills":16,"minecraft:drop":1,"minecraft:damage_dealt":2531,"minecraft:swim_one_cm":14864,"minecraft:talked_to_villager":6,"minecraft:fly_one_cm":56171,"minecraft:crouch_one_cm":620,"minecraft:play_time":19806,"minecraft:open_shulker_box":1,"minecraft:sneak_time":177,"minecraft:walk_under_water_one_cm":2578,"minecraft:jump":375,"minecraft:leave_game":3,"minecraft:walk_on_water_one_cm":2926,"minecraft:time_since_death":19806,"minecraft:climb_one_cm":752,"minecraft:total_world_time":19806,"minecraft:fall_one_cm":13971},"minecraft:killed":{"minecraft:skeleton":4,"minecraft:sheep":4,"minecraft:zombie":3,"minecraft:bat":1,"minecraft:creeper":1,"nethertitan:arambulo_morado":1,"minecraft:cow":2}},"DataVersion":2975}