{"stats":{"minecraft:custom":{"minecraft:jump":91,"minecraft:time_since_rest":6130,"minecraft:crouch_one_cm":487,"minecraft:sprint_one_cm":12871,"minecraft:play_time":6130,"minecraft:damage_taken":60,"minecraft:time_since_death":6130,"minecraft:walk_one_cm":6473,"minecraft:sneak_time":74,"minecraft:total_world_time":6130,"minecraft:drop":1,"minecraft:fall_one_cm":1910,"minecraft:fly_one_cm":16026},"minecraft:mined":{"minecraft:grass":1,"minecraft:grass_block":2,"minecraft:birch_leaves":2,"minecraft:oak_leaves":3,"minecraft:dirt":4},"minecraft:dropped":{"minecraft:wheat_seeds":1},"minecraft:used":{"minecraft:dirt":4},"minecraft:picked_up":{"minecraft:wheat_seeds":1,"minecraft:dirt":6}},"DataVersion":2975}