{"stats":{"minecraft:custom":{"minecraft:time_since_rest":23018,"minecraft:sprint_one_cm":63921,"minecraft:damage_taken":170,"minecraft:walk_one_cm":33062,"minecraft:mob_kills":2,"minecraft:drop":4,"minecraft:damage_dealt":240,"minecraft:interact_with_crafting_table":2,"minecraft:swim_one_cm":4107,"minecraft:fly_one_cm":85593,"minecraft:crouch_one_cm":5880,"minecraft:play_time":23018,"minecraft:sneak_time":2112,"minecraft:walk_under_water_one_cm":726,"minecraft:jump":564,"minecraft:leave_game":1,"minecraft:walk_on_water_one_cm":156,"minecraft:time_since_death":23018,"minecraft:total_world_time":23018,"minecraft:fall_one_cm":16708},"minecraft:mined":{"minecraft:birch_leaves":2,"minecraft:andesite":5,"minecraft:crafting_table":2,"minecraft:granite":8,"minecraft:grass":4,"minecraft:oak_log":6,"minecraft:grass_block":3,"minecraft:coal_ore":2,"minecraft:dirt":6,"minecraft:stone":74,"minecraft:oak_leaves":4,"minecraft:deepslate":17},"minecraft:dropped":{"minecraft:wheat_seeds":1,"minecraft:cooked_beef":15,"minecraft:cobblestone":17,"minecraft:oak_planks":7},"minecraft:used":{"minecraft:wooden_axe":1,"minecraft:birch_planks":1,"minecraft:stone_pickaxe":100,"minecraft:wooden_pickaxe":6,"minecraft:stone_axe":5,"minecraft:dirt":9,"minecraft:cobblestone":39,"minecraft:crafting_table":2,"minecraft:andesite":5,"minecraft:cooked_beef":4,"minecraft:cobbled_deepslate":6,"minecraft:granite":8},"minecraft:killed":{"minecraft:zombie":1,"minecraft:chicken":1},"minecraft:picked_up":{"minecraft:crafting_table":2,"minecraft:chicken":1,"minecraft:andesite":5,"minecraft:birch_planks":1,"minecraft:oak_log":6,"minecraft:dirt":9,"minecraft:rotten_flesh":2,"minecraft:wheat_seeds":1,"minecraft:cobbled_deepslate":17,"minecraft:granite":8,"minecraft:cobblestone":73},"minecraft:crafted":{"minecraft:oak_planks":24,"minecraft:stick":8,"minecraft:wooden_pickaxe":1,"minecraft:stone_pickaxe":1,"minecraft:wooden_axe":1,"minecraft:stone_axe":1}},"DataVersion":2975}