{"stats":{"minecraft:dropped":{"minecraft:iron_ingot":4,"minecraft:wheat_seeds":1,"minecraft:cooked_beef":15,"minecraft:cobblestone":17,"minecraft:oak_planks":7,"minecraft:dirt":17,"minecraft:andesite":11,"minecraft:wooden_axe":2,"minecraft:wooden_pickaxe":2},"minecraft:killed":{"minecraft:pig":1,"minecraft:iron_golem":1,"minecraft:creeper":4,"minecraft:skeleton":3,"nethertitan:arambulo_verde":1,"minecraft:zombie":8,"minecraft:chicken":2,"nethertitan:arambulo":2,"nethertitan:arambulo_morado":1,"minecraft:cow":3},"minecraft:mined":{"minecraft:white_bed":2,"minecraft:deepslate_diamond_ore":3,"minecraft:crafting_table":2,"minecraft:torch":1,"minecraft:granite":46,"minecraft:blast_furnace":1,"minecraft:grass_block":15,"minecraft:lectern":1,"minecraft:cobblestone":21,"minecraft:oak_planks":14,"minecraft:diorite":2,"minecraft:hay_block":6,"minecraft:iron_ore":31,"minecraft:fire":2,"minecraft:wheat":1,"minecraft:stripped_oak_wood":1,"minecraft:andesite":18,"minecraft:birch_leaves":2,"minecraft:yellow_bed":5,"minecraft:grass":8,"minecraft:bookshelf":4,"minecraft:coal_ore":2,"minecraft:oak_log":67,"minecraft:dirt_path":18,"minecraft:gravel":2,"minecraft:dirt":68,"minecraft:stone":154,"minecraft:oak_leaves":12,"minecraft:deepslate":18},"minecraft:broken":{"minecraft:stone_pickaxe":1,"minecraft:stone_axe":1},"minecraft:custom":{"minecraft:interact_with_furnace":6,"minecraft:mob_kills":27,"minecraft:interact_with_cartography_table":1,"minecraft:interact_with_crafting_table":17,"minecraft:leave_game":2,"minecraft:time_since_death":75801,"minecraft:sleep_in_bed":1,"minecraft:climb_one_cm":29,"minecraft:time_since_rest":7946,"minecraft:sprint_one_cm":194787,"minecraft:damage_taken":1263,"minecraft:walk_one_cm":138711,"minecraft:drop":11,"minecraft:damage_dealt":6146,"minecraft:swim_one_cm":35947,"minecraft:fly_one_cm":288445,"minecraft:open_chest":20,"minecraft:crouch_one_cm":18562,"minecraft:play_time":75801,"minecraft:sneak_time":6927,"minecraft:walk_under_water_one_cm":30853,"minecraft:jump":1537,"minecraft:walk_on_water_one_cm":21967,"minecraft:total_world_time":75801,"minecraft:fall_one_cm":38426},"minecraft:crafted":{"minecraft:oak_planks":252,"minecraft:stone_shovel":1,"minecraft:crafting_table":2,"minecraft:wooden_pickaxe":1,"minecraft:furnace":1,"minecraft:stone_axe":3,"minecraft:bread":18,"minecraft:stick":40,"minecraft:iron_pickaxe":1,"minecraft:stone_pickaxe":3,"minecraft:wooden_axe":1,"minecraft:chest":2,"minecraft:wheat":54},"minecraft:picked_up":{"minecraft:wooden_axe":2,"minecraft:crafting_table":3,"nethertitan:arambulo_pata_2":3,"minecraft:feather":1,"minecraft:cooked_beef":9,"minecraft:chicken":2,"minecraft:creeper_head":1,"minecraft:water_bucket":1,"minecraft:andesite":19,"minecraft:leather":6,"minecraft:wooden_pickaxe":1,"minecraft:birch_planks":1,"minecraft:flint":2,"nethertitan:arambulo_pata_3":2,"minecraft:oak_log":64,"minecraft:brewing_stand":1,"minecraft:yellow_bed":5,"minecraft:gunpowder":5,"minecraft:wooden_hoe":1,"minecraft:dirt":131,"minecraft:flint_and_steel":1,"minecraft:bone":4,"minecraft:apple":2,"minecraft:wheat_seeds":7,"minecraft:cobbled_deepslate":17,"minecraft:stone_pickaxe":1,"minecraft:iron_ingot":8,"minecraft:beef":5,"minecraft:stripped_oak_wood":1,"minecraft:iron_pickaxe":1,"minecraft:lectern":1,"minecraft:oak_planks":27,"minecraft:book":12,"minecraft:golden_helmet":1,"minecraft:raw_iron":33,"minecraft:stick":1,"minecraft:torch":5,"minecraft:porkchop":3,"minecraft:diorite":2,"minecraft:ink_sac":3,"minecraft:blast_furnace":1,"minecraft:white_bed":2,"minecraft:carrot":4,"minecraft:stone_shovel":1,"minecraft:stone_sword":1,"nethertitan:arambulo_pata":5,"minecraft:arrow":3,"minecraft:rotten_flesh":11,"minecraft:diamond":3,"minecraft:stone_axe":1,"minecraft:writable_book":1,"minecraft:hay_block":6,"minecraft:granite":46,"minecraft:gold_ingot":38,"minecraft:bread":15,"minecraft:oak_sapling":2,"minecraft:white_wool":2,"minecraft:cobblestone":192},"minecraft:used":{"minecraft:birch_planks":1,"minecraft:stone_shovel":83,"minecraft:stone_pickaxe":240,"minecraft:oak_planks":157,"minecraft:chest":2,"minecraft:wooden_pickaxe":6,"minecraft:torch":2,"minecraft:dirt":91,"minecraft:crafting_table":4,"minecraft:carrot":1,"minecraft:white_bed":2,"minecraft:granite":35,"minecraft:oak_log":1,"minecraft:wooden_axe":1,"minecraft:bread":1,"minecraft:iron_pickaxe":57,"minecraft:stone_axe":160,"minecraft:cobblestone":110,"minecraft:furnace":1,"minecraft:andesite":8,"minecraft:yellow_bed":5,"minecraft:cooked_beef":18,"minecraft:cobbled_deepslate":17}},"DataVersion":2975}