{"stats":{"minecraft:custom":{"minecraft:time_since_rest":18130,"minecraft:sprint_one_cm":27474,"minecraft:damage_taken":110,"minecraft:walk_one_cm":24780,"minecraft:drop":1,"minecraft:interact_with_crafting_table":2,"minecraft:swim_one_cm":4107,"minecraft:fly_one_cm":38180,"minecraft:crouch_one_cm":4692,"minecraft:play_time":18130,"minecraft:sneak_time":1876,"minecraft:walk_under_water_one_cm":726,"minecraft:jump":343,"minecraft:walk_on_water_one_cm":156,"minecraft:time_since_death":18130,"minecraft:total_world_time":18130,"minecraft:fall_one_cm":9492},"minecraft:mined":{"minecraft:birch_leaves":2,"minecraft:andesite":5,"minecraft:crafting_table":2,"minecraft:granite":8,"minecraft:grass":4,"minecraft:oak_log":6,"minecraft:grass_block":3,"minecraft:coal_ore":2,"minecraft:dirt":6,"minecraft:stone":74,"minecraft:oak_leaves":3,"minecraft:deepslate":17},"minecraft:dropped":{"minecraft:wheat_seeds":1},"minecraft:used":{"minecraft:wooden_axe":1,"minecraft:birch_planks":1,"minecraft:stone_pickaxe":100,"minecraft:wooden_pickaxe":6,"minecraft:stone_axe":1,"minecraft:dirt":9,"minecraft:cobblestone":30,"minecraft:crafting_table":1,"minecraft:andesite":5,"minecraft:cooked_beef":2,"minecraft:granite":8},"minecraft:picked_up":{"minecraft:crafting_table":2,"minecraft:andesite":5,"minecraft:birch_planks":1,"minecraft:oak_log":6,"minecraft:dirt":9,"minecraft:wheat_seeds":1,"minecraft:cobbled_deepslate":17,"minecraft:granite":8,"minecraft:cobblestone":73},"minecraft:crafted":{"minecraft:oak_planks":24,"minecraft:stick":8,"minecraft:wooden_pickaxe":1,"minecraft:stone_pickaxe":1,"minecraft:wooden_axe":1,"minecraft:stone_axe":1}},"DataVersion":2975}