{"stats":{"minecraft:custom":{"minecraft:time_since_rest":8601,"minecraft:interact_with_furnace":1,"minecraft:sprint_one_cm":27317,"minecraft:damage_taken":60,"minecraft:walk_one_cm":8189,"minecraft:mob_kills":2,"minecraft:drop":2,"minecraft:damage_dealt":190,"minecraft:interact_with_crafting_table":3,"minecraft:swim_one_cm":11542,"minecraft:fly_one_cm":25641,"minecraft:crouch_one_cm":3779,"minecraft:play_time":8601,"minecraft:sneak_time":2008,"minecraft:walk_under_water_one_cm":1298,"minecraft:jump":148,"minecraft:leave_game":2,"minecraft:walk_on_water_one_cm":474,"minecraft:time_since_death":8601,"minecraft:total_world_time":8601,"minecraft:fall_one_cm":3630},"minecraft:mined":{"minecraft:birch_log":17,"minecraft:birch_leaves":2,"minecraft:grass":2,"minecraft:coal_ore":2,"minecraft:grass_block":1,"minecraft:oak_log":6,"minecraft:dirt":4,"minecraft:tall_grass":4,"minecraft:azalea_leaves":4,"minecraft:stone":15,"minecraft:sugar_cane":1,"minecraft:oak_leaves":1},"minecraft:used":{"minecraft:wooden_pickaxe":17,"minecraft:dirt":1,"minecraft:crafting_table":1,"minecraft:furnace":1},"minecraft:dropped":{"minecraft:moss_block":1,"minecraft:wheat_seeds":1},"minecraft:killed":{"minecraft:pig":2},"minecraft:picked_up":{"minecraft:birch_log":17,"minecraft:porkchop":5,"minecraft:oak_log":6,"minecraft:dirt":5,"minecraft:wheat_seeds":1,"minecraft:moss_block":1,"minecraft:sugar_cane":3,"minecraft:coal":2,"minecraft:cobblestone":15},"minecraft:crafted":{"minecraft:oak_planks":24,"minecraft:crafting_table":1,"minecraft:stick":16,"minecraft:wooden_pickaxe":1,"minecraft:stone_pickaxe":1,"minecraft:furnace":1}},"DataVersion":2975}