{"stats":{"minecraft:dropped":{"minecraft:iron_ingot":49,"minecraft:moss_block":1,"minecraft:wheat_seeds":1,"minecraft:cooked_beef":38,"minecraft:oak_log":12,"minecraft:crafting_table":1,"minecraft:cooked_porkchop":3,"minecraft:cobblestone":100,"minecraft:book":12,"minecraft:coal":1,"minecraft:stick":17,"minecraft:torch":1,"minecraft:iron_axe":1,"minecraft:iron_pickaxe":1,"nethertitan:arambulo_pata":5,"minecraft:bricks":1,"minecraft:stone_sword":2,"minecraft:cobbled_deepslate":64,"minecraft:rotten_flesh":3,"minecraft:oak_planks":106,"minecraft:iron_boots":1,"minecraft:totem_of_undying":1,"minecraft:carrot":128,"nethertitan:arambulo_pata_3":5,"minecraft:hay_block":17,"minecraft:diamond_pickaxe":2,"nethertitan:arambulo_pata_2":3,"minecraft:lectern":1},"minecraft:killed":{"minecraft:spider":1,"minecraft:skeleton":3,"minecraft:drowned":1,"minecraft:husk":2,"minecraft:pig":5,"minecraft:salmon":1,"minecraft:bat":1,"minecraft:creeper":2,"minecraft:sheep":8,"minecraft:zombie":6,"nethertitan:arambulo_morado":3,"minecraft:cow":3},"minecraft:broken":{"minecraft:iron_chestplate":1,"minecraft:iron_leggings":1,"minecraft:stone_pickaxe":2,"minecraft:shield":1,"minecraft:iron_pickaxe":3},"minecraft:mined":{"minecraft:tuff":26,"minecraft:deepslate_diamond_ore":22,"minecraft:glow_lichen":1,"minecraft:granite":6,"minecraft:grass_block":6,"minecraft:furnace":13,"minecraft:cobbled_deepslate":46,"minecraft:iron_ore":39,"minecraft:fire":1,"minecraft:andesite":6,"minecraft:pumpkin":1,"minecraft:deepslate_lapis_ore":6,"minecraft:deepslate_iron_ore":34,"minecraft:azalea_leaves":5,"minecraft:stone":273,"minecraft:crafting_table":4,"minecraft:torch":1,"minecraft:chest":1,"minecraft:tall_grass":4,"minecraft:cobblestone":8,"minecraft:lapis_ore":5,"minecraft:deepslate_gold_ore":2,"minecraft:sugar_cane":7,"minecraft:bricks":3,"minecraft:diorite":5,"minecraft:wall_torch":5,"minecraft:seagrass":1,"minecraft:birch_planks":2,"minecraft:birch_log":24,"minecraft:birch_leaves":2,"minecraft:grass":8,"minecraft:oak_log":12,"minecraft:coal_ore":55,"minecraft:gravel":18,"minecraft:dirt":16,"minecraft:oak_leaves":9,"minecraft:deepslate":624},"minecraft:custom":{"minecraft:mob_kills":37,"minecraft:interact_with_crafting_table":21,"minecraft:leave_game":9,"minecraft:time_since_death":1208,"minecraft:climb_one_cm":1792,"minecraft:sprint_one_cm":774465,"minecraft:walk_one_cm":350107,"minecraft:damage_blocked_by_shield":3285,"minecraft:drop":39,"minecraft:play_time":276315,"minecraft:deaths":25,"minecraft:sneak_time":46018,"minecraft:walk_under_water_one_cm":32627,"minecraft:jump":4389,"minecraft:walk_on_water_one_cm":64334,"minecraft:total_world_time":276315,"minecraft:interact_with_furnace":50,"minecraft:time_since_rest":1213,"minecraft:damage_taken":12290,"minecraft:damage_dealt":6074,"minecraft:swim_one_cm":195504,"minecraft:fly_one_cm":1222301,"minecraft:open_chest":23,"minecraft:crouch_one_cm":112896,"minecraft:fall_one_cm":137466},"minecraft:crafted":{"minecraft:oak_planks":80,"minecraft:furnace":5,"minecraft:iron_boots":1,"minecraft:iron_axe":1,"minecraft:stone_pickaxe":2,"minecraft:chest":3,"minecraft:diamond_boots":1,"minecraft:crafting_table":3,"minecraft:wooden_pickaxe":1,"minecraft:bucket":1,"minecraft:birch_planks":28,"minecraft:stone_axe":1,"minecraft:air":0,"minecraft:diamond_pickaxe":1,"minecraft:shield":2,"minecraft:stick":24,"minecraft:iron_ingot":38,"minecraft:iron_pickaxe":3},"minecraft:picked_up":{"minecraft:crafting_table":6,"minecraft:iron_chestplate":5,"nethertitan:arambulo_pata_2":3,"minecraft:creeper_head":5,"nethertitan:arambulo_pata_3":17,"minecraft:shield":2,"minecraft:string":2,"minecraft:iron_axe":4,"minecraft:iron_leggings":5,"minecraft:cobbled_deepslate":1542,"minecraft:beef":17,"minecraft:iron_pickaxe":6,"minecraft:lectern":2,"minecraft:sugar_cane":22,"minecraft:chest":1,"minecraft:birch_sapling":1,"minecraft:iron_boots":2,"minecraft:furnace":13,"minecraft:stick":32,"minecraft:raw_iron":98,"minecraft:torch":72,"minecraft:porkchop":8,"minecraft:diorite":5,"minecraft:carrot":128,"minecraft:end_crystal":67,"minecraft:stone_sword":2,"nethertitan:arambulo_pata":5,"minecraft:arrow":7,"minecraft:rotten_flesh":19,"minecraft:diamond_boots":2,"minecraft:hay_block":34,"minecraft:totem_of_undying":1,"minecraft:gold_ingot":6,"minecraft:obsidian":68,"minecraft:mutton":11,"minecraft:white_wool":8,"minecraft:cobblestone":595,"minecraft:birch_log":24,"minecraft:cooked_beef":264,"minecraft:andesite":6,"minecraft:salmon":2,"minecraft:leather":15,"minecraft:dark_oak_boat":1,"minecraft:birch_planks":2,"minecraft:tuff":32,"minecraft:oak_log":48,"minecraft:gunpowder":11,"minecraft:lapis_lazuli":73,"minecraft:dirt":19,"minecraft:bone":5,"minecraft:wheat_seeds":2,"minecraft:raw_gold":2,"minecraft:iron_ingot":38,"minecraft:moss_block":1,"minecraft:iron_sword":4,"minecraft:oak_planks":76,"minecraft:book":12,"minecraft:cooked_porkchop":17,"minecraft:pumpkin":1,"minecraft:gravel":24,"minecraft:diamond":25,"minecraft:granite":6,"minecraft:golden_apple":5,"minecraft:coal":187,"minecraft:bricks":3,"minecraft:diamond_pickaxe":2},"minecraft:used":{"minecraft:chest":4,"minecraft:shield":30,"minecraft:iron_sword":87,"minecraft:rotten_flesh":2,"minecraft:torch":5,"minecraft:dirt":1,"minecraft:tuff":4,"minecraft:obsidian":12,"minecraft:bricks":2,"minecraft:iron_axe":20,"minecraft:birch_sapling":1,"minecraft:furnace":17,"minecraft:cooked_beef":62,"minecraft:cobbled_deepslate":353,"minecraft:pumpkin":1,"minecraft:birch_planks":10,"minecraft:stone_pickaxe":262,"minecraft:oak_planks":1,"minecraft:wooden_pickaxe":20,"minecraft:crafting_table":6,"minecraft:iron_pickaxe":927,"minecraft:stone_axe":15,"minecraft:cobblestone":157,"minecraft:end_crystal":26,"minecraft:porkchop":3,"minecraft:cooked_porkchop":7,"minecraft:andesite":6,"minecraft:bucket":1},"minecraft:killed_by":{"minecraft:creeper":12,"nethertitan:arambulo":1,"nethertitan:arambulo_verde":1,"nethertitan:arambulo_morado":1}},"DataVersion":2975}