{"stats":{"minecraft:custom":{"minecraft:time_since_rest":17970,"minecraft:interact_with_furnace":5,"minecraft:sprint_one_cm":28807,"minecraft:damage_taken":60,"minecraft:walk_one_cm":11628,"minecraft:mob_kills":2,"minecraft:drop":2,"minecraft:damage_dealt":190,"minecraft:swim_one_cm":11542,"minecraft:interact_with_crafting_table":5,"minecraft:fly_one_cm":25709,"minecraft:crouch_one_cm":14316,"minecraft:play_time":17970,"minecraft:sneak_time":7117,"minecraft:walk_under_water_one_cm":1298,"minecraft:jump":176,"minecraft:leave_game":4,"minecraft:walk_on_water_one_cm":474,"minecraft:time_since_death":17970,"minecraft:total_world_time":17970,"minecraft:fall_one_cm":3630},"minecraft:mined":{"minecraft:furnace":2,"minecraft:iron_ore":11,"minecraft:birch_log":17,"minecraft:birch_leaves":2,"minecraft:crafting_table":1,"minecraft:grass":2,"minecraft:oak_log":6,"minecraft:grass_block":1,"minecraft:coal_ore":53,"minecraft:dirt":4,"minecraft:tall_grass":4,"minecraft:azalea_leaves":4,"minecraft:stone":123,"minecraft:sugar_cane":1,"minecraft:diorite":2,"minecraft:oak_leaves":1},"minecraft:used":{"minecraft:stone_pickaxe":171,"minecraft:oak_planks":1,"minecraft:wooden_pickaxe":20,"minecraft:stone_axe":1,"minecraft:dirt":1,"minecraft:crafting_table":1,"minecraft:furnace":2,"minecraft:cooked_porkchop":2},"minecraft:dropped":{"minecraft:moss_block":1,"minecraft:wheat_seeds":1},"minecraft:killed":{"minecraft:pig":2},"minecraft:broken":{"minecraft:stone_pickaxe":1},"minecraft:picked_up":{"minecraft:birch_log":17,"minecraft:crafting_table":1,"minecraft:raw_iron":11,"minecraft:cooked_porkchop":5,"minecraft:porkchop":5,"minecraft:oak_log":6,"minecraft:diorite":2,"minecraft:dirt":5,"minecraft:wheat_seeds":1,"minecraft:iron_ingot":3,"minecraft:moss_block":1,"minecraft:sugar_cane":3,"minecraft:coal":105,"minecraft:cobblestone":122,"minecraft:furnace":2},"minecraft:crafted":{"minecraft:oak_planks":24,"minecraft:shield":1,"minecraft:crafting_table":1,"minecraft:stick":16,"minecraft:iron_ingot":2,"minecraft:wooden_pickaxe":1,"minecraft:stone_pickaxe":2,"minecraft:furnace":1,"minecraft:stone_axe":1,"minecraft:air":0}},"DataVersion":2975}