{"stats":{"minecraft:custom":{"minecraft:time_since_rest":41970,"minecraft:interact_with_furnace":25,"minecraft:sprint_one_cm":94065,"minecraft:damage_taken":195,"minecraft:walk_one_cm":26200,"minecraft:mob_kills":3,"minecraft:drop":2,"minecraft:damage_dealt":289,"minecraft:swim_one_cm":49687,"minecraft:interact_with_crafting_table":7,"minecraft:fly_one_cm":67031,"minecraft:crouch_one_cm":20449,"minecraft:play_time":41970,"minecraft:sneak_time":10506,"minecraft:walk_under_water_one_cm":6755,"minecraft:jump":508,"minecraft:leave_game":4,"minecraft:walk_on_water_one_cm":18066,"minecraft:time_since_death":41970,"minecraft:total_world_time":41970,"minecraft:fall_one_cm":8365},"minecraft:mined":{"minecraft:furnace":12,"minecraft:iron_ore":37,"minecraft:birch_log":17,"minecraft:andesite":6,"minecraft:birch_leaves":2,"minecraft:crafting_table":3,"minecraft:granite":6,"minecraft:grass":3,"minecraft:oak_log":10,"minecraft:grass_block":3,"minecraft:coal_ore":53,"minecraft:dirt":8,"minecraft:tall_grass":4,"minecraft:cobblestone":6,"minecraft:azalea_leaves":4,"minecraft:stone":171,"minecraft:sugar_cane":7,"minecraft:diorite":5,"minecraft:oak_leaves":4},"minecraft:used":{"minecraft:stone_pickaxe":262,"minecraft:iron_pickaxe":19,"minecraft:oak_planks":1,"minecraft:wooden_pickaxe":20,"minecraft:stone_axe":13,"minecraft:dirt":1,"minecraft:cobblestone":78,"minecraft:crafting_table":3,"minecraft:furnace":12,"minecraft:cooked_porkchop":4,"minecraft:andesite":6},"minecraft:dropped":{"minecraft:moss_block":1,"minecraft:wheat_seeds":1},"minecraft:killed":{"minecraft:sheep":1,"minecraft:pig":2},"minecraft:broken":{"minecraft:stone_pickaxe":2},"minecraft:picked_up":{"minecraft:birch_log":17,"minecraft:crafting_table":3,"minecraft:raw_iron":37,"minecraft:cooked_porkchop":5,"minecraft:andesite":6,"minecraft:porkchop":5,"minecraft:oak_log":10,"minecraft:diorite":5,"minecraft:dirt":11,"minecraft:wheat_seeds":1,"minecraft:granite":6,"minecraft:iron_ingot":33,"minecraft:moss_block":1,"minecraft:sugar_cane":10,"minecraft:mutton":1,"minecraft:coal":184,"minecraft:white_wool":1,"minecraft:cobblestone":177,"minecraft:furnace":12},"minecraft:crafted":{"minecraft:oak_planks":24,"minecraft:shield":1,"minecraft:crafting_table":1,"minecraft:stick":16,"minecraft:iron_pickaxe":2,"minecraft:iron_ingot":2,"minecraft:wooden_pickaxe":1,"minecraft:stone_pickaxe":2,"minecraft:furnace":5,"minecraft:stone_axe":1,"minecraft:air":0}},"DataVersion":2975}