{"stats":{"minecraft:custom":{"minecraft:time_since_rest":29970,"minecraft:interact_with_furnace":25,"minecraft:sprint_one_cm":41173,"minecraft:damage_taken":110,"minecraft:walk_one_cm":21392,"minecraft:mob_kills":2,"minecraft:drop":2,"minecraft:damage_dealt":190,"minecraft:swim_one_cm":34113,"minecraft:interact_with_crafting_table":7,"minecraft:fly_one_cm":37361,"minecraft:crouch_one_cm":19280,"minecraft:play_time":29970,"minecraft:sneak_time":9944,"minecraft:walk_under_water_one_cm":6482,"minecraft:jump":335,"minecraft:leave_game":4,"minecraft:walk_on_water_one_cm":16031,"minecraft:time_since_death":29970,"minecraft:total_world_time":29970,"minecraft:fall_one_cm":5544},"minecraft:mined":{"minecraft:furnace":12,"minecraft:iron_ore":35,"minecraft:birch_log":17,"minecraft:andesite":4,"minecraft:birch_leaves":2,"minecraft:crafting_table":3,"minecraft:granite":6,"minecraft:grass":2,"minecraft:oak_log":10,"minecraft:grass_block":3,"minecraft:coal_ore":53,"minecraft:dirt":8,"minecraft:tall_grass":4,"minecraft:azalea_leaves":4,"minecraft:stone":171,"minecraft:sugar_cane":1,"minecraft:diorite":5,"minecraft:oak_leaves":4},"minecraft:used":{"minecraft:stone_pickaxe":262,"minecraft:iron_pickaxe":9,"minecraft:oak_planks":1,"minecraft:wooden_pickaxe":20,"minecraft:stone_axe":11,"minecraft:dirt":1,"minecraft:cobblestone":49,"minecraft:crafting_table":3,"minecraft:furnace":12,"minecraft:cooked_porkchop":2,"minecraft:andesite":1},"minecraft:dropped":{"minecraft:moss_block":1,"minecraft:wheat_seeds":1},"minecraft:killed":{"minecraft:pig":2},"minecraft:broken":{"minecraft:stone_pickaxe":2},"minecraft:picked_up":{"minecraft:birch_log":17,"minecraft:crafting_table":3,"minecraft:raw_iron":35,"minecraft:cooked_porkchop":5,"minecraft:andesite":4,"minecraft:porkchop":5,"minecraft:oak_log":10,"minecraft:diorite":5,"minecraft:dirt":11,"minecraft:wheat_seeds":1,"minecraft:granite":6,"minecraft:iron_ingot":33,"minecraft:moss_block":1,"minecraft:sugar_cane":3,"minecraft:coal":184,"minecraft:cobblestone":171,"minecraft:furnace":12},"minecraft:crafted":{"minecraft:oak_planks":24,"minecraft:shield":1,"minecraft:crafting_table":1,"minecraft:stick":16,"minecraft:iron_pickaxe":2,"minecraft:iron_ingot":2,"minecraft:wooden_pickaxe":1,"minecraft:stone_pickaxe":2,"minecraft:furnace":5,"minecraft:stone_axe":1,"minecraft:air":0}},"DataVersion":2975}