{"stats":{"minecraft:custom":{"minecraft:interact_with_furnace":30,"minecraft:mob_kills":4,"minecraft:interact_with_crafting_table":8,"minecraft:leave_game":6,"minecraft:time_since_death":58723,"minecraft:time_since_rest":58723,"minecraft:sprint_one_cm":133076,"minecraft:damage_taken":265,"minecraft:walk_one_cm":47258,"minecraft:drop":3,"minecraft:damage_dealt":489,"minecraft:swim_one_cm":65015,"minecraft:fly_one_cm":82456,"minecraft:crouch_one_cm":36889,"minecraft:play_time":58723,"minecraft:sneak_time":17850,"minecraft:walk_under_water_one_cm":8194,"minecraft:jump":651,"minecraft:walk_on_water_one_cm":19982,"minecraft:total_world_time":58723,"minecraft:fall_one_cm":10194},"minecraft:mined":{"minecraft:tuff":16,"minecraft:crafting_table":4,"minecraft:granite":6,"minecraft:grass_block":3,"minecraft:tall_grass":4,"minecraft:cobblestone":8,"minecraft:deepslate_gold_ore":2,"minecraft:lapis_ore":5,"minecraft:sugar_cane":7,"minecraft:diorite":5,"minecraft:furnace":13,"minecraft:birch_log":17,"minecraft:iron_ore":39,"minecraft:cobbled_deepslate":2,"minecraft:andesite":6,"minecraft:birch_leaves":2,"minecraft:grass":3,"minecraft:oak_log":10,"minecraft:coal_ore":53,"minecraft:deepslate_iron_ore":7,"minecraft:gravel":2,"minecraft:dirt":13,"minecraft:azalea_leaves":4,"minecraft:stone":273,"minecraft:oak_leaves":4,"minecraft:deepslate":161},"minecraft:used":{"minecraft:stone_pickaxe":262,"minecraft:oak_planks":1,"minecraft:wooden_pickaxe":20,"minecraft:dirt":1,"minecraft:crafting_table":4,"minecraft:iron_pickaxe":327,"minecraft:stone_axe":15,"minecraft:cobblestone":94,"minecraft:furnace":17,"minecraft:cooked_porkchop":4,"minecraft:andesite":6,"minecraft:bucket":1,"minecraft:cooked_beef":2,"minecraft:cobbled_deepslate":64},"minecraft:dropped":{"minecraft:iron_ingot":20,"minecraft:moss_block":1,"minecraft:wheat_seeds":1},"minecraft:killed":{"minecraft:pig":2,"minecraft:sheep":1,"minecraft:zombie":1},"minecraft:broken":{"minecraft:stone_pickaxe":2,"minecraft:iron_pickaxe":1},"minecraft:picked_up":{"minecraft:birch_log":17,"minecraft:crafting_table":4,"minecraft:andesite":6,"minecraft:tuff":9,"minecraft:oak_log":10,"minecraft:lapis_lazuli":32,"minecraft:dirt":16,"minecraft:wheat_seeds":1,"minecraft:cobbled_deepslate":162,"minecraft:raw_gold":2,"minecraft:iron_ingot":33,"minecraft:sugar_cane":10,"minecraft:moss_block":1,"minecraft:furnace":13,"minecraft:raw_iron":46,"minecraft:cooked_porkchop":5,"minecraft:torch":1,"minecraft:gravel":2,"minecraft:porkchop":5,"minecraft:diorite":5,"minecraft:rotten_flesh":2,"minecraft:granite":6,"minecraft:golden_apple":5,"minecraft:mutton":1,"minecraft:coal":184,"minecraft:white_wool":1,"minecraft:cobblestone":281},"minecraft:crafted":{"minecraft:oak_planks":24,"minecraft:crafting_table":1,"minecraft:wooden_pickaxe":1,"minecraft:furnace":5,"minecraft:bucket":1,"minecraft:stone_axe":1,"minecraft:air":0,"minecraft:shield":1,"minecraft:stick":16,"minecraft:iron_ingot":2,"minecraft:iron_pickaxe":2,"minecraft:stone_pickaxe":2}},"DataVersion":2975}