{"stats":{"minecraft:killed":{"minecraft:spider":1,"minecraft:skeleton":7,"minecraft:silverfish":1,"minecraft:drowned":1,"minecraft:husk":2,"minecraft:pig":5,"minecraft:zombie_villager":1,"minecraft:salmon":1,"minecraft:bat":1,"minecraft:creeper":2,"minecraft:sheep":12,"nethertitan:arambulo_verde":1,"minecraft:zombie":22,"nethertitan:arambulo_morado":6,"minecraft:cow":4},"minecraft:killed_by":{"minecraft:creeper":12,"nethertitan:arambulo":1,"nethertitan:arambulo_verde":3,"nethertitan:arambulo_morado":1},"minecraft:crafted":{"minecraft:oak_planks":96,"minecraft:cooked_chicken":10,"minecraft:furnace":6,"minecraft:bookshelf":4,"minecraft:diamond_helmet":1,"minecraft:iron_boots":1,"minecraft:iron_axe":1,"minecraft:stone_pickaxe":2,"minecraft:chest":3,"minecraft:diamond_boots":1,"d_remake_mod:deditas":6,"minecraft:crafting_table":4,"minecraft:enchanting_table":1,"minecraft:wooden_pickaxe":1,"minecraft:bucket":3,"minecraft:birch_planks":28,"minecraft:stone_axe":1,"minecraft:air":0,"minecraft:book":15,"minecraft:paper":57,"minecraft:diamond_pickaxe":1,"minecraft:shield":2,"minecraft:stick":24,"minecraft:iron_ingot":60,"minecraft:iron_pickaxe":6,"minecraft:iron_shovel":1,"minecraft:diamond_chestplate":1},"minecraft:picked_up":{"minecraft:crafting_table":6,"minecraft:iron_chestplate":5,"nethertitan:arambulo_pata_2":9,"minecraft:creeper_head":6,"nethertitan:arambulo_pata_3":41,"minecraft:shield":3,"minecraft:string":4,"minecraft:iron_axe":4,"minecraft:iron_leggings":5,"minecraft:zombie_head":1,"minecraft:oak_sign":3,"minecraft:cobbled_deepslate":2046,"minecraft:beef":20,"minecraft:iron_pickaxe":7,"minecraft:lectern":2,"minecraft:sugar_cane":329,"minecraft:chest":1,"minecraft:birch_sapling":1,"d_remake_mod:alma":1,"minecraft:iron_boots":2,"minecraft:furnace":13,"minecraft:stick":32,"minecraft:raw_iron":120,"minecraft:torch":75,"minecraft:porkchop":8,"minecraft:diorite":5,"minecraft:carrot":128,"minecraft:end_crystal":67,"minecraft:stone_sword":2,"nethertitan:arambulo_pata":11,"minecraft:arrow":11,"minecraft:rotten_flesh":43,"minecraft:diamond_boots":2,"minecraft:hay_block":34,"minecraft:totem_of_undying":1,"minecraft:gold_ingot":6,"minecraft:obsidian":68,"minecraft:mutton":20,"minecraft:white_wool":13,"minecraft:cobblestone":601,"minecraft:birch_log":24,"minecraft:cooked_beef":264,"minecraft:glow_ink_sac":1,"minecraft:andesite":6,"minecraft:salmon":2,"minecraft:leather":19,"minecraft:dark_oak_boat":1,"minecraft:birch_planks":2,"minecraft:flint":3,"minecraft:tuff":57,"minecraft:oak_log":52,"minecraft:gunpowder":11,"minecraft:lapis_lazuli":138,"minecraft:dirt":209,"minecraft:bone":16,"minecraft:wheat_seeds":2,"minecraft:raw_gold":2,"minecraft:iron_ingot":38,"minecraft:moss_block":1,"minecraft:iron_sword":4,"minecraft:oak_planks":89,"minecraft:book":15,"minecraft:cooked_porkchop":19,"minecraft:pumpkin":1,"minecraft:gravel":33,"minecraft:diamond":29,"minecraft:granite":6,"minecraft:golden_apple":6,"minecraft:oak_sapling":1,"minecraft:bricks":3,"minecraft:coal":189,"minecraft:diamond_pickaxe":2},"minecraft:used":{"minecraft:enchanting_table":1,"minecraft:iron_shovel":209,"minecraft:chest":4,"minecraft:shield":30,"minecraft:iron_sword":223,"minecraft:cooked_chicken":3,"minecraft:rotten_flesh":28,"minecraft:torch":7,"minecraft:dirt":93,"minecraft:mutton":19,"minecraft:tuff":4,"minecraft:obsidian":12,"minecraft:bricks":2,"minecraft:bookshelf":4,"minecraft:iron_axe":20,"minecraft:birch_sapling":1,"minecraft:beef":8,"minecraft:oak_sapling":2,"minecraft:furnace":18,"minecraft:cooked_beef":86,"minecraft:cobbled_deepslate":588,"minecraft:pumpkin":1,"minecraft:enchanted_golden_apple":4,"minecraft:water_bucket":30,"minecraft:birch_planks":11,"minecraft:stone_pickaxe":262,"minecraft:oak_planks":1,"minecraft:wooden_pickaxe":20,"minecraft:sugar_cane":90,"minecraft:crafting_table":7,"minecraft:iron_pickaxe":1515,"minecraft:stone_axe":15,"minecraft:cobblestone":157,"minecraft:end_crystal":26,"minecraft:porkchop":3,"minecraft:cooked_porkchop":9,"minecraft:andesite":6,"minecraft:bucket":33},"minecraft:dropped":{"minecraft:iron_ingot":49,"minecraft:moss_block":1,"minecraft:wheat_seeds":1,"minecraft:cooked_beef":56,"minecraft:oak_log":12,"minecraft:glow_ink_sac":1,"minecraft:diamond":1,"minecraft:crafting_table":1,"minecraft:cooked_porkchop":3,"minecraft:cobblestone":100,"minecraft:book":12,"minecraft:apple":15,"minecraft:coal":1,"minecraft:stick":17,"minecraft:torch":2,"minecraft:iron_axe":1,"minecraft:iron_pickaxe":2,"minecraft:string":2,"nethertitan:arambulo_pata":14,"minecraft:bricks":1,"minecraft:stone_sword":2,"minecraft:cobbled_deepslate":64,"minecraft:rotten_flesh":3,"minecraft:oak_planks":106,"minecraft:iron_boots":1,"minecraft:enchanted_golden_apple":2,"minecraft:totem_of_undying":1,"minecraft:carrot":128,"nethertitan:arambulo_pata_3":20,"minecraft:hay_block":17,"minecraft:diamond_pickaxe":2,"nethertitan:arambulo_pata_2":3,"minecraft:lectern":1},"minecraft:broken":{"minecraft:iron_chestplate":1,"minecraft:iron_leggings":1,"minecraft:stone_pickaxe":2,"minecraft:shield":1,"minecraft:iron_pickaxe":6},"minecraft:custom":{"minecraft:mob_kills":71,"minecraft:interact_with_crafting_table":37,"minecraft:open_shulker_box":1,"minecraft:leave_game":14,"minecraft:time_since_death":106667,"minecraft:damage_resisted":131,"minecraft:climb_one_cm":3571,"minecraft:sprint_one_cm":1388255,"minecraft:walk_one_cm":589296,"minecraft:damage_blocked_by_shield":3285,"minecraft:drop":54,"minecraft:damage_dealt_absorbed":4,"minecraft:talked_to_villager":22,"minecraft:play_time":453863,"minecraft:sneak_time":72024,"minecraft:deaths":27,"minecraft:walk_under_water_one_cm":57062,"minecraft:jump":8097,"minecraft:walk_on_water_one_cm":92436,"minecraft:total_world_time":453863,"minecraft:interact_with_furnace":72,"minecraft:traded_with_villager":2,"minecraft:time_since_rest":106675,"minecraft:damage_taken":15643,"minecraft:damage_absorbed":394,"minecraft:damage_dealt":13474,"minecraft:swim_one_cm":272961,"minecraft:player_kills":1,"minecraft:fly_one_cm":1879790,"minecraft:open_chest":80,"minecraft:crouch_one_cm":193705,"minecraft:fall_one_cm":232811},"minecraft:mined":{"minecraft:infested_deepslate":1,"minecraft:tuff":52,"minecraft:deepslate_diamond_ore":26,"minecraft:glow_lichen":1,"minecraft:granite":6,"minecraft:grass_block":37,"minecraft:oak_wall_sign":3,"minecraft:furnace":13,"minecraft:iron_ore":42,"minecraft:cobbled_deepslate":69,"minecraft:fire":1,"minecraft:andesite":6,"minecraft:pumpkin":1,"minecraft:deepslate_lapis_ore":17,"minecraft:bookshelf":1,"minecraft:deepslate_iron_ore":54,"minecraft:flowering_azalea_leaves":1,"minecraft:azalea_leaves":8,"minecraft:stone":278,"minecraft:crafting_table":4,"minecraft:torch":2,"minecraft:chest":1,"minecraft:tall_grass":4,"minecraft:cobblestone":8,"minecraft:lapis_ore":5,"minecraft:deepslate_gold_ore":2,"minecraft:sugar_cane":225,"minecraft:bricks":3,"minecraft:diorite":5,"minecraft:wall_torch":6,"minecraft:seagrass":1,"minecraft:birch_planks":2,"minecraft:birch_log":24,"minecraft:birch_leaves":2,"minecraft:grass":8,"minecraft:oak_log":16,"minecraft:coal_ore":57,"minecraft:gravel":42,"minecraft:dirt":176,"minecraft:oak_leaves":13,"minecraft:deepslate":1112}},"DataVersion":2975}