{
  "__COMMENT1": "To apply this configuration to all newly generated worlds",
  "__COMMENT2": "please place this configuration file into your config directory",
  "__COMMENT3": "with the following name: cpm-server-default.json",
  "skins": {
    "5ce46574-8b03-3806-9ba8-2bf4bf6cf0d6": {},
    "af6bb00a-b89a-3213-b846-0bf97b84d861": {},
    "322d79b0-476b-313d-9f76-f46aee5743dc": {}
  },
  "player_scaling": {
    "9f052ef4-a74f-36a2-abed-ef94470dba24": {},
    "1d13a732-8b00-381c-a6ea-735b0e181d1d": {},
    "1ff9731d-f042-3a2b-b0dd-ca14332d3e12": {},
    "a8701d63-bca5-3e43-a6c6-47953a4a18ac": {},
    "2c01687e-9bcf-371d-bd2f-374c5654e1ea": {},
    "55b0c623-9c95-3be9-b7a2-9e608060a8d7": {},
    "7b449b6c-b10d-3cfe-927c-236416798a39": {},
    "fa7ebe6a-4492-3d2e-9b64-c79aeba6df7a": {},
    "54e5a03f-d25e-3dce-968f-6c201bf5b8e6": {},
    "c4a80fb7-3c3a-39d5-9081-01826bf0200d": {},
    "1cc4b3f6-344d-3560-bdb4-347e48530d37": {},
    "585d5050-0f66-3d7c-97b4-18e611fa8dab": {},
    "c8ffd0ff-4c8f-3ea2-80cd-7039de147aa6": {},
    "46fc9e27-33ab-35ac-a682-7cddede2ee99": {},
    "272e07da-6195-3278-a98f-65b47ee7b6dd": {},
    "f5a86cea-88ba-3a67-8569-c1039c5c26ae": {},
    "50880a48-7d9a-3aef-b839-cb1cce30f595": {},
    "56d2901e-a52c-37f8-b735-25693668dd28": {},
    "681e92fb-f957-3f42-ab9b-6280b256be0f": {},
    "18a829d5-be55-37d2-82e3-fffe14ee9f12": {},
    "c2e17fff-56d3-3e46-aea0-8fed23cf0714": {},
    "322d79b0-476b-313d-9f76-f46aee5743dc": {},
    "de353b2d-368b-3aa2-9da4-4e02c424f71a": {}
  }
}