{
  "__COMMENT1": "To apply this configuration to all newly generated worlds",
  "__COMMENT2": "please place this configuration file into your config directory",
  "__COMMENT3": "with the following name: cpm-server-default.json",
  "skins": {},
  "player_scaling": {
    "9f052ef4-a74f-36a2-abed-ef94470dba24": {},
    "1d13a732-8b00-381c-a6ea-735b0e181d1d": {},
    "1ff9731d-f042-3a2b-b0dd-ca14332d3e12": {},
    "a8701d63-bca5-3e43-a6c6-47953a4a18ac": {},
    "2c01687e-9bcf-371d-bd2f-374c5654e1ea": {},
    "55b0c623-9c95-3be9-b7a2-9e608060a8d7": {},
    "7b449b6c-b10d-3cfe-927c-236416798a39": {},
    "fa7ebe6a-4492-3d2e-9b64-c79aeba6df7a": {},
    "54e5a03f-d25e-3dce-968f-6c201bf5b8e6": {},
    "c4a80fb7-3c3a-39d5-9081-01826bf0200d": {},
    "1cc4b3f6-344d-3560-bdb4-347e48530d37": {},
    "585d5050-0f66-3d7c-97b4-18e611fa8dab": {},
    "c8ffd0ff-4c8f-3ea2-80cd-7039de147aa6": {},
    "46fc9e27-33ab-35ac-a682-7cddede2ee99": {},
    "272e07da-6195-3278-a98f-65b47ee7b6dd": {}
  }
}