{
  "minecraft:adventure/root": {
    "criteria": {
      "killed_by_something": "2024-09-09 23:49:22 +0000"
    },
    "done": true
  },
  "minecraft:adventure/adventuring_time": {
    "criteria": {
      "minecraft:birch_forest": "2024-09-10 00:16:38 +0000",
      "minecraft:dark_forest": "2024-09-10 00:16:48 +0000",
      "minecraft:river": "2024-09-10 00:08:36 +0000",
      "minecraft:stony_shore": "2024-09-10 00:18:08 +0000",
      "minecraft:forest": "2024-09-09 23:44:39 +0000",
      "minecraft:ocean": "2024-09-10 00:18:11 +0000",
      "minecraft:old_growth_birch_forest": "2024-09-10 00:17:53 +0000",
      "minecraft:meadow": "2024-09-10 00:17:17 +0000"
    },
    "done": false
  },
  "DataVersion": 2975
}